path	git_blob_sha	size_bytes
docs/media/uploads/2020/05/بيار-داغر-6-333x227.jpg	0335cf4dab0598d3d4707a13d84d6d458125bfa9	19613
docs/media/uploads/2020/05/بيار-داغر-6-347x233.jpg	019be1f4991301184737cce99c6a376080b364fa	21055
docs/media/uploads/2020/05/بيار-داغر-6-359x240.jpg	5ed06278d2b8f3cc47d9d19339ec8affb7359219	21647
docs/media/uploads/2020/05/بيار-داغر-6-364x245.jpg	910117ed16715355f07428ba230cf0a93363a5f8	22400
docs/media/uploads/2020/05/بيار-داغر-6-367x237.jpg	e0e4f624df8b86579f37414c896d00df51b69d47	21956
docs/media/uploads/2020/05/بيار-داغر-6-36x36.jpg	6ec05abea53a761b7aef57cf3729ac249c04d411	1236
docs/media/uploads/2020/05/بيار-داغر-6-546x300.jpg	e7d2c857775824d40910dc0442b54137f319b253	35008
docs/media/uploads/2020/05/بيار-داغر-6-546x365.jpg	80d17c3d15ca83b30d3dc82d1b5d4ff4f6271aac	41837
docs/media/uploads/2020/05/بيار-داغر-6-576x392.jpg	39170c8914fc68a3400ea151b48945ad62e89627	45398
docs/media/uploads/2020/05/بيار-داغر-6-702x432.jpg	c9401254bd5db782ce80f072dd4beba21b37cc15	55571
docs/media/uploads/2020/05/بيار-داغر-6-765x510.jpg	3ad0f30278bf4354a644ecf5093964909126d73f	67595
docs/media/uploads/2020/05/بيار-داغر-6-80x54.jpg	e443c7948ebca07a732a40e59c9bc274167e4321	2256
docs/media/uploads/2020/05/بيار-داغر-6-81x55.jpg	4d4480cb33c94b40128a67b115074bac5ea28a08	2371
docs/media/uploads/2020/05/بيار-داغر-6-85x57.jpg	7fcafc4805d797c497bce33f1c9b2d50bb3de95c	2556
docs/media/uploads/2020/05/بيار-داغر-6.jpg	d1baafdc996898c11d1d21bafdc96a3e2f1fe2ef	91958
docs/media/uploads/2020/05/جرار-112x75.jpg	775c35073333c35ba0a6ae2ec70cdfd8a382f5f3	3186
docs/media/uploads/2020/05/جرار-130x87.jpg	9fdfddbb9db97d917c53bb321e8619c057a092e7	3804
docs/media/uploads/2020/05/جرار-150x150.jpg	8128b261638be8a2643f853981dc40d3a328aadf	37847
docs/media/uploads/2020/05/جرار-165x109.jpg	2e1164598a4a100c879197beede67646b7c3adce	5192
docs/media/uploads/2020/05/جرار-170x113.jpg	03e1d358a801f725d231dc407981b3c0d291f5d4	5660
docs/media/uploads/2020/05/جرار-179x116.jpg	f2e2741f89d990759de0039f286317c5897f120e	6079
docs/media/uploads/2020/05/جرار-179x120.jpg	7f3c5dedea8054c3f1c113526614d931704a9ce8	6026
docs/media/uploads/2020/05/جرار-266x179.jpg	034db948f34f643f775176ab5fa8c4c26589a8ef	42157
docs/media/uploads/2020/05/جرار-274x183.jpg	761b8a20b9cbff97011121b8c27de492e74cdeae	11720
docs/media/uploads/2020/05/جرار-300x200.jpg	5bd6f485c2e57bb5062074f512ae2aaefbcf7b4e	13351
docs/media/uploads/2020/05/جرار-333x227.jpg	71a00c96d33199340665757cbb872d1a27b6284f	15959
docs/media/uploads/2020/05/جرار-347x233.jpg	fcf5c0d33686e9d8f647d61f498b43984a80a5d3	17234
docs/media/uploads/2020/05/جرار-359x240.jpg	e7d19b96fc5aa9498a3b42992ef2bf15a47f4c10	17604
docs/media/uploads/2020/05/جرار-364x245.jpg	90a15fb84ab095498a78b5ee42273b9f411758ac	18390
docs/media/uploads/2020/05/جرار-367x237.jpg	847f396fed8b16d40641c6efc492181f214a214a	18176
docs/media/uploads/2020/05/جرار-36x36.jpg	0473d8a6a9cf7a7df26955588716023de86d9c1c	1329
docs/media/uploads/2020/05/جرار-546x300.jpg	1df289c67bd0877ecd3f87a056f832a8dea3c310	29209
docs/media/uploads/2020/05/جرار-546x365.jpg	bbadaac1363811250c75aa21d939ee4f1b2a8077	34209
docs/media/uploads/2020/05/جرار-576x392.jpg	1402410e17c006af923d3ffa6110642bc77ce34e	38112
docs/media/uploads/2020/05/جرار-702x432.jpg	5306df96fc8960fa10753d3afd79ca86e49152db	46324
docs/media/uploads/2020/05/جرار-765x510.jpg	83e2ea81f86f5b8d5ebcb920760fefc1f0f0a554	55700
docs/media/uploads/2020/05/جرار-80x54.jpg	1ac7f230f7b56031d8139424ead6f3dff3f2f5cd	2090
docs/media/uploads/2020/05/جرار-81x55.jpg	6f4210722f7b95a6eae7eb72ff4b04a3010fe57a	2144
docs/media/uploads/2020/05/جرار-85x57.jpg	31636d266440e3aaa906ef65c1ce426095b9c28f	2384
docs/media/uploads/2020/05/جرار.jpg	c9e5c4ad10f4e138eae8d8e2a07d8ce04e69eca1	80523
docs/media/uploads/2020/05/جمال-السعيدي-1-112x75.jpg	a57ff79dc589066bb7143492509e735e0a5bfc2b	3277
docs/media/uploads/2020/05/جمال-السعيدي-1-130x87.jpg	393cfd47f5f25ab6b15ad3012ebad014d553d4eb	4093
docs/media/uploads/2020/05/جمال-السعيدي-1-150x150.jpg	749587f7a203c5c8f5e1ff5c5ae0b69a76ab463c	6748
docs/media/uploads/2020/05/جمال-السعيدي-1-165x109.jpg	834b8b2977dee3da7cdb058c91c2b4f9a188cbfc	5958
docs/media/uploads/2020/05/جمال-السعيدي-1-170x113.jpg	dbf725cb949645042a43eedeb6f3d81e0dc4d839	6316
docs/media/uploads/2020/05/جمال-السعيدي-1-179x116.jpg	877350b7d79438156fcff4214f57682cffed4060	6844
docs/media/uploads/2020/05/جمال-السعيدي-1-179x120.jpg	1b99bb508737398754f3fdf17a12182f6c6df77a	6751
docs/media/uploads/2020/05/جمال-السعيدي-1-266x179.jpg	742bea515352b894f43831f7d0ebb141eb945270	13754
docs/media/uploads/2020/05/جمال-السعيدي-1-274x183.jpg	9001aabc6508781e4ddf9048363d3dd550dcf22c	14218
docs/media/uploads/2020/05/جمال-السعيدي-1-300x200.jpg	6765e459da6e6b8972dca658578eba1eefbf4c34	16268
docs/media/uploads/2020/05/جمال-السعيدي-1-333x227.jpg	a2459117e46dd3ab1c97a2cfa6002719f8578436	20260
docs/media/uploads/2020/05/جمال-السعيدي-1-347x233.jpg	073ec564616c934e8205d57d6194cb14c3f1ec1d	21678
docs/media/uploads/2020/05/جمال-السعيدي-1-359x240.jpg	30c0618753243bb0eda727ea3a98d95823f0385f	22399
docs/media/uploads/2020/05/جمال-السعيدي-1-364x245.jpg	eba4088a2974a8ae8649cec514b1b22669d135be	23364
docs/media/uploads/2020/05/جمال-السعيدي-1-367x237.jpg	555625b137a4b8b9d0187a47b4fbda7191cf5231	23120
docs/media/uploads/2020/05/جمال-السعيدي-1-36x36.jpg	cdfe822cfb6ed3b2984470ad6dc9363653f80f5a	1072
docs/media/uploads/2020/05/جمال-السعيدي-1-546x300.jpg	e666fef20da3a782d0a1158fbe27e0820c83b1e2	39466
docs/media/uploads/2020/05/جمال-السعيدي-1-546x365.jpg	7a49e19a358fdacd1e2c9c05343b027c754f30b2	45683
docs/media/uploads/2020/05/جمال-السعيدي-1-576x392.jpg	692bfdf5bd6d4dad52dad3fcaf93dcb36410a755	49812
docs/media/uploads/2020/05/جمال-السعيدي-1-702x432.jpg	c678ccb6fbcc7fc9408923dfd5317842d643fa77	62184
docs/media/uploads/2020/05/جمال-السعيدي-1-765x510.jpg	bb729524daa72522167d1c3a1bb43a3b4d77f1b5	75267
docs/media/uploads/2020/05/جمال-السعيدي-1-80x54.jpg	22c98f30644dc292962249d8448f5b1f8d2c1307	2005
docs/media/uploads/2020/05/جمال-السعيدي-1-81x55.jpg	3a121e3fbaf15e39910af4d0c7cc9bc21e61cff0	2072
docs/media/uploads/2020/05/جمال-السعيدي-1-85x57.jpg	b1b23a3330852e4eb981e32882f10a164dc23cef	2226
docs/media/uploads/2020/05/جمال-السعيدي-1.jpg	58e50f381041b34e1bc6f8c201c51c5688a2ab53	104804
docs/media/uploads/2020/05/جمال-السعيدي-2-112x75.jpg	aef982b17231705f7b392408cb13cb533fae9725	3600
docs/media/uploads/2020/05/جمال-السعيدي-2-130x87.jpg	1625f8c74880a51cbf18bc0bd0259bb2fc1f2b72	4591
docs/media/uploads/2020/05/جمال-السعيدي-2-150x150.jpg	1b956aab912e41154bad2dae2f4b4c061a21b749	8596
docs/media/uploads/2020/05/جمال-السعيدي-2-165x109.jpg	c61ffa63deaf5df5feaeb8282c52853b00af7603	6807
docs/media/uploads/2020/05/جمال-السعيدي-2-170x113.jpg	e8567045faeeae23c4aa6b0de9250c7d1f86f744	7352
docs/media/uploads/2020/05/جمال-السعيدي-2-179x116.jpg	77a4fc2b88296ac397dc39f6528098451c693381	7970
docs/media/uploads/2020/05/جمال-السعيدي-2-179x120.jpg	b9bb2396af4944fc498f191ff2ad08a2fe4c34d5	7936
docs/media/uploads/2020/05/جمال-السعيدي-2-266x179.jpg	756d96278c8446457fd3ba90c67a6b870b86605b	16571
docs/media/uploads/2020/05/جمال-السعيدي-2-274x183.jpg	9936331333828a6a93128f2da445fab6f1385eaa	17308
docs/media/uploads/2020/05/جمال-السعيدي-2-300x200.jpg	e9600a12f39246c595bd6d27e3000efcdc3e79b8	19799
docs/media/uploads/2020/05/جمال-السعيدي-2-333x227.jpg	941f7994ce572d9556c6923fb2fd5703a9585444	24952
docs/media/uploads/2020/05/جمال-السعيدي-2-347x233.jpg	03930ae8c64705dde730f590ed2dc8db8fbac56b	26729
docs/media/uploads/2020/05/جمال-السعيدي-2-359x240.jpg	f23d5497d4de688ee957046c58140842523ccb46	27812
docs/media/uploads/2020/05/جمال-السعيدي-2-364x245.jpg	b1b729c2f25d2181da97358764b0ad268ebb11b9	28842
docs/media/uploads/2020/05/جمال-السعيدي-2-367x237.jpg	92a22d2f899b92609eecfcf11386c9bf1e39f803	28358
docs/media/uploads/2020/05/جمال-السعيدي-2-36x36.jpg	e39c47a2e4aae56c8b99a335ba00e9c6b2f3ef76	1141
docs/media/uploads/2020/05/جمال-السعيدي-2-546x300.jpg	d503ed79bdaf83d5246fcad4851ce8c9a271d17f	47489
docs/media/uploads/2020/05/جمال-السعيدي-2-546x365.jpg	4a86bf10dbff02ceb55c8169c1614a634d044c34	56604
docs/media/uploads/2020/05/جمال-السعيدي-2-576x392.jpg	54caafe2944d185f244f4468055394de73d22fc5	61416
docs/media/uploads/2020/05/جمال-السعيدي-2-702x432.jpg	5369298e440442a4e60dbb3b4566955e3d926109	75265
docs/media/uploads/2020/05/جمال-السعيدي-2-765x510.jpg	128c5a933a9add0cebabea5eced62d4d45d1f7a5	92230
docs/media/uploads/2020/05/جمال-السعيدي-2-80x54.jpg	4d4690d6a7c2ba5d8593987a4beaa1c0a062fff1	2121
docs/media/uploads/2020/05/جمال-السعيدي-2-81x55.jpg	32a0914f9b8c930983368ad704029ad23fadeaf6	2229
docs/media/uploads/2020/05/جمال-السعيدي-2-85x57.jpg	de2bbb5135857d16c13a60c07303743400785c2f	2421
docs/media/uploads/2020/05/جمال-السعيدي-2.jpg	68615d34a6f49131cac64a0c81bc8d00848d4c7c	122583
docs/media/uploads/2020/05/جمال-السعيدي-3-112x75.jpg	5445bc818207cf071a9ac2ef80bb34aed8dec7fb	2785
docs/media/uploads/2020/05/جمال-السعيدي-3-130x87.jpg	0404a0d705efc06777158f3e8ff5eacbe9c30bfd	3305
docs/media/uploads/2020/05/جمال-السعيدي-3-150x150.jpg	315db7b118eb67ba46aace2d82c950d3d4c0e0a8	6141
docs/media/uploads/2020/05/جمال-السعيدي-3-165x109.jpg	51280bb423d552903b27f4d24bac52a826cc5f62	4546
docs/media/uploads/2020/05/جمال-السعيدي-3-170x113.jpg	54e0177deef276a7c86b0647a3d85edd32d08cff	4898
docs/media/uploads/2020/05/جمال-السعيدي-3-179x116.jpg	c0359b55bdc906b70e3bed6671f53de77355e41a	5172
docs/media/uploads/2020/05/جمال-السعيدي-3-179x120.jpg	1b1b54552f3fc6c6c60bb8f9bff581591fccf804	5168
docs/media/uploads/2020/05/جمال-السعيدي-3-266x179.jpg	28d2ce771d59fac161855046bb7f71c1b76d6a3f	9942
docs/media/uploads/2020/05/جمال-السعيدي-3-274x183.jpg	585384c1b120f4d5d3a65a5b83d6010ce583d269	10159
docs/media/uploads/2020/05/جمال-السعيدي-3-300x200.jpg	8faf05b1a708afce41bdb1c76a79c3958b2b548c	11582
docs/media/uploads/2020/05/جمال-السعيدي-3-333x227.jpg	41924ed63c2a1e82916df0a1da4c27c2c0eece5b	14240
docs/media/uploads/2020/05/جمال-السعيدي-3-347x233.jpg	2d3ae449022f24c92b27cb4a08d5cab2324c238f	15000
docs/media/uploads/2020/05/جمال-السعيدي-3-359x240.jpg	55a04dd853d328cce71efd208ebbc5069c0a2567	15556
docs/media/uploads/2020/05/جمال-السعيدي-3-364x245.jpg	3ef3e48785b9895ff4e836c9064fc2931998f54c	16117
docs/media/uploads/2020/05/جمال-السعيدي-3-367x237.jpg	0c178b79e7810f78c51a18cec3b8460bea83ecb6	15882
docs/media/uploads/2020/05/جمال-السعيدي-3-36x36.jpg	869843caeaa928e7492516ce93fb2d7904d433ca	1087
docs/media/uploads/2020/05/جمال-السعيدي-3-546x300.jpg	a50c7fbab83d48b00481c016426e5fc77b820b11	25698
docs/media/uploads/2020/05/جمال-السعيدي-3-546x365.jpg	bc8d6a4be31fca3efdb71cdabd1a031a0050d499	30013
docs/media/uploads/2020/05/جمال-السعيدي-3-576x392.jpg	2a1ea59a5dce5e1fc6642ade8aebaaabeb755e36	32356
docs/media/uploads/2020/05/جمال-السعيدي-3-702x432.jpg	501eace638632a7e334e763d05b6eba2fd1378a1	39473
docs/media/uploads/2020/05/جمال-السعيدي-3-765x510.jpg	8b225540cc863dd92ed19dcfac9ab372b62bdc3b	48175
docs/media/uploads/2020/05/جمال-السعيدي-3-80x54.jpg	38b2e5e80613b3980af09fb039ab0f84db544f87	1809
docs/media/uploads/2020/05/جمال-السعيدي-3-81x55.jpg	11f8c144c7d2dc800021f486cd622ddd2b959570	1838
docs/media/uploads/2020/05/جمال-السعيدي-3-85x57.jpg	4fe9133c88813ca80e162aab8bf06f595050e783	1937
docs/media/uploads/2020/05/جمال-السعيدي-3.jpg	68a8347671e9b73ec3e16c51301ea95ef67975e8	78634
docs/media/uploads/2020/05/جمال-السعيدي-4-112x75.jpg	7f2ef20a8ee6fc9cfb26fba8ae217f4d1bf508ec	32360
docs/media/uploads/2020/05/جمال-السعيدي-4-130x87.jpg	2c5a23be19db0ccf6bb1e400286e85165d1d8f19	3609
docs/media/uploads/2020/05/جمال-السعيدي-4-150x150.jpg	4e10ce428239c69efe882e068dee08a587a746d5	6613
docs/media/uploads/2020/05/جمال-السعيدي-4-165x109.jpg	4ebdf6214d2fedf06611e80b6000f6864ee5f0ef	34600
docs/media/uploads/2020/05/جمال-السعيدي-4-170x113.jpg	6ac1f9e500a830953368956c1251c93dc59fec31	34962
docs/media/uploads/2020/05/جمال-السعيدي-4-179x116.jpg	a0192f89c4912447d59379da9f7a96f6b691f2c8	35405
docs/media/uploads/2020/05/جمال-السعيدي-4-179x120.jpg	56046c6b71a1a1716312c123033426d5eea1e53a	35330
docs/media/uploads/2020/05/جمال-السعيدي-4-266x179.jpg	46fd0c61ed155cadf433c6048fd3e2f54a7e0937	41090
docs/media/uploads/2020/05/جمال-السعيدي-4-274x183.jpg	a5dd1485a92b759007df2214d339eded4b080432	11793
docs/media/uploads/2020/05/جمال-السعيدي-4-300x200.jpg	d904f52aaf3b3ff6844debdef25673fe145d36fd	13474
docs/media/uploads/2020/05/جمال-السعيدي-4-333x227.jpg	f3590926b7455577929115f66b67e0d6e1c95a16	46591
docs/media/uploads/2020/05/جمال-السعيدي-4-347x233.jpg	1324d9b28a292596478281005884c5f4b94a5f96	47609
docs/media/uploads/2020/05/جمال-السعيدي-4-359x240.jpg	604890b567521bb8ebd40c5f3914f8c85cb4d920	18540
docs/media/uploads/2020/05/جمال-السعيدي-4-364x245.jpg	21e573abfc9eae1ba1de719b0527a7e9ad28d437	19000
docs/media/uploads/2020/05/جمال-السعيدي-4-367x237.jpg	1da2dd9be59e6d0870161d32f433cbc6cd764885	49090
docs/media/uploads/2020/05/جمال-السعيدي-4-36x36.jpg	2e489f854f88015a448a0b9f71a2419e0003e2fe	30495
docs/media/uploads/2020/05/جمال-السعيدي-4-546x300.jpg	fc0123bfd4e2065a0950c06e98e84803b1f1395f	62787
docs/media/uploads/2020/05/جمال-السعيدي-4-546x365.jpg	5070d8afebb114933f4cd360f943b49d0a060e90	67341
docs/media/uploads/2020/05/جمال-السعيدي-4-576x392.jpg	724e743b415d2763bf3ef4e0825f310a5550959d	70734
docs/media/uploads/2020/05/جمال-السعيدي-4-702x432.jpg	665f9f1498a22ea68615c8ba6de900819829d2a4	81165
docs/media/uploads/2020/05/جمال-السعيدي-4-765x510.jpg	e6a4f5509a7e331244841cc89c57f33f8ff95273	90732
docs/media/uploads/2020/05/جمال-السعيدي-4-80x54.jpg	d6d4a9fb3d4ee2aa184a445817fbe04cebcfd0e7	1888
docs/media/uploads/2020/05/جمال-السعيدي-4-81x55.jpg	a1bb1ecabcdab1cee4da0cdd718aaff598538a66	31333
docs/media/uploads/2020/05/جمال-السعيدي-4-85x57.jpg	80251f5a9df76ee1a7e904f9ddbae272a98c2a26	31449
docs/media/uploads/2020/05/جمال-السعيدي-4.jpg	308d96b91d8478d0fb4b1f4157c839a1a8cfcef7	93118
docs/media/uploads/2020/05/جمال-السعيدي-5-112x75.jpg	fc88acabb32f26cf0ca3bfa1af234d1a81e37c0c	30467
docs/media/uploads/2020/05/جمال-السعيدي-5-130x87.jpg	42617a1e9c21b100a5011047562f673791445b62	3535
docs/media/uploads/2020/05/جمال-السعيدي-5-150x150.jpg	2a1748bc29693d5eca03c895ce1facb8bdbb7d85	5635
docs/media/uploads/2020/05/جمال-السعيدي-5-165x109.jpg	3a358bb642efb0782a42197d2765065b2b9e1b23	5012
docs/media/uploads/2020/05/جمال-السعيدي-5-170x113.jpg	ce95f8eaa37ce9867c9ddc21359915b0f79975ac	33037
docs/media/uploads/2020/05/جمال-السعيدي-5-179x116.jpg	bbb096618e84b1644d4402a8bcae2f13a43f9275	33452
docs/media/uploads/2020/05/جمال-السعيدي-5-179x120.jpg	3992453ffd17eb8ce067ba72be0b7a9f168cead2	33425
docs/media/uploads/2020/05/جمال-السعيدي-5-266x179.jpg	e895121514fe8048e960fc6a8408446c5a7717ac	11485
docs/media/uploads/2020/05/جمال-السعيدي-5-274x183.jpg	8f389b38b8aff17c85815680bbe0934d221874d0	11865
docs/media/uploads/2020/05/جمال-السعيدي-5-300x200.jpg	7a7e2f05c15a0bf41c060f7fb262e7376d5e154f	13561
docs/media/uploads/2020/05/جمال-السعيدي-5-333x227.jpg	2f518c7ea10834c825c26436373ec7ffd9b6ac7b	43874
docs/media/uploads/2020/05/جمال-السعيدي-5-347x233.jpg	407214880809a08152bee11d989c070bdd93e48f	45046
docs/media/uploads/2020/05/جمال-السعيدي-5-359x240.jpg	e8a9bbcfc2491482956029b16d030dabb2e5ac42	18218
docs/media/uploads/2020/05/جمال-السعيدي-5-364x245.jpg	30aeb0e33c6114d83756bc32221a3746fc7fc2c4	18808
docs/media/uploads/2020/05/جمال-السعيدي-5-367x237.jpg	e575d9a6c0fc38bc1019b520e67274cc169cec86	46266
docs/media/uploads/2020/05/جمال-السعيدي-5-36x36.jpg	d0d07cf9024d4eeddf8e8e0be2da59044c6618ed	28616
docs/media/uploads/2020/05/جمال-السعيدي-5-546x300.jpg	57ef6f86c1d37721b649d97101134a1b2f2c88cc	59028
docs/media/uploads/2020/05/جمال-السعيدي-5-546x365.jpg	e69ca90df394ab1002e8c1a4cdf390683fb6d534	35240
docs/media/uploads/2020/05/جمال-السعيدي-5-576x392.jpg	32e5668916d2c3065f56fc2ae41c97dface7e855	65411
docs/media/uploads/2020/05/جمال-السعيدي-5-702x432.jpg	9dcd53525a45ed8a85d44a7b494bb82f4d0a906b	75244
docs/media/uploads/2020/05/جمال-السعيدي-5-765x510.jpg	2d969979d8fb2d93ac0300e5ebeff126f6f1ebf7	83783
docs/media/uploads/2020/05/جمال-السعيدي-5-80x54.jpg	ecc425162bbb6046b705af16310cc376727280b9	1747
docs/media/uploads/2020/05/جمال-السعيدي-5-81x55.jpg	bb7ad2b2143b649f0d2e139bddfef359756e309b	29481
docs/media/uploads/2020/05/جمال-السعيدي-5-85x57.jpg	632c395bf434bb2d4afe516b92385c507ef4ae0f	1937
docs/media/uploads/2020/05/جمال-السعيدي-5.jpg	cf008a3807a93236506b43e8a4f1fbae17e0a7cf	76685
docs/media/uploads/2020/05/جمال-السعيدي-6-112x75.jpg	e60f52371da3aa2d18250b0eb687ec6edfabc2b7	2975
docs/media/uploads/2020/05/جمال-السعيدي-6-130x87.jpg	0a6b0be59fabfb7582d75e9899512c3ab60f2525	3792
docs/media/uploads/2020/05/جمال-السعيدي-6-150x150.jpg	42af2eb1311761decf3842e9cf51d48a1cd8a172	7440
docs/media/uploads/2020/05/جمال-السعيدي-6-165x109.jpg	13cdada997a0a9e1b95ba5a45939e426462271eb	5874
docs/media/uploads/2020/05/جمال-السعيدي-6-170x113.jpg	0030a627904b3142f03a2fe3987b84919969182b	6340
docs/media/uploads/2020/05/جمال-السعيدي-6-179x116.jpg	1254dc9f969057c7778d67625f4cf9c2a1ff1ec3	6873
docs/media/uploads/2020/05/جمال-السعيدي-6-179x120.jpg	92ede294d31fed58ba0cdb9982264654cf1753bd	6870
docs/media/uploads/2020/05/جمال-السعيدي-6-266x179.jpg	218e31b2bababa9e651ba11c54fab2ee496eef9d	15893
docs/media/uploads/2020/05/جمال-السعيدي-6-274x183.jpg	a630490a21f71b3e8ea9798cfaa483cd46c6eed0	16457
docs/media/uploads/2020/05/جمال-السعيدي-6-300x200.jpg	92b1ec99913a2cb50331b58b8931c3ebd8727476	19053
docs/media/uploads/2020/05/جمال-السعيدي-6-333x227.jpg	8b1660d35bda0255a9fba3a1a524f752e7e40cdc	24827
docs/media/uploads/2020/05/جمال-السعيدي-6-347x233.jpg	ba95aab86eac7a451af8afa9475f1a20e7ce543a	26667
docs/media/uploads/2020/05/جمال-السعيدي-6-359x240.jpg	5b9d4626b380b8ccde4bcd0a609eddbcd4276a7f	27548
docs/media/uploads/2020/05/جمال-السعيدي-6-364x245.jpg	5444a3399ed6c9c3db03d858b005e587ffead526	29020
docs/media/uploads/2020/05/جمال-السعيدي-6-367x237.jpg	6cf5c58601b8dc35a6d37cee2856a3e0381fb68e	28301
docs/media/uploads/2020/05/جمال-السعيدي-6-36x36.jpg	92cdf0ad53aa5457684c232c0486c9f803870dcb	957
docs/media/uploads/2020/05/جمال-السعيدي-6-546x300.jpg	115221d4ef21e1e14915d9741abd95fa96f98a4d	50877
docs/media/uploads/2020/05/جمال-السعيدي-6-546x365.jpg	2ea8facb0ac6366b429d9b64f94c5a9bab92804a	60448
docs/media/uploads/2020/05/جمال-السعيدي-6-576x392.jpg	0a184bc5536d313f0315a236871f654562856542	66541
docs/media/uploads/2020/05/جمال-السعيدي-6-702x432.jpg	b2b040663edbb5e420f3a6974cc93bcf0c4ae5ea	83009
docs/media/uploads/2020/05/جمال-السعيدي-6-765x510.jpg	7c9adbc0f33f8388c1230ee46e7d69304c481cbd	102037
docs/media/uploads/2020/05/جمال-السعيدي-6-80x54.jpg	bd91d31e88e9020c9a79c49ee1dfe62ed380d47e	1729
docs/media/uploads/2020/05/جمال-السعيدي-6-81x55.jpg	609f16075529be51a0693847f10931391a6f40d5	1816
docs/media/uploads/2020/05/جمال-السعيدي-6-85x57.jpg	c358c3ca89480077633759cebd3db2181d31d372	1944
docs/media/uploads/2020/05/جمال-السعيدي-6.jpg	dc44d46d1989fce1552fe39a6db8dce7afcf0b3b	123545
docs/media/uploads/2020/05/جمال-السعيدي-7-112x75.jpg	9e34bbcf9b998d412da9564491418a30fc853829	3341
docs/media/uploads/2020/05/جمال-السعيدي-7-130x87.jpg	88584d46f0309c811ef859fbbd1dbabbefa29f3d	4070
docs/media/uploads/2020/05/جمال-السعيدي-7-150x150.jpg	9f38d7f61377d477d93439bdf63e87274c514e95	7281
docs/media/uploads/2020/05/جمال-السعيدي-7-165x109.jpg	8d255c41f20dd0ed048257842572825508202b1f	5891
docs/media/uploads/2020/05/جمال-السعيدي-7-170x113.jpg	0de8f205dfae75b04f4f58c9ffa0bcff46c32529	6370
docs/media/uploads/2020/05/جمال-السعيدي-7-179x116.jpg	ad3f40f40ca8f4d90a76169f325ad77fc8188643	6760
docs/media/uploads/2020/05/جمال-السعيدي-7-179x120.jpg	1dafbf72d680a57687b9d65bf6ea6a5cc2d6cf80	6721
docs/media/uploads/2020/05/جمال-السعيدي-7-266x179.jpg	c17dc1b7ad9f97462f501371193f280f85f2e7c0	13705
docs/media/uploads/2020/05/جمال-السعيدي-7-274x183.jpg	12ff85aecf1a5e5263a35201f7abe475bb5fc37e	14144
docs/media/uploads/2020/05/جمال-السعيدي-7-300x200.jpg	2cfe0365f2b32acdd411c58de751d2ff742c2886	16329
docs/media/uploads/2020/05/جمال-السعيدي-7-333x227.jpg	740907331acf01aa4aa3ae89f0476487223a97fb	20506
docs/media/uploads/2020/05/جمال-السعيدي-7-347x233.jpg	51b0c1c67995fdbb61dda35d4028c7e9a992f45b	21922
docs/media/uploads/2020/05/جمال-السعيدي-7-359x240.jpg	0419c2f669c2a006a85e5eb779569119745ff9e4	22740
docs/media/uploads/2020/05/جمال-السعيدي-7-364x245.jpg	23dfd5ae6c641f3c3a331a6f26adccd4804100be	23747
docs/media/uploads/2020/05/جمال-السعيدي-7-367x237.jpg	03488a5e013f75799cc625eb705dc7d13b65a334	23156
docs/media/uploads/2020/05/جمال-السعيدي-7-36x36.jpg	13441288b2695f13356d73969ab152c3f586cb1f	1145
docs/media/uploads/2020/05/جمال-السعيدي-7-546x300.jpg	82bb37105ef091085d936e3a2f76bb9b2a61f565	40211
docs/media/uploads/2020/05/جمال-السعيدي-7-546x365.jpg	d2b977521cf3feda7afc1497e7459aceae95a82a	48179
docs/media/uploads/2020/05/جمال-السعيدي-7-576x392.jpg	2b9d33edf29d4ddf87e1745550968388d0931885	53001
docs/media/uploads/2020/05/جمال-السعيدي-7-702x432.jpg	39809ae69aed59f4c5ab0ca7785fbf4459102d79	66216
docs/media/uploads/2020/05/جمال-السعيدي-7-765x510.jpg	e754fc78c107f35b8ee3dfd518a05a9a9de039ad	81565
docs/media/uploads/2020/05/جمال-السعيدي-7-80x54.jpg	d49f4fa954c49ab0b2e219f032a91c224ec7a4e4	2030
docs/media/uploads/2020/05/جمال-السعيدي-7-81x55.jpg	2231e561f011fff547b32bbab88bf0b2f0aa333d	2108
docs/media/uploads/2020/05/جمال-السعيدي-7-85x57.jpg	de76db000bf578ced86a0706787b1bbd655ca527	2309
docs/media/uploads/2020/05/جمال-السعيدي-7.jpg	b37a72f85ff2fd073e50eb369d41c80c3a1af87e	103936
docs/media/uploads/2020/05/جمال-السعيدي10-112x75.jpg	599b45081b78b970db9e6016c594789fc25dad9f	3931
docs/media/uploads/2020/05/جمال-السعيدي10-130x87.jpg	6c7555233d76cd91e00b8e6587c6fb16b9f27444	4989
docs/media/uploads/2020/05/جمال-السعيدي10-150x150.jpg	5dbc4b5385d6eaf67ed2e0e234d0aa06066b37d7	8912
docs/media/uploads/2020/05/جمال-السعيدي10-165x109.jpg	92c5f4128a3603015512b60c003bb04c613a11d8	7353
docs/media/uploads/2020/05/جمال-السعيدي10-170x113.jpg	ff766542eba6b6a018e742950e16b563d1982695	7855
docs/media/uploads/2020/05/جمال-السعيدي10-179x116.jpg	24045acd2ea7bf8f875ed098cfdc2ec9b7b626f9	8381
docs/media/uploads/2020/05/جمال-السعيدي10-179x120.jpg	9359012605e106aa65e2998e6d7fa54dc5843a22	8399
docs/media/uploads/2020/05/جمال-السعيدي10-266x179.jpg	2db6d456e39af73424ac260fb22d9f8aca2e5f72	17491
docs/media/uploads/2020/05/جمال-السعيدي10-274x183.jpg	01a4317ecb29a390e3bccd2488ec1ea4a3752fdd	18148
docs/media/uploads/2020/05/جمال-السعيدي10-300x200.jpg	8584f3be0581c470c954ca1a48745429df7dc2fe	20950
docs/media/uploads/2020/05/جمال-السعيدي10-333x227.jpg	47c45997061314e37ab6e3f2a70b5f292a514dee	26222
docs/media/uploads/2020/05/جمال-السعيدي10-347x233.jpg	803879e631fe720f8e1fea8aee2e3afdf8ad8a39	28039
docs/media/uploads/2020/05/جمال-السعيدي10-359x240.jpg	ac7824007a3fd5ebad0982a8439e87c979fc1ce4	29180
docs/media/uploads/2020/05/جمال-السعيدي10-364x245.jpg	5501f17d0778dad390a089628550a58d8e9b91c3	30319
docs/media/uploads/2020/05/جمال-السعيدي10-367x237.jpg	6b7275bb9175a83d0c15d0e7c9a1eb422ce1e291	29915
docs/media/uploads/2020/05/جمال-السعيدي10-36x36.jpg	99a90c942e984e781401b16fc043db4ffee651cd	1225
docs/media/uploads/2020/05/جمال-السعيدي10-546x300.jpg	a19b27db8a6d7b371b45d48b5f0edebe6e9f070d	51562
docs/media/uploads/2020/05/جمال-السعيدي10-546x365.jpg	2d0cbd7a9b5cb66cafcafef4f24be54120bf5e41	60368
docs/media/uploads/2020/05/جمال-السعيدي10-576x392.jpg	046d9d643ceab2947c051c5bad2a231a01fc65d0	66902
docs/media/uploads/2020/05/جمال-السعيدي10-702x432.jpg	df40017c65d84397cfab909e6ac66ef0b9b11727	83223
docs/media/uploads/2020/05/جمال-السعيدي10-765x510.jpg	661ccf96c2d32fe988467da660996bb8ad26d0f7	100608
docs/media/uploads/2020/05/جمال-السعيدي10-80x54.jpg	117223f4474737e97337100a96fc5aa9f2b5d051	2343
docs/media/uploads/2020/05/جمال-السعيدي10-81x55.jpg	d970442516863299073fc2c9809013adf37eaea2	2453
docs/media/uploads/2020/05/جمال-السعيدي10-85x57.jpg	d6dcd1d606fd56255dcc4e06ee3c12e381e918ff	2647
docs/media/uploads/2020/05/جمال-السعيدي10.jpg	0a1620687d98e28fe70524feb9befe3879189ea2	143602
docs/media/uploads/2020/05/جمال-السعيدي11-112x75.jpg	cf416bbfb97ba4adc8c55732bad39707d1ad412d	3634
docs/media/uploads/2020/05/جمال-السعيدي11-130x87.jpg	d8f31ef6fc97eb48503d497b4fbeac6c0b00a132	4454
docs/media/uploads/2020/05/جمال-السعيدي11-150x150.jpg	fb1258d773043f393cb8697806e9ee335ae6c6dc	7981
docs/media/uploads/2020/05/جمال-السعيدي11-165x109.jpg	1ae9289824f4432f1b065e1d8378bb3bd41630d0	6460
docs/media/uploads/2020/05/جمال-السعيدي11-170x113.jpg	5121f6ac733828640481c319d90fd54236ce1387	6985
docs/media/uploads/2020/05/جمال-السعيدي11-179x116.jpg	5964a6e463559497550825b811d80671a45b9d15	7449
docs/media/uploads/2020/05/جمال-السعيدي11-179x120.jpg	ee039efb4491467ab3c41d1ba4b0d553ec89aef1	7455
docs/media/uploads/2020/05/جمال-السعيدي11-266x179.jpg	e7ecdecd7fe57c05745f2526b0463a76182e4d56	15033
docs/media/uploads/2020/05/جمال-السعيدي11-274x183.jpg	e8a42b17bfbb6aac9b3926fabad33af541511214	15528
docs/media/uploads/2020/05/جمال-السعيدي11-300x200.jpg	93d4ba416daac149bf56fcd2d8af7f9506c7c60e	17924
docs/media/uploads/2020/05/جمال-السعيدي11-333x227.jpg	9c25655fcf3531b8897d279894cac6271f50a4da	22109
docs/media/uploads/2020/05/جمال-السعيدي11-347x233.jpg	fb10064b0b9094e6e64c0c90bec587687cb9f529	23531
docs/media/uploads/2020/05/جمال-السعيدي11-359x240.jpg	585364385ba809129fa64f35cf017c2ef3e57fb5	24555
docs/media/uploads/2020/05/جمال-السعيدي11-364x245.jpg	9f794c16b6dcf5933274990b90ee439280066606	25477
docs/media/uploads/2020/05/جمال-السعيدي11-367x237.jpg	3e667b496b1191a1abc0c61fb4a86cc717602eb9	24981
docs/media/uploads/2020/05/جمال-السعيدي11-36x36.jpg	4c86d8979592f9a2c5b4655ee683a8c87573e050	1200
docs/media/uploads/2020/05/جمال-السعيدي11-546x300.jpg	e1cb6597677efe0d21568163cf68a46d9f97e36e	41425
docs/media/uploads/2020/05/جمال-السعيدي11-546x365.jpg	abb81f983c49f4244780a2f6cc267db2c0e89243	49400
docs/media/uploads/2020/05/جمال-السعيدي11-576x392.jpg	adf83feb334f82c9bdf27a272272174523c3f18c	54240
docs/media/uploads/2020/05/جمال-السعيدي11-702x432.jpg	515c213ab4fc7f41edaf79cca9fad2e1e7a25ad3	66484
docs/media/uploads/2020/05/جمال-السعيدي11-765x510.jpg	69f443077c42dfbdf7da534cbf24722379064abf	81074
docs/media/uploads/2020/05/جمال-السعيدي11-80x54.jpg	2ed28a9ebbdb547c560d816cefa4d8d3f83c37cb	2191
docs/media/uploads/2020/05/جمال-السعيدي11-81x55.jpg	d9ddeaf53dc9869ab882ad0a21a044d58af293fd	2284
docs/media/uploads/2020/05/جمال-السعيدي11-85x57.jpg	6ca907065bf840461f3752a27c20fe8a573a6feb	2458
docs/media/uploads/2020/05/جمال-السعيدي11.jpg	e643cc673ad874343d52f0f77173e9552c9a7a2f	116458
docs/media/uploads/2020/05/جمال-السعيدي12-112x75.jpg	1c52f23165a17a7cb2debeb997269000e0145214	33425
docs/media/uploads/2020/05/جمال-السعيدي12-130x87.jpg	90c53cc61c8feb81a4f94b2104a7f70a22ef8d79	4510
docs/media/uploads/2020/05/جمال-السعيدي12-150x150.jpg	ea13cea449df28625d5740c9524f26699d408c9d	39563
docs/media/uploads/2020/05/جمال-السعيدي12-165x109.jpg	e4fd101c864e4df934a2bb3233c3da50a2a8ccfa	36557
docs/media/uploads/2020/05/جمال-السعيدي12-170x113.jpg	6135aafe130b12d4d8aad649899b82095a468bf5	36762
docs/media/uploads/2020/05/جمال-السعيدي12-179x116.jpg	b5041b246f3660385e239fcdc96e91e29698aafd	37216
docs/media/uploads/2020/05/جمال-السعيدي12-179x120.jpg	57f84385060f41dc51f2519704212b8195303bd8	37428
docs/media/uploads/2020/05/جمال-السعيدي12-266x179.jpg	6293cb84e1a6fde9030cd3b8caf524b6eeca9810	45228
docs/media/uploads/2020/05/جمال-السعيدي12-274x183.jpg	df13dc8128ea2be54904895d01c49a773a88b2a1	15729
docs/media/uploads/2020/05/جمال-السعيدي12-300x200.jpg	471da5c5db705d56125600853f496c5c6e95f030	17998
docs/media/uploads/2020/05/جمال-السعيدي12-333x227.jpg	a090382e410a65c3c69ba4a9deb0112d28c9180a	53390
docs/media/uploads/2020/05/جمال-السعيدي12-347x233.jpg	4e8f35822ba7e8e02ec7c1647d24450b9d9624d0	54665
docs/media/uploads/2020/05/جمال-السعيدي12-359x240.jpg	081e5da6f5086e8174b5b595630e9de01b4eb5cb	25529
docs/media/uploads/2020/05/جمال-السعيدي12-364x245.jpg	252e35007186ecceb6e0d368b85c917f55a5db29	25952
docs/media/uploads/2020/05/جمال-السعيدي12-367x237.jpg	b62240e55195ea6d18e750df6fcdc4668e1b0dc5	56280
docs/media/uploads/2020/05/جمال-السعيدي12-36x36.jpg	665c647d9a2d9b00086f9c189720902e056dafb3	30881
docs/media/uploads/2020/05/جمال-السعيدي12-546x300.jpg	32ea422ab623df54bb4f4b4a08ac70d730fbee40	75615
docs/media/uploads/2020/05/جمال-السعيدي12-546x365.jpg	92b3f2f010cc06d6942ba799d07a30d92007da8a	98400
docs/media/uploads/2020/05/جمال-السعيدي12-576x392.jpg	a0a97650e47f015ce79303f15acb7fde105d5697	89993
docs/media/uploads/2020/05/جمال-السعيدي12-702x432.jpg	932f188ed4d9282f4d3b13303e746f0e67a5a641	104789
docs/media/uploads/2020/05/جمال-السعيدي12-765x510.jpg	a5b080748eb49103012e6769cbcc5af30d9b9da8	119838
docs/media/uploads/2020/05/جمال-السعيدي12-80x54.jpg	1d724ae60362c72c805208f6bb3c1d6061017243	2256
docs/media/uploads/2020/05/جمال-السعيدي12-81x55.jpg	1860b33f3d7aa11e3386930f9e542bfdae45e510	32061
docs/media/uploads/2020/05/جمال-السعيدي12-85x57.jpg	4651a1b05a408a61d5b0bd9cdeac382813cebec2	2511
docs/media/uploads/2020/05/جمال-السعيدي12.jpg	30bd8c19facb19d05fa13ae7851adcb6df1ae3e8	129384
docs/media/uploads/2020/05/جمال-السعيدي13-112x75.jpg	50c71792dff402bf60e717026ad6f53f433e9178	34046
docs/media/uploads/2020/05/جمال-السعيدي13-130x87.jpg	90da6111603d0aa4815fb31b3eb3a18c0077c28c	4810
docs/media/uploads/2020/05/جمال-السعيدي13-150x150.jpg	ac84ebdfc91b67ff8eef012a9389ad04dfc2352d	7949
docs/media/uploads/2020/05/جمال-السعيدي13-165x109.jpg	c8c6790190c2a4c326364a44e65b3c7a751d38f6	6904
docs/media/uploads/2020/05/جمال-السعيدي13-170x113.jpg	badd777458e9df02e3736ba08d700ddc4f448bf3	37630
docs/media/uploads/2020/05/جمال-السعيدي13-179x116.jpg	6905a722b42f1a9f489529bc0857bd13c192352b	38126
docs/media/uploads/2020/05/جمال-السعيدي13-179x120.jpg	0d9614ba12bf042be04009ff6d95af7d0596250b	38197
docs/media/uploads/2020/05/جمال-السعيدي13-266x179.jpg	5c3b921a78c451e92aea41b4bdba304dbc2a7c10	15489
docs/media/uploads/2020/05/جمال-السعيدي13-274x183.jpg	33ea1ea183ee9e96cdee64c28742a48bc2ecf862	15911
docs/media/uploads/2020/05/جمال-السعيدي13-300x200.jpg	64d919d3cc88ec8c1b1133d449cf5711c66a1dfa	18227
docs/media/uploads/2020/05/جمال-السعيدي13-333x227.jpg	d895a92b33a93d1ea33166216029d8db7aa3ca79	53150
docs/media/uploads/2020/05/جمال-السعيدي13-347x233.jpg	df97ac24bbcc1834ecbe1427d7048a23e8b83154	24074
docs/media/uploads/2020/05/جمال-السعيدي13-359x240.jpg	d3ccd1f856f6d81b38beb376d8c3b080a433f9bd	24983
docs/media/uploads/2020/05/جمال-السعيدي13-364x245.jpg	53119276f021101d89a7f48d7cb9c497c66d63aa	25922
docs/media/uploads/2020/05/جمال-السعيدي13-367x237.jpg	7d0d55b1c8b135b2b508265251756b7b4b676cb7	56144
docs/media/uploads/2020/05/جمال-السعيدي13-36x36.jpg	34557d4f1dd0bef112a25e1dffc5b24965a988bd	31362
docs/media/uploads/2020/05/جمال-السعيدي13-546x300.jpg	40b5dc1ac5dee671ae536e83c215260cbf4e22cd	72432
docs/media/uploads/2020/05/جمال-السعيدي13-546x365.jpg	455eb34328268f2e74af1c3bd6b18797f1c7e34f	49873
docs/media/uploads/2020/05/جمال-السعيدي13-576x392.jpg	87ada0850aae8f470eb496fb8a3151ac62537306	86065
docs/media/uploads/2020/05/جمال-السعيدي13-702x432.jpg	de704231a7a6f6301153a632fb45b5be4bbb4a77	98300
docs/media/uploads/2020/05/جمال-السعيدي13-765x510.jpg	9430f464abd42c1c81de8658f0c1dc5cc10c0cf4	113552
docs/media/uploads/2020/05/جمال-السعيدي13-80x54.jpg	6d8729f431e13430dc4eb40941f5ec1a31179c6e	2365
docs/media/uploads/2020/05/جمال-السعيدي13-81x55.jpg	60bb7350be90eb8a72e84572bad4c1739623a8c1	32649
docs/media/uploads/2020/05/جمال-السعيدي13-85x57.jpg	67785e450dfd608bdc1382de35e74c89d8a36705	2687
docs/media/uploads/2020/05/جمال-السعيدي13.jpg	c39c586f9ccee62a1ab62fe04ca986774416ace0	120982
docs/media/uploads/2020/05/جمال-السعيدي14-112x75.jpg	767e9fff88ee48e9b7f4346da97b393657e1ea73	4210
docs/media/uploads/2020/05/جمال-السعيدي14-130x87.jpg	227bd90eb99e4e25c686b01e962d5d07eae16a2d	5334
docs/media/uploads/2020/05/جمال-السعيدي14-150x150.jpg	743bcf65416311e3ed7f4772bcb4b0ddf9332893	9011
docs/media/uploads/2020/05/جمال-السعيدي14-165x109.jpg	958dc14920945bc1e7b3caa37266ac3ef9e81331	7740
docs/media/uploads/2020/05/جمال-السعيدي14-170x113.jpg	9a3810088f8b902af5358891d35dcfdb1fc275ac	8268
docs/media/uploads/2020/05/جمال-السعيدي14-179x116.jpg	cc05caafb00ce016880d44e5ad864560963500a9	8829
docs/media/uploads/2020/05/جمال-السعيدي14-179x120.jpg	d6e3eadfb4201cc2ce99c0ed9c006bd6a6610409	8820
docs/media/uploads/2020/05/جمال-السعيدي14-266x179.jpg	b7c2931aa5dc54d3bad1971a784099ba380053ac	17984
docs/media/uploads/2020/05/جمال-السعيدي14-274x183.jpg	7a2b102a73809a968f8a376a56faddb2e91443eb	18476
docs/media/uploads/2020/05/جمال-السعيدي14-300x200.jpg	2259917e174fc5bcab10f9cb8152f0ed15f53904	21206
docs/media/uploads/2020/05/جمال-السعيدي14-333x227.jpg	431e0b0146f702d3452903e35aa17e4259c10d6c	26448
docs/media/uploads/2020/05/جمال-السعيدي14-347x233.jpg	cc7d8f8181e9e5975e719a017c42ad0458b1ccf9	28077
docs/media/uploads/2020/05/جمال-السعيدي14-359x240.jpg	46f98db1f6b6d93c088a6482ee868fd40892b7c9	29142
docs/media/uploads/2020/05/جمال-السعيدي14-364x245.jpg	48630e14b1f2987d715576972e60670e78929f89	30472
docs/media/uploads/2020/05/جمال-السعيدي14-367x237.jpg	18cfc3583f1f69cb1f94fc6ae6569d2257ffec21	29830
docs/media/uploads/2020/05/جمال-السعيدي14-36x36.jpg	98561830669fcbf7428db413d72963642b8087c3	1265
docs/media/uploads/2020/05/جمال-السعيدي14-546x300.jpg	1c5eba685af298954e0f959404a71276bba0c67a	50533
docs/media/uploads/2020/05/جمال-السعيدي14-546x365.jpg	2805f91913c87e025390556c5300ff1f1d213c34	59642
docs/media/uploads/2020/05/جمال-السعيدي14-576x392.jpg	55626f013ed674ce7365789abb173415967654db	65504
docs/media/uploads/2020/05/جمال-السعيدي14-702x432.jpg	1d9539e0fa9837bf372581dacf7d5627ead822a0	80617
docs/media/uploads/2020/05/جمال-السعيدي14-765x510.jpg	da3ce4e60f18d7741f1253f8871d44aaf3d10d28	98786
docs/media/uploads/2020/05/جمال-السعيدي14-80x54.jpg	f14e54bee296331cfb87b9090ed83e5d95134c23	2490
docs/media/uploads/2020/05/جمال-السعيدي14-81x55.jpg	e045fec3db35297d9d9d5322b468fe69f68e2937	2620
docs/media/uploads/2020/05/جمال-السعيدي14-85x57.jpg	4a5713b0c49e39c3e6c70bcf17662eacff2641ab	2840
docs/media/uploads/2020/05/جمال-السعيدي14.jpg	e6c575189b0e511f9dca21d4d34b9d8a2944b636	141953
docs/media/uploads/2020/05/جمال-السعيدي15-112x75.jpg	b80a1a0d4cf618673dc1b3722ca9d0a0baba5614	39146
docs/media/uploads/2020/05/جمال-السعيدي15-130x87.jpg	860e722d79efb073e60bb95d2fc90b1881f378bf	40595
docs/media/uploads/2020/05/جمال-السعيدي15-150x150.jpg	7b997a99d44def0563fbf345836014428ad76d66	45763
docs/media/uploads/2020/05/جمال-السعيدي15-165x109.jpg	e19311f39c84a04bac06eb4b0220ecca92d38f3c	43903
docs/media/uploads/2020/05/جمال-السعيدي15-170x113.jpg	6ec150deffe72d8b5f1d46739997d8acb874e388	44584
docs/media/uploads/2020/05/جمال-السعيدي15-179x116.jpg	440759c023bbc410fe213d74018d493869c1d958	45346
docs/media/uploads/2020/05/جمال-السعيدي15-179x120.jpg	46be2502574367c41a830eea9cf3947debc2f323	45415
docs/media/uploads/2020/05/جمال-السعيدي15-266x179.jpg	f0b94bcff2d9c75d3546d6a8e7d6de51b8616060	58086
docs/media/uploads/2020/05/جمال-السعيدي15-274x183.jpg	6abed880f5c4dff1a2f88c0e0eb74d1691587cae	58907
docs/media/uploads/2020/05/جمال-السعيدي15-300x200.jpg	b51dc6e235689a5c2fa7d3a03d7f155110068a44	62451
docs/media/uploads/2020/05/جمال-السعيدي15-333x227.jpg	aa89c52f16f0bde8163dafbf7e0ebc3b008b8006	70349
docs/media/uploads/2020/05/جمال-السعيدي15-347x233.jpg	06da772942bda52cb409d3d87a7d360bf4421f53	72445
docs/media/uploads/2020/05/جمال-السعيدي15-359x240.jpg	953e4428c5a1bbe9af2bf16a8a5c95d369ee893c	74069
docs/media/uploads/2020/05/جمال-السعيدي15-364x245.jpg	1d81dcad242213943d250cf04c5523451580f736	75829
docs/media/uploads/2020/05/جمال-السعيدي15-367x237.jpg	35477a86a66baeff104dbd521a98cdc76333b070	74580
docs/media/uploads/2020/05/جمال-السعيدي15-36x36.jpg	556bb4d8e355131d5809f3ca4fdaef03607b74d9	35422
docs/media/uploads/2020/05/جمال-السعيدي15-546x300.jpg	7a610dbc30d77fbf124444461b9ccb05c31ebb9c	103266
docs/media/uploads/2020/05/جمال-السعيدي15-546x365.jpg	e09c65631f11525780267c768873f02be4360981	116668
docs/media/uploads/2020/05/جمال-السعيدي15-576x392.jpg	750e09f46b4f50fc15ce7324a9901c6927080bd5	125154
docs/media/uploads/2020/05/جمال-السعيدي15-702x432.jpg	da6e710799f81a823979f9f25b0c6cc34ac6eaf1	145591
docs/media/uploads/2020/05/جمال-السعيدي15-765x510.jpg	4d5b14c4c47642a46a43579051a0b45d6b0e6719	170683
docs/media/uploads/2020/05/جمال-السعيدي15-80x54.jpg	c5487d450938db9fb6d7c8e028b91c2526d7c27d	36935
docs/media/uploads/2020/05/جمال-السعيدي15-81x55.jpg	a66e5e87f63f70f009408e07b237d805cc99d707	37083
docs/media/uploads/2020/05/جمال-السعيدي15-85x57.jpg	a8d23b33db0f6378a99b401270465d65e8b2e181	37350
docs/media/uploads/2020/05/جمال-السعيدي15.jpg	2dc3bade71d688557714bdb64cb5d49a3176a074	184849
docs/media/uploads/2020/05/جمال-السعيدي8-112x75.jpg	bc9b0596a6f0d13a70c1dc1af6e95afce23a0ba2	3614
docs/media/uploads/2020/05/جمال-السعيدي8-130x87.jpg	98241e44df6dbc37695df48f1bf618e5bb204bd4	4603
docs/media/uploads/2020/05/جمال-السعيدي8-150x150.jpg	6f85fb69abd9fd936115d1c291a546ea9db9edef	8301
docs/media/uploads/2020/05/جمال-السعيدي8-165x109.jpg	b4741830a5cbaa40ed0931c1f8e890a42a41fd73	6801
docs/media/uploads/2020/05/جمال-السعيدي8-170x113.jpg	c5445d6d08c9451cccca42119bc48649e10865d1	7333
docs/media/uploads/2020/05/جمال-السعيدي8-179x116.jpg	2cbef76eed8b5a0994557e2ee144dbc3e980ea75	7824
docs/media/uploads/2020/05/جمال-السعيدي8-179x120.jpg	9b91f57e28d419d7138c38159a7c2a7283c8e8c2	7855
docs/media/uploads/2020/05/جمال-السعيدي8-266x179.jpg	3333534d9ea113bb636991635997265b7e5cada6	16703
docs/media/uploads/2020/05/جمال-السعيدي8-274x183.jpg	0637809a87682f983ecaba2927271e540f6c7894	17243
docs/media/uploads/2020/05/جمال-السعيدي8-300x200.jpg	1ee6fa29f5139560585d47ea69d4d90c9174acfc	19882
docs/media/uploads/2020/05/جمال-السعيدي8-333x227.jpg	3dd57d03b99f0eab0c4679e9d3388572a035a83b	25143
docs/media/uploads/2020/05/جمال-السعيدي8-347x233.jpg	233068e28311bffb8f7aabebbfa1f8a97be80495	26938
docs/media/uploads/2020/05/جمال-السعيدي8-359x240.jpg	0265c962d2fad13777b875263f3848a17d808e4c	28091
docs/media/uploads/2020/05/جمال-السعيدي8-364x245.jpg	2ce630ca19ccd1a5605cacf57a4efe6f7a6b2fd5	29255
docs/media/uploads/2020/05/جمال-السعيدي8-367x237.jpg	0ae85a5719253e536438d854d36c1400ea789f94	28396
docs/media/uploads/2020/05/جمال-السعيدي8-36x36.jpg	cc0d959ddea02d7843b813995927472348d39dba	1191
docs/media/uploads/2020/05/جمال-السعيدي8-546x300.jpg	3e5b3c518cfc9c6e9116bca73d0017ef38e7939d	48440
docs/media/uploads/2020/05/جمال-السعيدي8-546x365.jpg	09328a23b848708212bd4860879b9f729de2171f	58742
docs/media/uploads/2020/05/جمال-السعيدي8-576x392.jpg	a6fae6ac2cad27979a8bf599bcb26ed11e007768	64416
docs/media/uploads/2020/05/جمال-السعيدي8-702x432.jpg	251429f142f19c1df55cadb96e7a074e231d4893	79887
docs/media/uploads/2020/05/جمال-السعيدي8-765x510.jpg	05f64edb5a57e0e6b0361c4584bbb9703d61f547	98697
docs/media/uploads/2020/05/جمال-السعيدي8-80x54.jpg	28a0ae8abaf18df0a08cb3b2303142484f0c4877	2183
docs/media/uploads/2020/05/جمال-السعيدي8-81x55.jpg	ea349da711da52a4ff6e331f6445d0c7eac0e03e	2294
docs/media/uploads/2020/05/جمال-السعيدي8-85x57.jpg	ab6255ce1781d691d336ed3a2e8626f63b7e83bc	2459
docs/media/uploads/2020/05/جمال-السعيدي8.jpg	d94a01f559aca65c688b36a4bf96eea1b6c0e73d	120190
docs/media/uploads/2020/05/جمال-السعيدي9-112x75.jpg	8265f32dbc46cb7a94e177ba8031c93961248c10	3283
docs/media/uploads/2020/05/جمال-السعيدي9-130x87.jpg	d4b4a34e908dcc359426987fd64f3793d66b1c86	4144
docs/media/uploads/2020/05/جمال-السعيدي9-150x150.jpg	8befd13f8b66a9f56afb95efa56b4b935b14060c	6636
docs/media/uploads/2020/05/جمال-السعيدي9-165x109.jpg	747ec054fc5bd08b7b3106aaa925bfa617bd6280	5836
docs/media/uploads/2020/05/جمال-السعيدي9-170x113.jpg	0d1702c54e9abdada6e80ac796c081027f601f59	6225
docs/media/uploads/2020/05/جمال-السعيدي9-179x116.jpg	db6dabed165580d0214056284422f15a80e93ea0	6642
docs/media/uploads/2020/05/جمال-السعيدي9-179x120.jpg	3e44ecac678c073e1e889716bd5ba845cc289c2c	6575
docs/media/uploads/2020/05/جمال-السعيدي9-266x179.jpg	756c24cb19f7fa8f49f56b20a3bb0fe393b1c9a1	12632
docs/media/uploads/2020/05/جمال-السعيدي9-274x183.jpg	041492fc2a1ba3dc05d57699c0d3b8183b19658a	13148
docs/media/uploads/2020/05/جمال-السعيدي9-300x200.jpg	351a4fb742f8fd876a7bb2e5322879bcc7a0c7b3	14860
docs/media/uploads/2020/05/جمال-السعيدي9-333x227.jpg	5031e7d689e98f7f10b6540938d1e75b7275a712	17937
docs/media/uploads/2020/05/جمال-السعيدي9-347x233.jpg	d3d4a766562a52acb120b69fd8d9202daecbbfe5	19060
docs/media/uploads/2020/05/جمال-السعيدي9-359x240.jpg	955dcad8edcd42ac423d874b1321a6af442bda0c	19888
docs/media/uploads/2020/05/جمال-السعيدي9-364x245.jpg	7e5a69289c739bb11dda69b20106f2a11f54211e	20502
docs/media/uploads/2020/05/جمال-السعيدي9-367x237.jpg	7c6376d09b1fad5d6a42fa44a93ea533cc549e4f	20314
docs/media/uploads/2020/05/جمال-السعيدي9-36x36.jpg	0ea88fe1960053e0fba03b4ba9d6fe4e3c4e3049	1151
docs/media/uploads/2020/05/جمال-السعيدي9-546x300.jpg	d514bbe674da607f4710d0c1dadf2e6d0d1fca75	32802
docs/media/uploads/2020/05/جمال-السعيدي9-546x365.jpg	79691c66317d799673fdf44848b106fbb1312a82	38055
docs/media/uploads/2020/05/جمال-السعيدي9-576x392.jpg	f1425958df205ea531d9e1d68f540469d9ad02c6	41217
docs/media/uploads/2020/05/جمال-السعيدي9-702x432.jpg	282ccdc6b1686a14f4ad0ee4eff548e9793d6cbf	50654
docs/media/uploads/2020/05/جمال-السعيدي9-765x510.jpg	36341d2016b716cd392a9299a4c85beb4a4d2d89	60962
docs/media/uploads/2020/05/جمال-السعيدي9-80x54.jpg	3a9a339e730354a7ba7dcd50b255e833870a0dbd	2065
docs/media/uploads/2020/05/جمال-السعيدي9-81x55.jpg	953a561993e9b6ec003604bfdfdf926a9b5a7575	2146
docs/media/uploads/2020/05/جمال-السعيدي9-85x57.jpg	2cbe12acb6502c8145cbd32ab1021a37e5855c85	2333
docs/media/uploads/2020/05/جمال-السعيدي9.jpg	cfbcc51326cf77f3ede9cdb0e98513746dae0270	97009
docs/media/uploads/2020/05/خبر-كاذب-112x75.jpg	2d40016592f32ee8b4d671fbcfa59fb0e986d2dc	41049
docs/media/uploads/2020/05/خبر-كاذب-130x87.jpg	7d716a81949ea5820d92a4c6d32163fd9ab8ab7a	6817
docs/media/uploads/2020/05/خبر-كاذب-150x150.jpg	cf6f21f20bcc570c68a9d5fd20d06ec7314b9ac5	12443
docs/media/uploads/2020/05/خبر-كاذب-165x109.jpg	0684a4916753599304a1d29a0f467e2431c9dc06	10312
docs/media/uploads/2020/05/خبر-كاذب-170x113.jpg	d33b64be70f1b72651483de07fa8812b35c202ab	47041
docs/media/uploads/2020/05/خبر-كاذب-179x116.jpg	d877bdcc79f0fb7bfaa3fbcef9625e2053868feb	48006
docs/media/uploads/2020/05/خبر-كاذب-179x120.jpg	e98dd312e42184863ecd06c5860c5e91583ec051	48157
docs/media/uploads/2020/05/خبر-كاذب-266x179.jpg	ee57341a8b31c19a133e3f78ef933fad4b8c37aa	24832
docs/media/uploads/2020/05/خبر-كاذب-274x183.jpg	01ef9759b24ad2d2dcf0b932f045e4c96823728d	25651
docs/media/uploads/2020/05/خبر-كاذب-300x200.jpg	3ec8ce14a8aa5cf1d05ebdf29dbe8970750bf1ea	29304
docs/media/uploads/2020/05/خبر-كاذب-333x227.jpg	99508a99dcfa5188362b27775a471c81008ef2dc	75056
docs/media/uploads/2020/05/خبر-كاذب-347x233.jpg	c4a1a1c8b17c19cd763f1815bec0089f7ef95fa4	77921
docs/media/uploads/2020/05/خبر-كاذب-359x240.jpg	0ddf7ff74c750018a73e5e5e012e1d29c3f136ef	41287
docs/media/uploads/2020/05/خبر-كاذب-364x245.jpg	a00cabd75087fc558f6d35db09a5553712745fc5	43209
docs/media/uploads/2020/05/خبر-كاذب-367x237.jpg	b27e150dfbf1f9bd3c2351fef1ecf802d693e8a5	80407
docs/media/uploads/2020/05/خبر-كاذب-36x36.jpg	52436fb548fd1c470d501fb3160640f3c52f47a9	36866
docs/media/uploads/2020/05/خبر-كاذب-546x300.jpg	b79635c81a8113fc1532ae68af7e332c84addd44	111567
docs/media/uploads/2020/05/خبر-كاذب-546x365.jpg	de840e9d6cb7fafaeade1cc9c7f14811fd2a8a13	86585
docs/media/uploads/2020/05/خبر-كاذب-576x392.jpg	424764ba2e1ff47466e61945a1dd16be14a79be1	136777
docs/media/uploads/2020/05/خبر-كاذب-702x432.jpg	7d287d70d6e36d27f96cd698f7cfc9d9943877ce	159020
docs/media/uploads/2020/05/خبر-كاذب-765x510.jpg	5af5bbed3eaf804525d41fc6e2dd44fa376f8aed	187192
docs/media/uploads/2020/05/خبر-كاذب-80x54.jpg	67a1bb3dc71309dcae9c6af3873c1090bf5c8523	2971
docs/media/uploads/2020/05/خبر-كاذب-81x55.jpg	11a680bd729d153644130c0c97e591ad1008f23f	38735
docs/media/uploads/2020/05/خبر-كاذب-85x57.jpg	a45049400e023498a242ce810d5d373527e19a34	3431
docs/media/uploads/2020/05/خبر-كاذب.jpg	88574ade8c5083fa19b64562c4c71a14afb2a3b6	184064
docs/media/uploads/2020/05/خنافس-112x75.jpg	86e620c9531cb8a915c79627826211b641255d7a	3610
docs/media/uploads/2020/05/خنافس-130x87.jpg	c35023e98458ca90fc9c6c4da19fe880d965ba70	4465
docs/media/uploads/2020/05/خنافس-150x150.jpg	d2b5ee42afb748acfdb4912d8e2c76ec47d78208	7738
docs/media/uploads/2020/05/خنافس-165x109.jpg	0a07dde5edcba11b91c36695c8531a7c7cb3cb47	6349
docs/media/uploads/2020/05/خنافس-170x113.jpg	d727ee28a9052cc5a0de5ddf32b950d727c97523	6826
docs/media/uploads/2020/05/خنافس-179x116.jpg	da91ec351fbad03d12d934fb3c6edbe3a007dd96	7203
docs/media/uploads/2020/05/خنافس-179x120.jpg	14f6414698219cabbebf6182129e4563cee901f4	7231
docs/media/uploads/2020/05/خنافس-266x179.jpg	494caa829bce9ae02848dd43a17bdb9598c95f25	13649
docs/media/uploads/2020/05/خنافس-274x183.jpg	a62777a7bdf57efccfeb4c774e8ac4d51d9e621d	14151
docs/media/uploads/2020/05/خنافس-300x200.jpg	18956aaeeb589905a3062532a575219cbfa2d1d0	16054
docs/media/uploads/2020/05/خنافس-333x227.jpg	a611e483dd0bbafead6a49fa64547e842739e296	19823
docs/media/uploads/2020/05/خنافس-347x233.jpg	a9f2277290415abe42a24307c02eac5b2dd04316	20667
docs/media/uploads/2020/05/خنافس-359x240.jpg	0cc0dbfed3dd59a2d9e492de1f134d57a93effcc	21561
docs/media/uploads/2020/05/خنافس-364x245.jpg	8bfae2c79df4367b66eef68c8ef1b98828a0a699	22151
docs/media/uploads/2020/05/خنافس-367x237.jpg	2e8dedbee45aa3b4fab648835dca7c38f7725a45	21688
docs/media/uploads/2020/05/خنافس-36x36.jpg	1473ee2e1d1d950893815513c5b1c330d12a0323	1179
docs/media/uploads/2020/05/خنافس-546x300.jpg	659563dc23765adbbfa1fd41a5b1c4cb45e92c08	35760
docs/media/uploads/2020/05/خنافس-546x365.jpg	b76a0d2c5c4218b4992e00f65e0451034deef826	40802
docs/media/uploads/2020/05/خنافس-576x392.jpg	3e16dd0d2e9e47e5048408d3df84fbe295db5240	44719
docs/media/uploads/2020/05/خنافس-702x432.jpg	cebbeaa71afbb0683c1710b55b8269c57280bdf0	54699
docs/media/uploads/2020/05/خنافس-765x510.jpg	02538a2fc29dbf00f4b884d4adc87126875081e4	65217
docs/media/uploads/2020/05/خنافس-80x54.jpg	d8c178433e70bf664bf7123df43798f2cb063f74	2190
docs/media/uploads/2020/05/خنافس-81x55.jpg	010c4cbe314f46691511401946fb3766efb08477	2267
docs/media/uploads/2020/05/خنافس-85x57.jpg	5ca90b3d91493c128c42ebf9351b3dd1e584c821	2491
docs/media/uploads/2020/05/خنافس.jpg	4701db8d4414ec40ac2ed214746def9e41bc5116	94633
docs/media/uploads/2020/05/دخل-1-112x75.jpg	fc59363a8896af4416e60a950b2177257981c8c6	4301
docs/media/uploads/2020/05/دخل-1-130x87.jpg	4efbe47b9a3f8db8827f2f40bb1a162784c15ea8	5286
docs/media/uploads/2020/05/دخل-1-150x150.jpg	ffb399ad68ef8f7fcfd81650a067ab3d99042daa	40446
docs/media/uploads/2020/05/دخل-1-165x109.jpg	7051db9c795bf67173c4042c4d71529152fbe16a	7495
docs/media/uploads/2020/05/دخل-1-170x113.jpg	6a948f46c340f644d2bf0aa386a014eb85ede619	7993
docs/media/uploads/2020/05/دخل-1-179x116.jpg	d8ecbfdb27c1f2f7312a4ceec3c4918a3f814d3a	8426
docs/media/uploads/2020/05/دخل-1-179x120.jpg	9ad42bb0feb53acbba0bf7d666d6f56de8096c55	8416
docs/media/uploads/2020/05/دخل-1-266x179.jpg	c7f53d85b7f2152879a82cf0633a48c2bbae7d6a	49945
docs/media/uploads/2020/05/دخل-1-274x183.jpg	a9fd82a29c196b406b09a078f361f8160f50921c	16496
docs/media/uploads/2020/05/دخل-1-300x200.jpg	e217aaa4f871a96f7185d448f8460442e398f0ad	18710
docs/media/uploads/2020/05/دخل-1-333x227.jpg	3f9a2487c1d2b0f5af08cd1637c0a9ca121793b2	22616
docs/media/uploads/2020/05/دخل-1-347x233.jpg	4df06be7a651486b60ce93c7486fb778cfdffc1e	24173
docs/media/uploads/2020/05/دخل-1-359x240.jpg	590feeb1c6b5d785564eec2fbabe67920b2b0ff0	24973
docs/media/uploads/2020/05/دخل-1-364x245.jpg	6ab74a341dee75272da39ee4316cceb7a2749adf	25921
docs/media/uploads/2020/05/دخل-1-367x237.jpg	ddbfd4a04a872063e3c04e3d84740fb46a6382d2	25421
docs/media/uploads/2020/05/دخل-1-36x36.jpg	c446b4505542b555346ebaa0e3b8fff92074065b	1356
docs/media/uploads/2020/05/دخل-1-546x300.jpg	f7a89c7450435c8f8e339c01d53f2904cf3ce77a	39859
docs/media/uploads/2020/05/دخل-1-546x365.jpg	4c4fcf30245003d4e8359b8eb08a73c2e0a1eb14	47816
docs/media/uploads/2020/05/دخل-1-576x392.jpg	2df49a0cceaa9c72f0db8b060825cb3904bf4ae4	52087
docs/media/uploads/2020/05/دخل-1-702x432.jpg	869dffc787767cbc9634e442b3af416fcad4d5ed	63666
docs/media/uploads/2020/05/دخل-1-765x510.jpg	40b91b808221de175bd7a2a44b17d87a05e72df5	77632
docs/media/uploads/2020/05/دخل-1-80x54.jpg	e5fd4c180f55b68525a6063bbe914af5270a1b41	2628
docs/media/uploads/2020/05/دخل-1-81x55.jpg	170abaeaeecf10751a8d3cddb759e20984bf0bef	2769
docs/media/uploads/2020/05/دخل-1-85x57.jpg	1da62fca071957b27a90fa431af70295c71a2644	3007
docs/media/uploads/2020/05/دخل-1.jpg	387eb9adf13ab3bbeab40c6acbf7552305bd0d96	98022
docs/media/uploads/2020/05/دخل-2-112x75.jpg	76e9738269b2a8f4d9cd0054be3013456be084fc	4411
docs/media/uploads/2020/05/دخل-2-130x87.jpg	b6720c84292eebf352dd94f3ca23c099b955d9bc	5494
docs/media/uploads/2020/05/دخل-2-150x150.jpg	09ea5e798f645a3496ffb0e5ded0f44279d8f189	8528
docs/media/uploads/2020/05/دخل-2-165x109.jpg	3b43a84ca2670d76d237ef62dd48e659de4b145a	7778
docs/media/uploads/2020/05/دخل-2-170x113.jpg	9b3a52a82050d83ccc69cf5ded32ddf89d91860a	8269
docs/media/uploads/2020/05/دخل-2-179x116.jpg	947627805329992e0bb9efd02d5b2ee377dc5d44	8729
docs/media/uploads/2020/05/دخل-2-179x120.jpg	8d4eb08cb47e9d2458b932f0bd5dcbef5d5991c1	8741
docs/media/uploads/2020/05/دخل-2-266x179.jpg	73ed1a12f625d6fe7667ecb4ca6ebf493203e880	16848
docs/media/uploads/2020/05/دخل-2-274x183.jpg	0067d35661eb8a9919d41ba2e88ebd4857ac5904	17343
docs/media/uploads/2020/05/دخل-2-300x200.jpg	9856211b75fa2645a074dd88363043964dba746a	19737
docs/media/uploads/2020/05/دخل-2-333x227.jpg	152902a1b24bcfec7a2b061ff5f0519a9d20dcd6	23804
docs/media/uploads/2020/05/دخل-2-347x233.jpg	580e96412c81717b188042812b5dc3e7bc3175c6	25387
docs/media/uploads/2020/05/دخل-2-359x240.jpg	d2af680614d2e8bc8fde0a6323c830156c5509ec	26121
docs/media/uploads/2020/05/دخل-2-364x245.jpg	3d2bac0460af81b4cdf613bf00897d15e2f75129	27060
docs/media/uploads/2020/05/دخل-2-367x237.jpg	b83716af5588aa6dd773ee2dc67c8b78868079bf	26566
docs/media/uploads/2020/05/دخل-2-36x36.jpg	3938e3fa24f8b67f7a26b994b28349ba650c8b7c	1354
docs/media/uploads/2020/05/دخل-2-546x300.jpg	9503305a3ba1d76591a6503daad17f418cc21e2b	42270
docs/media/uploads/2020/05/دخل-2-546x365.jpg	f6480dac214b8ecbb5c0b4c5c8c67169e3635872	50151
docs/media/uploads/2020/05/دخل-2-576x392.jpg	ceee660d795fab059c806dbb5e4979fba1687686	54690
docs/media/uploads/2020/05/دخل-2-702x432.jpg	3c7ac43d605f69e481ac36bdd8c9436df8885e14	66835
docs/media/uploads/2020/05/دخل-2-765x510.jpg	c681df09f1a77a7e8f1823f435f33f5ce4e82570	81325
docs/media/uploads/2020/05/دخل-2-80x54.jpg	a933c3fdb8dded3cdc3bbf39eaed9ded1c58ce96	2687
docs/media/uploads/2020/05/دخل-2-81x55.jpg	991e08d112e708ee3149e738f2113a01294b2832	2837
docs/media/uploads/2020/05/دخل-2-85x57.jpg	df30937e5c701648927e8d4d2db8c7f316c8d086	3024
docs/media/uploads/2020/05/دخل-2.jpg	fa15157d87f39d2ae912385fdaf81439f41432df	101368
docs/media/uploads/2020/05/دخل-3-112x75.jpg	3f7206edc8b230856d2dd11e614697142b5e866c	4534
docs/media/uploads/2020/05/دخل-3-130x87.jpg	30dba8e95525d505d79d50b33b490d5a3e84499e	5689
docs/media/uploads/2020/05/دخل-3-150x150.jpg	bcfdab1a25a25f8609124d4a01d0f0efeebb3447	8837
docs/media/uploads/2020/05/دخل-3-165x109.jpg	56ba2e2514beb01f33fbf91c34e49df146a98010	8141
docs/media/uploads/2020/05/دخل-3-170x113.jpg	124c966cb76bd640448110703f31bb0e790e4259	8638
docs/media/uploads/2020/05/دخل-3-179x116.jpg	39878dad219d51b7c4c0f5538e7fbca012db9e73	9089
docs/media/uploads/2020/05/دخل-3-179x120.jpg	7e10d047f50c4e8e3378ad91e6e45afa4eb52343	9176
docs/media/uploads/2020/05/دخل-3-266x179.jpg	1a4d0524bcb4528ca301abedf43eccfd2cc7e1ac	17689
docs/media/uploads/2020/05/دخل-3-274x183.jpg	49156bd397a872dc7080f06727d412682a591177	18267
docs/media/uploads/2020/05/دخل-3-300x200.jpg	c2a7a55b3601da55376cb7145624e997f9a67f21	20752
docs/media/uploads/2020/05/دخل-3-333x227.jpg	658175baf1a13c39685a318e82067aab69dbbeff	25116
docs/media/uploads/2020/05/دخل-3-347x233.jpg	ed1d78ca2ab075c92e3548769e74b837466b10ef	26725
docs/media/uploads/2020/05/دخل-3-359x240.jpg	bf7a526d9c1e3b6d926c961509d2f36c1c1d180c	27535
docs/media/uploads/2020/05/دخل-3-364x245.jpg	86d23efe38c00752e12950e5e0a5d6144641fbf3	28591
docs/media/uploads/2020/05/دخل-3-367x237.jpg	f43508f50215d43c6226404b74f24aa36e4b827d	28023
docs/media/uploads/2020/05/دخل-3-36x36.jpg	0ab2c8a02a433433d0101ce4d0819ab183c6f718	1355
docs/media/uploads/2020/05/دخل-3-546x300.jpg	4c84baf7127c80ca692be75a70f92296cef182fe	44878
docs/media/uploads/2020/05/دخل-3-546x365.jpg	c9e0ef4dc369f4147605bde57d50bf42a3c97066	53036
docs/media/uploads/2020/05/دخل-3-576x392.jpg	c969f6ee4f16b63b200ee2be382343ddf86a5a93	57801
docs/media/uploads/2020/05/دخل-3-702x432.jpg	5e42db4678ac11b5e2a71af7b668916f2450dc8f	70906
docs/media/uploads/2020/05/دخل-3-765x510.jpg	17e6850f126b141df9905a2f76a8a427afe2d9a3	85815
docs/media/uploads/2020/05/دخل-3-80x54.jpg	1f5bca7db17626438c373c3c11adc1fb682d2205	2754
docs/media/uploads/2020/05/دخل-3-81x55.jpg	678b2015ece64cc141053a050819e8e0407a500b	2898
docs/media/uploads/2020/05/دخل-3-85x57.jpg	d13eb6ef51107a5882ee3ceb1f61ce668aeb53f3	3114
docs/media/uploads/2020/05/دخل-3.jpg	176e4dc73ef6df761883bf3f48ac4ec930c48430	105719
docs/media/uploads/2020/05/دخل-4-112x75.jpg	a85716aec427166ee29eeacf8b11b245c8603837	4224
docs/media/uploads/2020/05/دخل-4-130x87.jpg	87445186f4dd879bddc656958584a344ea988a23	5250
docs/media/uploads/2020/05/دخل-4-150x150.jpg	48f1aaf1e6ad5a6ccce7bf086ebb48df96b1d5c3	8308
docs/media/uploads/2020/05/دخل-4-165x109.jpg	588c1835f86834dd54de9aa1aa26b99e394a1f43	7381
docs/media/uploads/2020/05/دخل-4-170x113.jpg	7e09cb1cfb805053c7a76f63da545cd664ebddcb	7901
docs/media/uploads/2020/05/دخل-4-179x116.jpg	5e4246405d37e0218d92a1f672379a250e840321	8298
docs/media/uploads/2020/05/دخل-4-179x120.jpg	8bf077f45b231392e6f8a2119d0db38fb305f3db	8360
docs/media/uploads/2020/05/دخل-4-266x179.jpg	8d9dd086e43c9dd737cc8131c81a93163e92b9a6	15941
docs/media/uploads/2020/05/دخل-4-274x183.jpg	e2b9664eadd024b7936032a6399038190df530ea	16325
docs/media/uploads/2020/05/دخل-4-300x200.jpg	02d6c830bb4b76d861f22cc05e2595a04d029b15	18698
docs/media/uploads/2020/05/دخل-4-333x227.jpg	5e9f8b830f750710404645a063ef75a4231a9834	22580
docs/media/uploads/2020/05/دخل-4-347x233.jpg	955bdbcef19e00ec2e990e1631b1c5f11f81f9b6	24127
docs/media/uploads/2020/05/دخل-4-359x240.jpg	1f08700e38a5abd26bec60c9283225ac985d8539	24804
docs/media/uploads/2020/05/دخل-4-364x245.jpg	2f8aae106cb14032b3b2b2e33157cd718d587494	25846
docs/media/uploads/2020/05/دخل-4-367x237.jpg	b2e20707732447152813840b825ab10a31d451cc	25200
docs/media/uploads/2020/05/دخل-4-36x36.jpg	f6d9ed64c60244ea12920393cf84d4ad4751a39c	1324
docs/media/uploads/2020/05/دخل-4-546x300.jpg	184ab17aeb2bf6c30529233b6c82588310deb26c	39932
docs/media/uploads/2020/05/دخل-4-546x365.jpg	aebdc98d4da64a7ac90d419db3343f7ba6717d34	47591
docs/media/uploads/2020/05/دخل-4-576x392.jpg	b3fa7d44ef7edaa48374f0e51c114297dd278574	51921
docs/media/uploads/2020/05/دخل-4-702x432.jpg	c3e89fa730b7a8c023da9c63b2994e2fc6d826da	63456
docs/media/uploads/2020/05/دخل-4-765x510.jpg	a0888b962e517356af0cb2cfe398812d1fd0ccd1	77374
docs/media/uploads/2020/05/دخل-4-80x54.jpg	c2c719b724d2ff7afbcf5f334993c204b8292b49	2589
docs/media/uploads/2020/05/دخل-4-81x55.jpg	a46378df3356fc351cb8a9260fb1670840e618fe	2716
docs/media/uploads/2020/05/دخل-4-85x57.jpg	753cdf25845f010b0d326e734e3c4fa8238f94a6	2937
docs/media/uploads/2020/05/دخل-4.jpg	38945e6bc561d2c8b91ef0d93d1b350f0c38ea33	97444
docs/media/uploads/2020/05/رالف-1-112x75.jpg	00d310edeea25c88533e4eb01c0e030a66178bab	37679
docs/media/uploads/2020/05/رالف-1-130x87.jpg	a54a74ed6a8644150a8132be48fafc436aef2de4	38957
docs/media/uploads/2020/05/رالف-1-150x150.jpg	a7b3116bd2745f735de31abc1759a6737d7c8285	10680
docs/media/uploads/2020/05/رالف-1-165x109.jpg	ec08d50c9ff5611ec9a679e05abb3dc731c573a0	41896
docs/media/uploads/2020/05/رالف-1-170x113.jpg	87fa3327cc8457aff719ee79199a83d7ddae292d	42436
docs/media/uploads/2020/05/رالف-1-179x116.jpg	8d2162514cf51b91771c96bce2a802de484d62cd	43076
docs/media/uploads/2020/05/رالف-1-179x120.jpg	083d071308560eef4b4d7309ace48838bed36f01	43141
docs/media/uploads/2020/05/رالف-1-266x179.jpg	0e5ba460b0e2ec58219801cf8586b6c198a0074d	53446
docs/media/uploads/2020/05/رالف-1-274x183.jpg	8523a6ca74d949a13be3b44ca10d79e12f4b60e5	20618
docs/media/uploads/2020/05/رالف-1-300x200.jpg	8c7a38858a87a52fb799a5670668984e44865fe3	23523
docs/media/uploads/2020/05/رالف-1-333x227.jpg	32f8cc7919e07d96529ae279cccd49135f136299	62386
docs/media/uploads/2020/05/رالف-1-347x233.jpg	bea53e83ce9c674a540d3d2f03eebf2f142d3b52	64212
docs/media/uploads/2020/05/رالف-1-359x240.jpg	d2361ca8258a37017f2e58ff110e747f631d1a5b	65482
docs/media/uploads/2020/05/رالف-1-364x245.jpg	f11cb6fe5e487ef72407dfa16435f50a350f11aa	66797
docs/media/uploads/2020/05/رالف-1-367x237.jpg	26b5ba3134b456d0e18fcb5d399c5194492bff3e	66038
docs/media/uploads/2020/05/رالف-1-36x36.jpg	1f88590bd7efe0eec2f803feec43462f4be2b9c0	34091
docs/media/uploads/2020/05/رالف-1-546x300.jpg	49d00baef2eaa9dac514e22bc5a9a1f8a999e4cf	86003
docs/media/uploads/2020/05/رالف-1-546x365.jpg	0c57121f7c8e0341e125a8843136bab7c2833a19	96072
docs/media/uploads/2020/05/رالف-1-576x392.jpg	aa9f4c9e955cd5ca7a26ede803188232389e2547	101689
docs/media/uploads/2020/05/رالف-1-702x432.jpg	92604032f5e01828b4d75447fae61cd3a94e471f	115985
docs/media/uploads/2020/05/رالف-1-765x510.jpg	bac79c42797c1e37d6a9c49b1688dc40ced7e279	134781
docs/media/uploads/2020/05/رالف-1-80x54.jpg	68bd7c5c3032d2701bf1da027a255f47c133cd45	35596
docs/media/uploads/2020/05/رالف-1-81x55.jpg	39501c787b5e9c733e8746918ee9040c6aba07b5	35702
docs/media/uploads/2020/05/رالف-1-85x57.jpg	bcf0dedc020d572e7940f061ba660cfc5de5eaa3	35882
docs/media/uploads/2020/05/رالف-1.jpg	bafe9a135f504c70a01d2afd6563ab18b25eb870	125706
docs/media/uploads/2020/05/رالف-2-112x75.jpg	b61ceece01c1b30e5b18f0f7b5a96eac40b1de6a	34730
docs/media/uploads/2020/05/رالف-2-130x87.jpg	885e224f0c219e39772692e857b4e321075f8541	35590
docs/media/uploads/2020/05/رالف-2-150x150.jpg	821360b4f03a7c205d59e04b5fc819ad872cdfa2	7764
docs/media/uploads/2020/05/رالف-2-165x109.jpg	c68d42471d5aab6dc5110627efda758aec67f5e9	37550
docs/media/uploads/2020/05/رالف-2-170x113.jpg	b2b9fd8ce9c6a13a7da15c2bf1cec69c783e34dc	37989
docs/media/uploads/2020/05/رالف-2-179x116.jpg	d4d99c39664ed87f27225706284fee3171e93912	38412
docs/media/uploads/2020/05/رالف-2-179x120.jpg	90fec14c138505e9731880119ce7f22583fcb66d	38455
docs/media/uploads/2020/05/رالف-2-266x179.jpg	f2cb8ff8711d1970550edcfa1b9321af5f09b50d	45422
docs/media/uploads/2020/05/رالف-2-274x183.jpg	96e2a44c3f102e44f282d561d68a464d06c9df81	14510
docs/media/uploads/2020/05/رالف-2-300x200.jpg	1081c12c98dbb40afced5bd731efece2f2529078	16415
docs/media/uploads/2020/05/رالف-2-333x227.jpg	ee842f6f1216e939a28896bd965939ee87a6754b	51554
docs/media/uploads/2020/05/رالف-2-347x233.jpg	6ab968f24db82e296cc76163c2f0f6991496344e	52781
docs/media/uploads/2020/05/رالف-2-359x240.jpg	e5fd4dbab5f58aa581d64891599ed345ff560b55	53467
docs/media/uploads/2020/05/رالف-2-364x245.jpg	82c9508225e6bab7811e318c76c982a0fc2404f3	54231
docs/media/uploads/2020/05/رالف-2-367x237.jpg	e9ef0835cfc2df83e531966a5ef9a54e45c899b6	53959
docs/media/uploads/2020/05/رالف-2-36x36.jpg	99a0ef336b29ce28bd322dd41acae7b6f79e1bdd	32105
docs/media/uploads/2020/05/رالف-2-546x300.jpg	b53b978904278d60821bb8082424ec3dadde1fc1	66848
docs/media/uploads/2020/05/رالف-2-546x365.jpg	092918efe871e74a66b09ec47e3137c9125b226c	73833
docs/media/uploads/2020/05/رالف-2-576x392.jpg	44e72fca93a5671fd8a46a114ae3c0bf1ce33ecb	77544
docs/media/uploads/2020/05/رالف-2-702x432.jpg	5b3e222cde6295cb620624ba43ddc739756526a7	86803
docs/media/uploads/2020/05/رالف-2-765x510.jpg	c17d17ebc12da5af8cd96266c32d5a563549715b	99381
docs/media/uploads/2020/05/رالف-2-80x54.jpg	0fcb75c64f6860dffc1a6b3b70038027d82c3d73	33209
docs/media/uploads/2020/05/رالف-2-81x55.jpg	0ee5d3e2bf56a012e736b664978ec40d02e9c13e	33254
docs/media/uploads/2020/05/رالف-2-85x57.jpg	16e0d96fda61e14554bd64f0ccd741e7d51d4ace	33494
docs/media/uploads/2020/05/رالف-2.jpg	7233cd511b3c9e5f1037cb39c5dd68e84bf91398	109081
docs/media/uploads/2020/05/رالف-3-112x75.jpg	b6400d6aba0b986ed7f7d75c31d41486017dbafb	34358
docs/media/uploads/2020/05/رالف-3-130x87.jpg	e28bc73ab40bdb4e08d75ea8eab465b2d0716c11	35232
docs/media/uploads/2020/05/رالف-3-150x150.jpg	854491327da5788de29102620a1000041f474e22	39266
docs/media/uploads/2020/05/رالف-3-165x109.jpg	102f2eb9312234c81d0a06ec1b2f8f365e2ae6fc	37297
docs/media/uploads/2020/05/رالف-3-170x113.jpg	23ce93a05361d615e7c012fc6273d16ea1ced7c1	37880
docs/media/uploads/2020/05/رالف-3-179x116.jpg	6324aac3016615cea3715af224080d8fccb36743	38250
docs/media/uploads/2020/05/رالف-3-179x120.jpg	e5a457fadd3c760de5583bfe54a48b055cdd6242	38243
docs/media/uploads/2020/05/رالف-3-266x179.jpg	5cc43002e1275b01add59df69618f6ceb19496de	45446
docs/media/uploads/2020/05/رالف-3-274x183.jpg	0e57fa793060bd8a5128bbfd95183636b6fb4865	45950
docs/media/uploads/2020/05/رالف-3-300x200.jpg	b0fe80b663a93a7aa4d3dfead186dc3920480646	48096
docs/media/uploads/2020/05/رالف-3-333x227.jpg	d7fe9a09d55c5a3b8c3d68758faf217e97d98c1c	52113
docs/media/uploads/2020/05/رالف-3-347x233.jpg	fcfda7127be0bf725b689cfb4ee7c5ed36cbef3e	53360
docs/media/uploads/2020/05/رالف-3-359x240.jpg	5a93498319817d382c75e7b9a4e40591cb7991a7	54239
docs/media/uploads/2020/05/رالف-3-364x245.jpg	4629da1f6b39504a451bf1b335ff5e68c8f41812	54927
docs/media/uploads/2020/05/رالف-3-367x237.jpg	e5298bfb661c9b9867e6c267a36b621012880195	54730
docs/media/uploads/2020/05/رالف-3-36x36.jpg	1e95490a656e15cbe9b6b9edc96fe80278309e12	31581
docs/media/uploads/2020/05/رالف-3-546x300.jpg	9a7a1c9be31718c5862505967b6ed9b7a027d34c	70509
docs/media/uploads/2020/05/رالف-3-546x365.jpg	0db8f1c8a3f5fe59f7585ba28071b66505344bd4	76423
docs/media/uploads/2020/05/رالف-3-576x392.jpg	1bf411526c6075b819e86bba31df54a52c9483c3	80831
docs/media/uploads/2020/05/رالف-3-702x432.jpg	da1f5e5f33f8fb84b8a4e05a4d2f8dbd2525867c	92572
docs/media/uploads/2020/05/رالف-3-765x510.jpg	e95619704ba2540565d0f7d8e90cc022cc0f1e73	104713
docs/media/uploads/2020/05/رالف-3-80x54.jpg	7a33865c77fb88b74faf3487d56d76235e943248	32703
docs/media/uploads/2020/05/رالف-3-81x55.jpg	c11367a5fc90269c1097975c8c6c78192f54643c	32799
docs/media/uploads/2020/05/رالف-3-85x57.jpg	e29527943dc0ba2b944622d41d6ad05d1b840cd0	33044
docs/media/uploads/2020/05/رالف-3.jpg	33ec22bf9b9acbacb89ccf556376eabd7468729c	97598
docs/media/uploads/2020/05/سلحفاة-بحرية-112x75.jpg	906b67ed1237134f219084cf3825777986d88cf4	3253
docs/media/uploads/2020/05/سلحفاة-بحرية-130x87.jpg	e0a9fb2550d4c267a73f4c881fde696cbff5e601	3964
docs/media/uploads/2020/05/سلحفاة-بحرية-150x150.jpg	42c446f1e1fe2aafc40f011c3b4eb4afc25d32ec	36159
docs/media/uploads/2020/05/سلحفاة-بحرية-165x109.jpg	916f06657659d1d5e544f831666151b8459ee76c	5675
docs/media/uploads/2020/05/سلحفاة-بحرية-170x113.jpg	17c5aa6d7a53a5c3ac8990631980ceed5f84f235	5989
docs/media/uploads/2020/05/سلحفاة-بحرية-179x116.jpg	3d4ffb897cf51fd0b44005caf7c7a80156ad3a74	6445
docs/media/uploads/2020/05/سلحفاة-بحرية-179x120.jpg	2aa8da12dd26852dde53286684403317215b3da6	6422
docs/media/uploads/2020/05/سلحفاة-بحرية-266x179.jpg	9e9beca834986c25f43170474f3f36aca65808d4	12247
docs/media/uploads/2020/05/سلحفاة-بحرية-274x183.jpg	49686eb78379820ef8dbf2d39446b500cc6284ac	12670
docs/media/uploads/2020/05/سلحفاة-بحرية-300x200.jpg	1dc4261f67e121f43969fef19ea92e5f732e1caa	14401
docs/media/uploads/2020/05/سلحفاة-بحرية-333x227.jpg	cd7f0c60aa8e70231751acabb0a458f5a433cdaa	17267
docs/media/uploads/2020/05/سلحفاة-بحرية-347x233.jpg	0c650e87f4252ca9541f3453813687cf9408b44c	18621
docs/media/uploads/2020/05/سلحفاة-بحرية-359x240.jpg	dd7daa191a8316a311d02d38cb1c036bba6ece94	19467
docs/media/uploads/2020/05/سلحفاة-بحرية-364x245.jpg	8465bf2750870697b111488a955dc1eae542403d	19909
docs/media/uploads/2020/05/سلحفاة-بحرية-367x237.jpg	0f811ef1002b2c287c22e4e33bf074d5e1a08589	20077
docs/media/uploads/2020/05/سلحفاة-بحرية-36x36.jpg	2cd3104a4efb0545865104ac565537bbf4d14831	1146
docs/media/uploads/2020/05/سلحفاة-بحرية-546x300.jpg	5ab4184c6beb21e736373afb5f657ffc99f3ab8e	33748
docs/media/uploads/2020/05/سلحفاة-بحرية-546x365.jpg	08f8a6d25e017c4061b1de05c182b6ed36ea9a99	36992
docs/media/uploads/2020/05/سلحفاة-بحرية-576x392.jpg	bf41282221364d9622f62276aca0b1ae82b54b34	39954
docs/media/uploads/2020/05/سلحفاة-بحرية-702x432.jpg	eb22974542aab5fa7b8eec217eaac8f4c0f2fb9f	50718
docs/media/uploads/2020/05/سلحفاة-بحرية-765x510.jpg	71b51b3e24e7ad11ba8a55e0f212ab0acab5da98	59530
docs/media/uploads/2020/05/سلحفاة-بحرية-80x54.jpg	40e98d164759c79b745daf6a71211a7b4626ec3c	31027
docs/media/uploads/2020/05/سلحفاة-بحرية-81x55.jpg	46453641d3e18910b81f0ecdc881f4de87d37760	2191
docs/media/uploads/2020/05/سلحفاة-بحرية-85x57.jpg	de37128c27ed10d37f8830f6abb2aac21ca2a176	2329
docs/media/uploads/2020/05/سلحفاة-بحرية.jpg	ef13acb60bfb9c9fdea9ae47d04605a02f37a6d3	83821
docs/media/uploads/2020/05/سينتيا-112x75.jpg	90c7cdfa5b10a9afca21b15e2364688e304688f7	4244
docs/media/uploads/2020/05/سينتيا-130x87.jpg	8ba1348aca9755b388312251ea3867d57bfb1a4e	5352
docs/media/uploads/2020/05/سينتيا-150x150.jpg	36aead17d3212bfcfc3e9255ed62452ef7c7c1c1	8799
docs/media/uploads/2020/05/سينتيا-165x109.jpg	1445a9ecbd34c84c1ab8332e9dc052762fed47b8	7704
docs/media/uploads/2020/05/سينتيا-170x113.jpg	6ce0b81e683cfbdccfde40349321997614f12d16	39631
docs/media/uploads/2020/05/سينتيا-179x116.jpg	dec5ffef603f450984ee56a8a300189727dd0bf2	8653
docs/media/uploads/2020/05/سينتيا-179x120.jpg	408707364fbe4c26b4a6b5ca298012677d72f930	8689
docs/media/uploads/2020/05/سينتيا-266x179.jpg	8b2d4861b35bcfca15b4eec855a5c14845d25083	16670
docs/media/uploads/2020/05/سينتيا-274x183.jpg	4a2ee19914486c8ce1b6b2777966047f379069d5	17303
docs/media/uploads/2020/05/سينتيا-300x200.jpg	247c087de5bb799a769788334e6f7da43eb44d7c	19628
docs/media/uploads/2020/05/سينتيا-333x227.jpg	1696ed0cae8e80cefbe55bbf5a9a4fe766ad877a	55706
docs/media/uploads/2020/05/سينتيا-347x233.jpg	60b93b768d0e2df2a51dfea6361d3ab4c40f96a2	25417
docs/media/uploads/2020/05/سينتيا-359x240.jpg	412e35a0e59590831644c4246756c791094e949f	26386
docs/media/uploads/2020/05/سينتيا-364x245.jpg	889ed8aa132c9eb0f1c1ee0d8edd44cb1316e736	27334
docs/media/uploads/2020/05/سينتيا-367x237.jpg	bc26859d5509ff1daf50027a14079b748a602f31	27102
docs/media/uploads/2020/05/سينتيا-36x36.jpg	324eac80851332c1d46dd3154dd4897ff21ea792	1364
docs/media/uploads/2020/05/سينتيا-546x300.jpg	dbf50b3e0987ba2e3ff7b4982c723ddcc1ff1d5d	45556
docs/media/uploads/2020/05/سينتيا-546x365.jpg	760609d1580b15dbbae158e0c5004f3c1e1b43af	51242
docs/media/uploads/2020/05/سينتيا-576x392.jpg	4a4dd3f80ce51ebffbe9c7a9078ab2a8af28ac15	55752
docs/media/uploads/2020/05/سينتيا-702x432.jpg	0dc49ba1b5a6c405e6d8eca47f832a9502f94390	69838
docs/media/uploads/2020/05/سينتيا-765x510.jpg	b7f2a32f7efb8037f3b5b6d848f124e730987b36	115485
docs/media/uploads/2020/05/سينتيا-80x54.jpg	c6a64d541b68ec9545eb6b48bfffcc49798774b1	2569
docs/media/uploads/2020/05/سينتيا-81x55.jpg	5370990230a271ae3e6dfe08a9b7a8cf4b03defb	34035
docs/media/uploads/2020/05/سينتيا-85x57.jpg	abaab4a663200cd367f7c699d4e06c87d246aa32	2915
docs/media/uploads/2020/05/سينتيا.jpg	7233cd511b3c9e5f1037cb39c5dd68e84bf91398	109081
docs/media/uploads/2020/05/شجرة-اللزاب--1024x768.jpg	17a0532daf202089757016d0fae0b4f781442dbb	196935
docs/media/uploads/2020/05/شجرة-اللزاب--112x75.jpg	4da9129c0338e2c9754f5865768a23e486d99031	6662
docs/media/uploads/2020/05/شجرة-اللزاب--130x87.jpg	6cfffc4394188fd5714925aa3441562482e8eea3	4577
docs/media/uploads/2020/05/شجرة-اللزاب--150x150.jpg	92d76dac81428045e572a2764dd01b62e7d9a6e0	7956
docs/media/uploads/2020/05/شجرة-اللزاب--1536x1152.jpg	6b023654af20c7d8fcded8734c6c12a9f73c8b16	427181
docs/media/uploads/2020/05/شجرة-اللزاب--165x109.jpg	fb534fed688f458c3b65d74b2fff4e04e6d3d007	9807
docs/media/uploads/2020/05/شجرة-اللزاب--170x113.jpg	b033c11c9a00956f2d51705ff295681d0c2e7603	10265
docs/media/uploads/2020/05/شجرة-اللزاب--179x116.jpg	1218b7aa5d2154e06e0c44c1920fd3fcc446431a	10756
docs/media/uploads/2020/05/شجرة-اللزاب--179x120.jpg	6266a3e4a461cdb4e09f7262685f5014078fed16	10769
docs/media/uploads/2020/05/شجرة-اللزاب--266x179.jpg	17058129cc04659978a41743239b5dd8bd6cbb04	18934
docs/media/uploads/2020/05/شجرة-اللزاب--274x183.jpg	1af19d5d7aa7ddc74eb98f474f2bd61004efb8bc	15788
docs/media/uploads/2020/05/شجرة-اللزاب--300x225.jpg	7749b16667b500e98767680175780f91072682b9	20279
docs/media/uploads/2020/05/شجرة-اللزاب--333x227.jpg	cf32dc507bb236b0e0c0683081166dc70009d529	26992
docs/media/uploads/2020/05/شجرة-اللزاب--347x233.jpg	09e6bbd17e599e6bed9814ccf6cb5a4607f1e9c7	28312
docs/media/uploads/2020/05/شجرة-اللزاب--359x240.jpg	e0b8b6981e360ca1777b1d1b3d8f0adf0a6932e1	29429
docs/media/uploads/2020/05/شجرة-اللزاب--364x245.jpg	c391820bac3533d9b84a50a50a7c3b9deb981d11	26259
docs/media/uploads/2020/05/شجرة-اللزاب--367x237.jpg	da139801b31e68e05ef50a4af7f6aaad2e9f6e06	29965
docs/media/uploads/2020/05/شجرة-اللزاب--36x36.jpg	eb4eadabe8503da9defecea8b9b5c617cd9c0c9d	4133
docs/media/uploads/2020/05/شجرة-اللزاب--546x300.jpg	a67d79553f6811319d761d4ec89db215c861da38	52748
docs/media/uploads/2020/05/شجرة-اللزاب--546x365.jpg	c01d83ffd540388daa99c0a1e0ccddacb39a6369	61536
docs/media/uploads/2020/05/شجرة-اللزاب--576x392.jpg	c844b5cf360715182048cf181db098a93da93a45	67708
docs/media/uploads/2020/05/شجرة-اللزاب--702x432.jpg	b2a7371406a65a5ff56f991403280aa99f9b9107	89586
docs/media/uploads/2020/05/شجرة-اللزاب--765x510.jpg	cb3f0a2604dd65efd97b90ebd67632b9810cc251	112441
docs/media/uploads/2020/05/شجرة-اللزاب--768x576.jpg	eec14b3b1c5b8d624eb9244577a2102d60d33b8e	112901
docs/media/uploads/2020/05/شجرة-اللزاب--80x54.jpg	387cd529a03bfd2060217d029d559ce7565487fe	2215
docs/media/uploads/2020/05/شجرة-اللزاب--81x55.jpg	8ff95557036777d04eb19d2829a053759555d3d6	5329
docs/media/uploads/2020/05/شجرة-اللزاب--85x57.jpg	93828c5aabe2810e44291e5b21529be9c706e85c	5459
docs/media/uploads/2020/05/شجرة-اللزاب-.jpg	c483a307f08fcfdebbec4aa1650a025db0c2eea4	713973
docs/media/uploads/2020/05/صوفيا-112x75.jpg	1d6080b00b68b141d33a05e18027996cc7eb57ab	3687
docs/media/uploads/2020/05/صوفيا-130x87.jpg	3a45de5185b8807c43ce59299fbfb9105e207f01	4657
docs/media/uploads/2020/05/صوفيا-150x150.jpg	6cd1d4ea21343678cfe73472082bcaa093e7084f	39181
docs/media/uploads/2020/05/صوفيا-165x109.jpg	038ada8fa735b1a4dffd663a47a6d15b7107d6cf	6509
docs/media/uploads/2020/05/صوفيا-170x113.jpg	3cadba1638c0d6f03faec086829ecf770516a024	6903
docs/media/uploads/2020/05/صوفيا-179x116.jpg	34f351601fed34ed1bb8bb8c0566b95182db4e76	7371
docs/media/uploads/2020/05/صوفيا-179x120.jpg	d348e5807a3515659258fdfb175ddf819e849d70	7384
docs/media/uploads/2020/05/صوفيا-2-112x75.jpg	46e54b0be45eef939413da27ed7bb3b4c64a7900	25387
docs/media/uploads/2020/05/صوفيا-2-130x87.jpg	3dd1e2aee36f64df00dbcfae90647cad26247f64	25955
docs/media/uploads/2020/05/صوفيا-2-150x150.jpg	0843c2946a3066cfc06393687b343e048f5f6459	5515
docs/media/uploads/2020/05/صوفيا-2-165x109.jpg	783767875252d017e6e9458a33aa2f9942682b3e	27505
docs/media/uploads/2020/05/صوفيا-2-170x113.jpg	1e961e4081dc585852e3596352ebf62ebb29e26b	27703
docs/media/uploads/2020/05/صوفيا-2-179x116.jpg	a22b61a582056c087af5cd20fb31c341832e5d1b	28049
docs/media/uploads/2020/05/صوفيا-2-179x120.jpg	ce5467b8de83025af40a3f5e6fbd6d300c321681	28056
docs/media/uploads/2020/05/صوفيا-2-200x300.jpg	c75252f9c4db3b29a449c547121f182cb2dc1ca6	11058
docs/media/uploads/2020/05/صوفيا-2-266x179.jpg	8159627b093915062422cc32811ff49e83bfce96	33815
docs/media/uploads/2020/05/صوفيا-2-274x183.jpg	40f4ef383520e497ae9cd5a7bc31e5c7f4b62f8e	11327
docs/media/uploads/2020/05/صوفيا-2-333x227.jpg	8300ef0107083eefe6ebd662664515d715e7d00f	39598
docs/media/uploads/2020/05/صوفيا-2-347x233.jpg	fc555441e1d51e568d3ea1b1b08844c1a63d4bfb	40790
docs/media/uploads/2020/05/صوفيا-2-359x240.jpg	a768b253cbb04d9769fb69ae191015975b89de91	41893
docs/media/uploads/2020/05/صوفيا-2-364x245.jpg	fae03adf083b42c869fe28f72ba71457a33aec6b	19612
docs/media/uploads/2020/05/صوفيا-2-367x237.jpg	6de9408ca11ad98d8fa95c4440291a1eddee079b	42492
docs/media/uploads/2020/05/صوفيا-2-36x36.jpg	9758b9f4b76805a664ac83dcc51d62e95ec7d29c	23531
docs/media/uploads/2020/05/صوفيا-2-546x300.jpg	285afe330bd5051a23bacc17a9fdd77a81104082	58051
docs/media/uploads/2020/05/صوفيا-2-546x365.jpg	0d56f0f5ec74c0fe42c4f03a55999bf9f09debe1	64270
docs/media/uploads/2020/05/صوفيا-2-576x392.jpg	10a67a45aea00f2fd22f4ae229d3c34acf7a946c	67915
docs/media/uploads/2020/05/صوفيا-2-702x432.jpg	2a5c5730f0ac0cf19f08305ba433c2a8e8fe2332	79130
docs/media/uploads/2020/05/صوفيا-2-765x510.jpg	f856483f2704d33bfb4b70f5988b455583abe034	91497
docs/media/uploads/2020/05/صوفيا-2-80x54.jpg	04261279ea82d08339bf68f94d33cc7155d98490	1769
docs/media/uploads/2020/05/صوفيا-2-81x55.jpg	4e302374460618285fbf90fc67925128cd329bad	24384
docs/media/uploads/2020/05/صوفيا-2-85x57.jpg	2ef2d3d3f576d2be4856ce830dc9c78e8ea343ae	24524
docs/media/uploads/2020/05/صوفيا-2.jpg	3d9db2d2b66d161a2562fbd3f5e26af71a4144c5	93343
docs/media/uploads/2020/05/صوفيا-266x179.jpg	15332789d77e6da9702cb92d88b3706da17c6bf7	47965
docs/media/uploads/2020/05/صوفيا-274x183.jpg	d6fe0cd4dbe98681a6815d9733c2ab1dbe977115	14682
docs/media/uploads/2020/05/صوفيا-3-112x75.jpg	65df022c45369bb65b51c8993308bf8136361e03	25894
docs/media/uploads/2020/05/صوفيا-3-130x87.jpg	c160c01157327a361105cc35ebc1cfef27a0d59c	26563
docs/media/uploads/2020/05/صوفيا-3-150x150.jpg	6cc7077731eda9f401b2c50775c61482be024ae6	29075
docs/media/uploads/2020/05/صوفيا-3-165x109.jpg	9a9e9da19721e4402e677ff4634dca1390c1c696	28118
docs/media/uploads/2020/05/صوفيا-3-170x113.jpg	82fe9d9b618219c724ca9909f0f9a88f6a1210ed	28349
docs/media/uploads/2020/05/صوفيا-3-179x116.jpg	d602cc30b7995548d332275ff14f96a15f86c466	28723
docs/media/uploads/2020/05/صوفيا-3-179x120.jpg	209e8f0522f0b16b48fe8355a2f62dc9150db03e	28778
docs/media/uploads/2020/05/صوفيا-3-200x300.jpg	d1f63364f939298b1f39fe0e840079160af078b6	12059
docs/media/uploads/2020/05/صوفيا-3-266x179.jpg	130fd51f34a4816e6714cac2ada96ff023122b7d	34300
docs/media/uploads/2020/05/صوفيا-3-274x183.jpg	631b07453a7c58432409ec42642e8888e504db00	34645
docs/media/uploads/2020/05/صوفيا-3-333x227.jpg	a9272978ed7e81d2bc977deee00da2af2eff20ad	39773
docs/media/uploads/2020/05/صوفيا-3-347x233.jpg	8a028c54b9235c33d7d56f73dc8dc54e56f4d07d	40694
docs/media/uploads/2020/05/صوفيا-3-359x240.jpg	d2ada836fb1bdc3c7c8ae1b2e16b48f69c762054	41502
docs/media/uploads/2020/05/صوفيا-3-364x245.jpg	125f696fed27e74beacc1156d924076577991d89	42190
docs/media/uploads/2020/05/صوفيا-3-367x237.jpg	28e98b7ca764d7ed02eef61248a9044027b99d88	41820
docs/media/uploads/2020/05/صوفيا-3-36x36.jpg	14ade944e39b9e2c8089b62b125cc652c5adbb81	24155
docs/media/uploads/2020/05/صوفيا-3-546x300.jpg	9275177ec8892013e518d54f0a0f9d7d223bf658	53502
docs/media/uploads/2020/05/صوفيا-3-546x365.jpg	59271cd04c63f80055b8fb6f42ccb23fe60c93f9	59518
docs/media/uploads/2020/05/صوفيا-3-576x392.jpg	93cc78b83e2c593cce07277c930bae24ce815f6b	62677
docs/media/uploads/2020/05/صوفيا-3-702x432.jpg	d00f7cc4fe8d5402d309ff78247743a8d9f9e964	71251
docs/media/uploads/2020/05/صوفيا-3-765x510.jpg	043061144e0e959414af6ca604820633d48e445f	81753
docs/media/uploads/2020/05/صوفيا-3-80x54.jpg	729bea909243ab7d2ca3025b8261ca491cdda3a5	24921
docs/media/uploads/2020/05/صوفيا-3-81x55.jpg	1369bb28fd0637a635d07ad70bbc00fd00416062	24958
docs/media/uploads/2020/05/صوفيا-3-85x57.jpg	c754d6984f06e3ad1bff218ec1259ccec313b3e2	25179
docs/media/uploads/2020/05/صوفيا-3.jpg	06ef9bd5a9a8cf4cbadb7bee43edcc3d612d5581	83983
docs/media/uploads/2020/05/صوفيا-300x200.jpg	2591e42f6278c0364545a8f44e800e7eb725225e	16615
docs/media/uploads/2020/05/صوفيا-333x227.jpg	dccbdd4f1f36a484ac82438e4a67f5e6e4e773fa	20273
docs/media/uploads/2020/05/صوفيا-347x233.jpg	d657b4aaae13bb1f5a55e5e2a5b802f6a10c0df4	21709
docs/media/uploads/2020/05/صوفيا-359x240.jpg	85e6b37cdefd32e255e2cc35b3250bc6a333c7bc	22467
docs/media/uploads/2020/05/صوفيا-36-112x75.jpg	b76f881b9b39bc27074321f77dab089dd9dbaf52	3902
docs/media/uploads/2020/05/صوفيا-36-130x87.jpg	85a5635a012f5d538272e9796aeea7f103c34609	4822
docs/media/uploads/2020/05/صوفيا-36-150x150.jpg	9d0bd1d92d81e548dd26f5cdf7e8432d5b95b9d0	8527
docs/media/uploads/2020/05/صوفيا-36-165x109.jpg	c04eb9ac58b421ec7654383e7293d20c914e25c9	7023
docs/media/uploads/2020/05/صوفيا-36-170x113.jpg	caa2192aae9d14a7f890a4ba9c20522ea2eb0d05	7384
docs/media/uploads/2020/05/صوفيا-36-179x116.jpg	c1c61d6910d9ea341c1bb35f67a7bb617a7633fd	7807
docs/media/uploads/2020/05/صوفيا-36-179x120.jpg	503810c45bc09e433cfc877d4a7dd8a23ad2ab7f	7829
docs/media/uploads/2020/05/صوفيا-36-200x300.jpg	6dbb885d0c22411594fa14eb1702264b75d6da24	18901
docs/media/uploads/2020/05/صوفيا-36-266x179.jpg	23ed35bb4552861bbbcb9d6f082b6618ce1e5f9b	15453
docs/media/uploads/2020/05/صوفيا-36-274x183.jpg	7a1819277d072ce498a15cee30b9b6139fa8c7d1	15914
docs/media/uploads/2020/05/صوفيا-36-333x227.jpg	0eb38d57d4b38d9547e1af1568cda76cf2742812	22446
docs/media/uploads/2020/05/صوفيا-36-347x233.jpg	e02e3bc712410c22e2173fc7daaeea76036cdc49	23764
docs/media/uploads/2020/05/صوفيا-36-359x240.jpg	4936dc5b4572d6b053a17130b78244809a8470cd	24499
docs/media/uploads/2020/05/صوفيا-36-364x245.jpg	7f8dbd1b5338854837ac75b39f6cdfadf5d01836	25433
docs/media/uploads/2020/05/صوفيا-36-367x237.jpg	47af09aa155922d3ba9706ade38af11c99023fd1	24863
docs/media/uploads/2020/05/صوفيا-36-36x36.jpg	e2acf4727d2f5af775c798d6ccbe1ddaf7d5c2e4	1320
docs/media/uploads/2020/05/صوفيا-36-546x300.jpg	6cf4ba040e066267d6c23a9d5c1dbb4f8bad4619	38682
docs/media/uploads/2020/05/صوفيا-36-546x365.jpg	08761b9c37d04971cd6a2a1c44222775477cd044	46658
docs/media/uploads/2020/05/صوفيا-36-576x392.jpg	71c9e59e1c34eb5edafcc330f53daae0e2da7a41	50595
docs/media/uploads/2020/05/صوفيا-36-702x432.jpg	7926980df93168b9acd46f898472362b69d7534f	60868
docs/media/uploads/2020/05/صوفيا-36-765x510.jpg	892ebe1886843ceeea994d8cb37af4ebd036433e	74154
docs/media/uploads/2020/05/صوفيا-36-80x54.jpg	72df9224bc9f441b5331934d97697837e62e573b	2440
docs/media/uploads/2020/05/صوفيا-36-81x55.jpg	7b491bd9b2415c8147253fa0ff0a6c09fffabb90	2502
docs/media/uploads/2020/05/صوفيا-36-85x57.jpg	0c558f80ba5eeda2d15b9165977653ed1105d8e7	2744
docs/media/uploads/2020/05/صوفيا-36.jpg	a8294c33364dc38b0012a5e65dc40bc89bc58e9a	106839
docs/media/uploads/2020/05/صوفيا-364x245.jpg	127f77d8c85cfab110d872520093b6008ce02835	23326
docs/media/uploads/2020/05/صوفيا-367x237.jpg	fb9608aa4dc5f7dc17bcef7a5cf067aa32b53dbc	22799
docs/media/uploads/2020/05/صوفيا-36x36.jpg	947c3c9e5d5ee3bbeecc03fd57fa9eb7369a2a78	1263
docs/media/uploads/2020/05/صوفيا-546x300.jpg	d4a5e1c14daa8722458f4267929a5c1aa6effffb	37677
docs/media/uploads/2020/05/صوفيا-546x365.jpg	8724af76e94a73c906ff1a35bbc881e034837ae5	44524
docs/media/uploads/2020/05/صوفيا-576x392.jpg	979e6c0c36a9e25fc2fada62b5ffb06aafaddac6	48809
docs/media/uploads/2020/05/صوفيا-702x432.jpg	160f3010995fec3974691e744cdce70db573959e	60124
docs/media/uploads/2020/05/صوفيا-765x510.jpg	d8634cd13dbbbbce437671c8d591f5ea093d4f67	72773
docs/media/uploads/2020/05/صوفيا-80x54.jpg	d76740abc375df4980f41afd4cfdff6d366ba150	2318
docs/media/uploads/2020/05/صوفيا-81x55.jpg	db58ecb48dd00c5f88768b1d622a1325c97813e4	2437
docs/media/uploads/2020/05/صوفيا-85x57.jpg	0961263cf41ae93d1e86aa01fab9c6ab5b322bfa	2626
docs/media/uploads/2020/05/صوفيا.jpg	a8239b40b54dd29b242c33e35cf04010d7a5b98f	99454
docs/media/uploads/2020/05/صوفيا4-112x75.jpg	7c80a8ecf3e0d01a517d71286a05a9462f5fd18f	3581
docs/media/uploads/2020/05/صوفيا4-130x87.jpg	f8dc2faa9039ad0c1f142d114cb982d820a61e7e	4454
docs/media/uploads/2020/05/صوفيا4-150x150.jpg	82d150bfaa0da89855d348a64ea8b4229ccade52	7568
docs/media/uploads/2020/05/صوفيا4-165x109.jpg	6516c43f5ee6dd826aec3c1394629ede5210abe2	6403
docs/media/uploads/2020/05/صوفيا4-170x113.jpg	083cc941d2d60e49d7f7965f9c6a954a40215d64	6827
docs/media/uploads/2020/05/صوفيا4-179x116.jpg	09fbf803915eec601433d38b5a41ede7be71a90b	7288
docs/media/uploads/2020/05/صوفيا4-179x120.jpg	5359e45e27e2569da553fe5be10bd7ac3a86c6df	7284
docs/media/uploads/2020/05/صوفيا4-266x179.jpg	6f323abdd95cde61685ebb9d64e702940997d2d8	14373
docs/media/uploads/2020/05/صوفيا4-274x183.jpg	b2d6528a0b673745a3925edb3517e6ddf11007dc	14864
docs/media/uploads/2020/05/صوفيا4-300x200.jpg	6d198f76f6157c46bb7da07c812a620d85417f2c	17019
docs/media/uploads/2020/05/صوفيا4-333x227.jpg	c0a102ef9a85113ca1f1cb2edaa1211662d4306a	50057
docs/media/uploads/2020/05/صوفيا4-347x233.jpg	c915b2fa1f555c7ac3dc1a6cae9d06132ec1576f	22436
docs/media/uploads/2020/05/صوفيا4-359x240.jpg	aa9e8e99c3253627d343dd03d58fc8512a205e0e	23200
docs/media/uploads/2020/05/صوفيا4-364x245.jpg	50d515b9570b326eaa5fc2266a5e1a479bfc220b	24132
docs/media/uploads/2020/05/صوفيا4-367x237.jpg	a5e8e84675e503b56272ac3cb0bbb702669715d4	23709
docs/media/uploads/2020/05/صوفيا4-36x36.jpg	f6398a538f320d9a1dd6b47b9e289972d425c9c0	1236
docs/media/uploads/2020/05/صوفيا4-546x300.jpg	87ba73d525dc90674f8315f993bf97dd1e9ba5b8	39857
docs/media/uploads/2020/05/صوفيا4-546x365.jpg	cf8fe1afbf5d00b6687d73533a33eb07ebe3b74e	47173
docs/media/uploads/2020/05/صوفيا4-576x392.jpg	d3794a08fda0505c2ac7080ca5239f0c7c45f63a	51877
docs/media/uploads/2020/05/صوفيا4-702x432.jpg	746e6b9be31162e1bb14f4070a1bd90606b0b7f3	64408
docs/media/uploads/2020/05/صوفيا4-765x510.jpg	7f2b3e7f8e4814a229885d7734ac9f6260b62822	108123
docs/media/uploads/2020/05/صوفيا4-80x54.jpg	b27b94b1a03083f1089b64c482a757eb26c0a415	2245
docs/media/uploads/2020/05/صوفيا4-81x55.jpg	56338255c1dd9b614ba2557c55385f1f5efb56bb	31012
docs/media/uploads/2020/05/صوفيا4-85x57.jpg	3bb123c0c52c7d5a68f4956289dc4d2bd5f92ac3	2482
docs/media/uploads/2020/05/صوفيا4.jpg	bf50390e42acce307cc157532c9a39e86e704646	96432
docs/media/uploads/2020/05/صوفيا5-112x75.jpg	163c2e424c42d0f33f411bd41c2a0bb00e17e2a5	28298
docs/media/uploads/2020/05/صوفيا5-130x87.jpg	45daacaa5ee49ecbeee85d8e8041b040f11961d9	29141
docs/media/uploads/2020/05/صوفيا5-150x150.jpg	a209766a4b2b7ae6f54951622486c8d1f44da81d	7248
docs/media/uploads/2020/05/صوفيا5-165x109.jpg	f47f546c13f8473a2b41274520f74245a1f5b224	31067
docs/media/uploads/2020/05/صوفيا5-170x113.jpg	893970a4e2d485f65e0bf0862cb57f4b109720d1	31311
docs/media/uploads/2020/05/صوفيا5-179x116.jpg	e8dc1542110279e93d824fe9080bcb0ec3c220a2	31740
docs/media/uploads/2020/05/صوفيا5-179x120.jpg	6e2b9a53be3e4e19d59b8de3d05150c3dd56cd83	31756
docs/media/uploads/2020/05/صوفيا5-200x300.jpg	630789f46f70ea3b4a495e00c614627774191b67	17122
docs/media/uploads/2020/05/صوفيا5-266x179.jpg	34de81e0ad196faf21974ef613f102e4f96378b2	38341
docs/media/uploads/2020/05/صوفيا5-274x183.jpg	c6eb50f1569a636d009335eb308140e70b11ba48	13551
docs/media/uploads/2020/05/صوفيا5-333x227.jpg	98410a5e63d7fed931d8f13b4f4ce01e7e844023	44361
docs/media/uploads/2020/05/صوفيا5-347x233.jpg	9b42e63c791a9f0f3c7f16c3b7447f8672845f20	45460
docs/media/uploads/2020/05/صوفيا5-359x240.jpg	3ef2266db0e3f624b756962992eb35f790590539	46404
docs/media/uploads/2020/05/صوفيا5-364x245.jpg	76273560741aae88fc9a592fb6b2296cee803bdf	21771
docs/media/uploads/2020/05/صوفيا5-367x237.jpg	cd027820c2f22b2d51c45f43eecde749152c7af4	46635
docs/media/uploads/2020/05/صوفيا5-36x36.jpg	6d9cdaa2e8eb7fe59961dfce68a3f8a64d9cbec9	26114
docs/media/uploads/2020/05/صوفيا5-546x300.jpg	d3e60b0677c24a505bfc46986d779b4c66a68901	58902
docs/media/uploads/2020/05/صوفيا5-546x365.jpg	84c9ecfa9fea29e24f4e38a42661ece1184c4143	65133
docs/media/uploads/2020/05/صوفيا5-576x392.jpg	a0dce2dbbe966616c441933449d213c2923b8507	68519
docs/media/uploads/2020/05/صوفيا5-702x432.jpg	e0f4b0b4bcc543cbdb80964c37a7963b81e7f013	77331
docs/media/uploads/2020/05/صوفيا5-765x510.jpg	9f6e773e65d91d0e837672050a00bd592ea42724	88348
docs/media/uploads/2020/05/صوفيا5-80x54.jpg	2f2812371a1c104544e7a2c9e7ca7f293ccd50e7	2132
docs/media/uploads/2020/05/صوفيا5-81x55.jpg	fefdfcad2cf0ab43d98dd4ec52dd4c709f552ce5	27127
docs/media/uploads/2020/05/صوفيا5-85x57.jpg	ff747fdc729b77c49bf30eb209c75f7eb20e492b	27331
docs/media/uploads/2020/05/صوفيا5.jpg	934df662b29274f88d53ebf8a7726775105453e1	98505
docs/media/uploads/2020/05/صوفيا6-112x75.jpg	10224aaf0953b6d2409be31adb87764eab88f284	31954
docs/media/uploads/2020/05/صوفيا6-130x87.jpg	84aa6ee88d316d15aae5ace56cd22f9503d1f4fc	4198
docs/media/uploads/2020/05/صوفيا6-150x150.jpg	3f5f1f99130d9e188649414b093f9d383b3adb0f	6493
docs/media/uploads/2020/05/صوفيا6-165x109.jpg	c645b659f056c0b2c43473976f6865ece2684af5	34558
docs/media/uploads/2020/05/صوفيا6-170x113.jpg	eaa4d273378ef508704552b888dd9d03bd54ae46	34906
docs/media/uploads/2020/05/صوفيا6-179x116.jpg	7eec925aad70b401b85b6ce8c21d6c68fb6a3fd3	35348
docs/media/uploads/2020/05/صوفيا6-179x120.jpg	3cc20de0abb7d24ca466dfea0f1b7edc18768a3f	35376
docs/media/uploads/2020/05/صوفيا6-266x179.jpg	46956f0dbda2b5cba8422bd7c4e4905c1ed1645b	41679
docs/media/uploads/2020/05/صوفيا6-274x183.jpg	97c38fab4703fd3195f28b792b60ddec72ddc0c9	13407
docs/media/uploads/2020/05/صوفيا6-300x200.jpg	fc0a40ee07c6de65f1a7f6da272dd9cc5b6c2626	15261
docs/media/uploads/2020/05/صوفيا6-333x227.jpg	2bf8bd878ebc2010c8135fa9bd237f554af1dc1d	47269
docs/media/uploads/2020/05/صوفيا6-347x233.jpg	28edd5bbef44c0f3314d28ff23949a1a8daaa484	48640
docs/media/uploads/2020/05/صوفيا6-359x240.jpg	39a0abbd5f71ba17d9e1e204eb2ebea377b5223d	20512
docs/media/uploads/2020/05/صوفيا6-364x245.jpg	404eda2929d6bf62d3c4752eba5f8ffd197cdcf8	21201
docs/media/uploads/2020/05/صوفيا6-367x237.jpg	7855017e1db0d8f21b9fc7fdcc214ac7d8149480	49942
docs/media/uploads/2020/05/صوفيا6-36x36.jpg	6768ada43a18ee9cefdc5f003a2df79db686e839	29694
docs/media/uploads/2020/05/صوفيا6-546x300.jpg	a00376ad57ff65bf2d864cb1d6b1ba426a1730e2	64138
docs/media/uploads/2020/05/صوفيا6-546x365.jpg	3cbdae766c391b89a2d6f99791775682565ca137	69443
docs/media/uploads/2020/05/صوفيا6-576x392.jpg	7841d790bc55b69ed5891327a907fa92b2fbfc50	73320
docs/media/uploads/2020/05/صوفيا6-702x432.jpg	cd3e2ae7feb1ad565f18ffd0d5f68a4163c3c570	84209
docs/media/uploads/2020/05/صوفيا6-765x510.jpg	cf7f496ae1809665da78f91ef1e1f81b48db6b16	95334
docs/media/uploads/2020/05/صوفيا6-80x54.jpg	e86c795fca6c9e65727e06a8abe6da643f3d6c44	2067
docs/media/uploads/2020/05/صوفيا6-81x55.jpg	056129ba0ffd415f2d538f2190feefe65ca19b81	30773
docs/media/uploads/2020/05/صوفيا6-85x57.jpg	912f4e001e51ead96aebde906aa8f24b05349a99	30911
docs/media/uploads/2020/05/صوفيا6.jpg	6b170e4675520eebbb95cebd04a17ac77cdc8b1e	87184
docs/media/uploads/2020/05/طبسون--1024x614.jpg	b4ecbd2f63c80114ada648a0ef8a3224afc6bbc2	116225
docs/media/uploads/2020/05/طبسون--112x75.jpg	6d2c16bbbb9dda05149bc06335332f96cbe6ff8b	11106
docs/media/uploads/2020/05/طبسون--130x87.jpg	843ae4965861b4d0104b87381170d52959aef1fe	11769
docs/media/uploads/2020/05/طبسون--150x150.jpg	76acf650a073cdf9829f7ea211d3ac946d4fd5bf	5654
docs/media/uploads/2020/05/طبسون--1536x922.jpg	f067a9c56a9344056f8f92e7db00996f68d0bdeb	247773
docs/media/uploads/2020/05/طبسون--165x109.jpg	78bb925fea7907e2be34c66e6a50a118310bbc9e	13222
docs/media/uploads/2020/05/طبسون--170x113.jpg	3bbf706ad8365032656e5bb287a696f1ad8502a8	13590
docs/media/uploads/2020/05/طبسون--179x116.jpg	f4f3b91e20d3e3d27fdf73b829a233000f550c09	13905
docs/media/uploads/2020/05/طبسون--179x120.jpg	95f07eaea7666a98173300f9bf399b74392bc5df	13937
docs/media/uploads/2020/05/طبسون--2048x1229.jpg	013144ab66a87a839292c30d5b44accfd30545f4	420000
docs/media/uploads/2020/05/طبسون--266x179.jpg	c320cfbea75d1e747dc235d4f282e00870c4ce12	19719
docs/media/uploads/2020/05/طبسون--274x183.jpg	c3e7018c88a9b713e6873531b0fbc21a67a4b272	11369
docs/media/uploads/2020/05/طبسون--300x180.jpg	6d8f5bb6dfb14536136bc36ccad18408a256c391	12275
docs/media/uploads/2020/05/طبسون--333x227.jpg	fdf657062cebd4e56755a62af8586fe63374c567	25465
docs/media/uploads/2020/05/طبسون--347x233.jpg	dc3d933e7c34912c734b84d80f32c55beeb72aef	26490
docs/media/uploads/2020/05/طبسون--359x240.jpg	abca2f694c5652f05d0a9f7f027578d04e2879d3	27221
docs/media/uploads/2020/05/طبسون--364x245.jpg	8e5867bbd596fc4034596dd25ecf457ca54a3639	19062
docs/media/uploads/2020/05/طبسون--367x237.jpg	cda7fd0932169df2de62899e6c382e4e9714333d	27592
docs/media/uploads/2020/05/طبسون--36x36.jpg	fa8a452691594478d4fb76a4b4a9c44cb168df61	9330
docs/media/uploads/2020/05/طبسون--546x300.jpg	175208ff6b84c5a741cb1bd5587c39768ec9a0fc	43970
docs/media/uploads/2020/05/طبسون--546x365.jpg	a296573035f79a39497db1077bdd77be28378c3a	50223
docs/media/uploads/2020/05/طبسون--576x392.jpg	ee19bbeae2a89ce7a1a2385cd05ae4155eb9557a	54631
docs/media/uploads/2020/05/طبسون--702x432.jpg	bfd72e89fa6cc85e1605923f726594f6339c4e7b	69108
docs/media/uploads/2020/05/طبسون--765x510.jpg	c326cbe24c4588449567548bcdb53d2b6bed13fa	86251
docs/media/uploads/2020/05/طبسون--768x461.jpg	5268ae0e8909cc6285466b234c6ccf07928d2e58	68283
docs/media/uploads/2020/05/طبسون--80x54.jpg	c43772c5ce8eb64ecf89f90f004ddc1dbb6f4b84	10070
docs/media/uploads/2020/05/طبسون--81x55.jpg	bd33deb13b23a4ee8d157cf9d549264e83e7c35e	10129
docs/media/uploads/2020/05/طبسون--85x57.jpg	8badc483514433152d627fa8b9559ebe9d1e6402	10293
docs/media/uploads/2020/05/طبسون--scaled.jpg	d63da6efaee1e0ec478d94d9ebcde335c1157166	669686
docs/media/uploads/2020/05/طبسون-.jpg	53fad76802932d534ea35276066580da56ba1668	4134845
docs/media/uploads/2020/05/عبدو-جابر-1-112x75.jpg	ac76a8a8519fcf7d7dbca70ebd44c725f70b167b	3575
docs/media/uploads/2020/05/عبدو-جابر-1-130x87.jpg	30d728a1495a7aeaecc482bd8acd5e38c4130aa0	4565
docs/media/uploads/2020/05/عبدو-جابر-1-150x150.jpg	95fa50764fd3c9f8cf6378c3c6481123392a17a4	8002
docs/media/uploads/2020/05/عبدو-جابر-1-165x109.jpg	573198a036e4406a127d49f5b53a396ba2eaff2d	6600
docs/media/uploads/2020/05/عبدو-جابر-1-170x113.jpg	45f9ce2bb11dbe091ba52cebf7b1052caee57b8e	7076
docs/media/uploads/2020/05/عبدو-جابر-1-179x116.jpg	6225f09554a9dc999a28c0d174a130df050ce759	7575
docs/media/uploads/2020/05/عبدو-جابر-1-179x120.jpg	ffc2eb732ef2474275b285f2cb37d2bf5f4f8691	7562
docs/media/uploads/2020/05/عبدو-جابر-1-266x179.jpg	59ae8e39aa99733a7b617b96eb1b58c9a19b8d3b	15731
docs/media/uploads/2020/05/عبدو-جابر-1-274x183.jpg	72289361fe56f4905e8c53bcf199543f8f0163a2	16241
docs/media/uploads/2020/05/عبدو-جابر-1-300x200.jpg	aa8b8662732d21002bce52510441ac0d939b2f7c	18693
docs/media/uploads/2020/05/عبدو-جابر-1-333x227.jpg	71e49990df1408e5fcb75dff9f679e5259cb9590	23603
docs/media/uploads/2020/05/عبدو-جابر-1-347x233.jpg	8e662f32b146bde2b6f88770694d22a6dadd20df	25305
docs/media/uploads/2020/05/عبدو-جابر-1-359x240.jpg	6a70900e298279af28165716cc97c89d236e8f7d	26373
docs/media/uploads/2020/05/عبدو-جابر-1-364x245.jpg	48b2097265f7705b889811ce3c03875989b1186b	27545
docs/media/uploads/2020/05/عبدو-جابر-1-367x237.jpg	0a304d146de5f809a7f0fe3f8e489383d9915f89	27161
docs/media/uploads/2020/05/عبدو-جابر-1-36x36.jpg	e06bcbfea6db624f72f6df537d90407dc1d9a6db	1177
docs/media/uploads/2020/05/عبدو-جابر-1-546x300.jpg	f6a9a630b453f1ca50e2afaacfb21968a8149ad8	49717
docs/media/uploads/2020/05/عبدو-جابر-1-546x365.jpg	4881d6cc8ce47715c6d4c4f4f78bc3510425c633	57041
docs/media/uploads/2020/05/عبدو-جابر-1-576x392.jpg	575e84435c48b80d57e886cb7744bec57d87dfb7	63384
docs/media/uploads/2020/05/عبدو-جابر-1-702x432.jpg	b47aef4b0024d56a43e501c624fd418e17701c1e	80856
docs/media/uploads/2020/05/عبدو-جابر-1-765x510.jpg	71edd21aeb0a724a3226b4139686712c79a15b35	97526
docs/media/uploads/2020/05/عبدو-جابر-1-80x54.jpg	9b0563022ba87f89d4349f0dd9ce916b4d260e19	2192
docs/media/uploads/2020/05/عبدو-جابر-1-81x55.jpg	daa7b19b5ec4050be36057b7f651ba51ac107ee3	2307
docs/media/uploads/2020/05/عبدو-جابر-1-85x57.jpg	db6c39088b6388ed7c425b2b91fe9a5e551091b7	2470
docs/media/uploads/2020/05/عبدو-جابر-1.jpg	4e9cc34e25a82f3cd623d294f8c4fadce16739ad	126455
docs/media/uploads/2020/05/عبدو-جابر-10-112x75.jpg	9b483a46b80f0d9dfb84e3bddfb7a97195020042	3467
docs/media/uploads/2020/05/عبدو-جابر-10-130x87.jpg	1f7936e23e6e9e1d16f4e68bac2c4cd7a8aad0c5	4229
docs/media/uploads/2020/05/عبدو-جابر-10-150x150.jpg	4bb7c601ff090f8d42695f3fda6ffde10d5769ff	6984
docs/media/uploads/2020/05/عبدو-جابر-10-165x109.jpg	f56a143f3b9d0e59dc6c025f2bfd4c7221e8fc47	6069
docs/media/uploads/2020/05/عبدو-جابر-10-170x113.jpg	a5758a77a421ff0d6d9dcfec82219fb52e725b54	6408
docs/media/uploads/2020/05/عبدو-جابر-10-179x116.jpg	e3289e0b0b62638ecf1dbeb449add09b015799dd	6763
docs/media/uploads/2020/05/عبدو-جابر-10-179x120.jpg	36ece71028988369c2e991bbb5d0d7c04366b82c	6803
docs/media/uploads/2020/05/عبدو-جابر-10-200x300.jpg	59db512d48492a10722329e9832b54f643e559a4	14376
docs/media/uploads/2020/05/عبدو-جابر-10-266x179.jpg	4a8ee9cedf6ed734bec47faaf562c67b4b5710a2	12933
docs/media/uploads/2020/05/عبدو-جابر-10-274x183.jpg	f109dec53f33001fc120ae48fcf56feb1002b7ab	13215
docs/media/uploads/2020/05/عبدو-جابر-10-333x227.jpg	4d4a8db49a084aab9b7845f90062796fcd91e254	18220
docs/media/uploads/2020/05/عبدو-جابر-10-347x233.jpg	b7db069219d25383a7177a1c9e0f942cf09b083e	19022
docs/media/uploads/2020/05/عبدو-جابر-10-359x240.jpg	d14ec352ba0e477a8c94aa894b4ed3c516e4f4a5	19742
docs/media/uploads/2020/05/عبدو-جابر-10-364x245.jpg	5877f592fb0f468081eedf1009539f2c6ae7835d	20363
docs/media/uploads/2020/05/عبدو-جابر-10-367x237.jpg	c175faf8e086fc9968b3f07fa4c8da65f8e65559	19978
docs/media/uploads/2020/05/عبدو-جابر-10-36x36.jpg	2081261ca1a5a697a18c0e662afc4f21e47f2f2d	1167
docs/media/uploads/2020/05/عبدو-جابر-10-546x300.jpg	0556f6a6034874df89a32e8aa1ecede1284a26ba	30186
docs/media/uploads/2020/05/عبدو-جابر-10-546x365.jpg	bc8574b787abb21903a85589cd7c9b9c649cf2fe	36066
docs/media/uploads/2020/05/عبدو-جابر-10-576x392.jpg	af8818af2075b9310c42b31d10cb3e38fc98769d	38930
docs/media/uploads/2020/05/عبدو-جابر-10-702x432.jpg	fcf1f44702a4440a8c6339c5e1130d6d281a6094	46435
docs/media/uploads/2020/05/عبدو-جابر-10-765x510.jpg	c98919e2f3e3432fe561530b9ddd9c975d85bb94	56597
docs/media/uploads/2020/05/عبدو-جابر-10-80x54.jpg	dc9d3c30625af07d2125a6837e53a414f7678762	2201
docs/media/uploads/2020/05/عبدو-جابر-10-81x55.jpg	645380ee2eebc5bde6748a3545a8de13f66f6a33	2224
docs/media/uploads/2020/05/عبدو-جابر-10-85x57.jpg	18a117d58b43d3ecf6c37789f30af3bbbd44f308	2449
docs/media/uploads/2020/05/عبدو-جابر-10.jpg	4f203cd606c0c34ff45c5fd6c08bfa02f5306b36	81422
docs/media/uploads/2020/05/عبدو-جابر-11-112x75.jpg	178c8c0c5bb90d783397670bce74145270e9e98a	3822
docs/media/uploads/2020/05/عبدو-جابر-11-130x87.jpg	47b35ec5ece565b72999dcb7f400710799c9a6f5	4803
docs/media/uploads/2020/05/عبدو-جابر-11-150x150.jpg	2fee6bc4fcf29910bf8c02c29ebb915729dbdceb	8676
docs/media/uploads/2020/05/عبدو-جابر-11-165x109.jpg	69a79fa695fd670ba45920d4ee083edbdad4eb44	6990
docs/media/uploads/2020/05/عبدو-جابر-11-170x113.jpg	1c1081732189e4cb66e1eb223a907aad34179c1b	7567
docs/media/uploads/2020/05/عبدو-جابر-11-179x116.jpg	edf379cf3c0cf3a030ec0a6f861515111addb5e7	8015
docs/media/uploads/2020/05/عبدو-جابر-11-179x120.jpg	b5a52fe7b9a8f5b2ac4f4e8729376f3b11c35023	8063
docs/media/uploads/2020/05/عبدو-جابر-11-266x179.jpg	40f20c013cd6e2a764ad53bec1fadf903de535ce	16492
docs/media/uploads/2020/05/عبدو-جابر-11-274x183.jpg	f28a949420f3db6801b63914145b413e142398c4	17037
docs/media/uploads/2020/05/عبدو-جابر-11-300x200.jpg	6f9ec094a9fe4cb473509e0de4b8a78a6db1dabd	19529
docs/media/uploads/2020/05/عبدو-جابر-11-333x227.jpg	949e7797bda5db37475f6bea9b49137c39548f5f	24463
docs/media/uploads/2020/05/عبدو-جابر-11-347x233.jpg	b8351d49358c85821ff883d78420865651892667	26197
docs/media/uploads/2020/05/عبدو-جابر-11-359x240.jpg	fc122d8edfabd433f54b7bab38950202be4f55e6	27115
docs/media/uploads/2020/05/عبدو-جابر-11-364x245.jpg	38bf2651bc454fa893282c7d829bc6ecb216bcef	28187
docs/media/uploads/2020/05/عبدو-جابر-11-367x237.jpg	dcf87d279bae3d5a3e8fb11dc6c3059fa7461154	27664
docs/media/uploads/2020/05/عبدو-جابر-11-36x36.jpg	c0c811a5290f664068f1e7623baaa96724a31408	1196
docs/media/uploads/2020/05/عبدو-جابر-11-546x300.jpg	47cbc855fca125c5d3f9e30e6855aa3c6959c6f6	47666
docs/media/uploads/2020/05/عبدو-جابر-11-546x365.jpg	47b2362deefbafb40e2d83383444854aeaea9538	55253
docs/media/uploads/2020/05/عبدو-جابر-11-576x392.jpg	ac833363e58a4b17fbc2873dcaa7e3c01b35a676	60636
docs/media/uploads/2020/05/عبدو-جابر-11-702x432.jpg	a9e63d379041413dad27bd064c871c27852ac67a	75257
docs/media/uploads/2020/05/عبدو-جابر-11-765x510.jpg	78f9aa8f702ceb6994458ad30963c48e8c74be71	90888
docs/media/uploads/2020/05/عبدو-جابر-11-80x54.jpg	99afa1aa48004b5dfb2da557d543f5ceaf9dde47	2303
docs/media/uploads/2020/05/عبدو-جابر-11-81x55.jpg	4a6c6bace9f108ffc22d7ec13455e147876d34c5	2418
docs/media/uploads/2020/05/عبدو-جابر-11-85x57.jpg	7f6929e5f5b0e4ee38bf9370502c7b4cb54eee3a	2595
docs/media/uploads/2020/05/عبدو-جابر-11.jpg	fd13803376bbd1f7997f6ed3e85081365c159b0a	114253
docs/media/uploads/2020/05/عبدو-جابر-12-112x75.jpg	89a7971b1034f6c1a07c9b5d93f510f73c5d4308	4429
docs/media/uploads/2020/05/عبدو-جابر-12-130x87.jpg	0e72519ce9a23d06684c69ade8a061e8dd78c538	5563
docs/media/uploads/2020/05/عبدو-جابر-12-150x150.jpg	4f9377f3f4c42c1bb164277c76bfa3ce4a2e70f3	9884
docs/media/uploads/2020/05/عبدو-جابر-12-165x109.jpg	e1f08cf2c658cffd348d3a85ac44bd92d6074d07	8136
docs/media/uploads/2020/05/عبدو-جابر-12-170x113.jpg	4fc542835419b8c0e83b901b4a926a847298e1c9	8709
docs/media/uploads/2020/05/عبدو-جابر-12-179x116.jpg	816512f866d808694dcf7041b003d7431f837652	9283
docs/media/uploads/2020/05/عبدو-جابر-12-179x120.jpg	69c4cf45826e45de9af0e0263c7052d914759114	9314
docs/media/uploads/2020/05/عبدو-جابر-12-266x179.jpg	c7e252e37684d2d970260428ce3f4fde779bdfc7	18909
docs/media/uploads/2020/05/عبدو-جابر-12-274x183.jpg	3fbd0c840c513713b5973adfa7905e265e2e223c	19538
docs/media/uploads/2020/05/عبدو-جابر-12-300x200.jpg	52fb9447226bd0b8a776ce9720485150f2338dcc	22412
docs/media/uploads/2020/05/عبدو-جابر-12-333x227.jpg	5e7280cbc3822a0a0208487d0ce9af92b97eda60	28189
docs/media/uploads/2020/05/عبدو-جابر-12-347x233.jpg	7dcdc4ecc02a4bc1d24cd604e022e9be399c158a	29816
docs/media/uploads/2020/05/عبدو-جابر-12-359x240.jpg	ccf7df89cde4add9ab590250758f622075c72494	31177
docs/media/uploads/2020/05/عبدو-جابر-12-364x245.jpg	c84f766f51e5480ec170c415a06185eb26d07096	32224
docs/media/uploads/2020/05/عبدو-جابر-12-367x237.jpg	83e5517dd9e8479b3fc1f971cbeaa5b267f89497	31610
docs/media/uploads/2020/05/عبدو-جابر-12-36x36.jpg	060f979f6b903d0ff0fb9ddd83ddf31ae2005318	1346
docs/media/uploads/2020/05/عبدو-جابر-12-546x300.jpg	321e1579951de8d8396f7192758c5a4e21ed3e90	53427
docs/media/uploads/2020/05/عبدو-جابر-12-546x365.jpg	07e06390000898160a3888d870c7de0c3e553e43	62760
docs/media/uploads/2020/05/عبدو-جابر-12-576x392.jpg	25b9f90c4bff26d141320275638afeaefe0d7f41	69181
docs/media/uploads/2020/05/عبدو-جابر-12-702x432.jpg	44962ef7a34e04fae4837ba16ccb1d0ab07e5558	84838
docs/media/uploads/2020/05/عبدو-جابر-12-765x510.jpg	dfb9c6586bc5234bf13ac1b1f23c71adfeb2a8ea	103234
docs/media/uploads/2020/05/عبدو-جابر-12-80x54.jpg	f0f4060fda629145dd062edbcf16de2e81173d18	2650
docs/media/uploads/2020/05/عبدو-جابر-12-81x55.jpg	bffb2361316f5905aee5f506c7becbc0bf318fe2	2773
docs/media/uploads/2020/05/عبدو-جابر-12-85x57.jpg	c75b07321fa83d70952de82079f64cb5734294fd	2983
docs/media/uploads/2020/05/عبدو-جابر-12.jpg	84dad0f741fc557222ea71d262ae136692aca6ba	128665
docs/media/uploads/2020/05/عبدو-جابر-13-112x75.jpg	d29a0e97192fa8ce3b3508de49f5d646c0f4a2c0	2880
docs/media/uploads/2020/05/عبدو-جابر-13-130x87.jpg	a33ce899648083b9e68e60d3a7622520372fb5d7	3566
docs/media/uploads/2020/05/عبدو-جابر-13-150x150.jpg	90ba42930e6f551a4edad0abe8f39708d6927547	5327
docs/media/uploads/2020/05/عبدو-جابر-13-165x109.jpg	5ef9a4a8e4b9c2c89ac484837c36f642c5e0afe1	4911
docs/media/uploads/2020/05/عبدو-جابر-13-170x113.jpg	532d0092ca1eb851d6cdf34437949c8396b26125	5305
docs/media/uploads/2020/05/عبدو-جابر-13-179x116.jpg	fa35b373ff31e0a8c72918d7e7a0d0e73fbf0d50	5537
docs/media/uploads/2020/05/عبدو-جابر-13-179x120.jpg	2ddb112ae211d6e9955e238d30216db634281003	5552
docs/media/uploads/2020/05/عبدو-جابر-13-266x179.jpg	fa93a13323cf165d39c756dd749241195b85d90a	10376
docs/media/uploads/2020/05/عبدو-جابر-13-274x183.jpg	b203ebe310a17f11b8428b2c8506080ab5769d9e	10819
docs/media/uploads/2020/05/عبدو-جابر-13-300x200.jpg	9124fa32e5a9c38877b77db37d333ecfa0a95ffb	12322
docs/media/uploads/2020/05/عبدو-جابر-13-333x227.jpg	1d358c4808b83384bd672c733cb2e2c1ab9acbaa	14886
docs/media/uploads/2020/05/عبدو-جابر-13-347x233.jpg	d66421fcc59d8dd5b7df197f208509dbe9c021a0	15989
docs/media/uploads/2020/05/عبدو-جابر-13-359x240.jpg	cd131a906720ba268e4ea29fc2699faf54020f0f	16626
docs/media/uploads/2020/05/عبدو-جابر-13-364x245.jpg	8ef28705eedb3c2d67fb5d4a0ba6eac24d04b3a0	17098
docs/media/uploads/2020/05/عبدو-جابر-13-367x237.jpg	17ee0eb2f80cbb9955a6f57e6ab20ac21e4a7ca8	16830
docs/media/uploads/2020/05/عبدو-جابر-13-36x36.jpg	b0c78f7c4fa7ede6210e501b3c2392654cf9c61c	1049
docs/media/uploads/2020/05/عبدو-جابر-13-546x300.jpg	4e2696731ec3fe60c901b410c1af710a4f8cd387	27879
docs/media/uploads/2020/05/عبدو-جابر-13-546x365.jpg	4bcd843743da73aeb3abd4532ceb92ae050d45c2	32186
docs/media/uploads/2020/05/عبدو-جابر-13-576x392.jpg	faba0e35f5e09dda2a949e681cca1ef5154e7d9f	35267
docs/media/uploads/2020/05/عبدو-جابر-13-702x432.jpg	910e09a4d7b839faf2e9c993976c5b624189a023	43583
docs/media/uploads/2020/05/عبدو-جابر-13-765x510.jpg	450eb223b4a7f4d5a769b5c4c42f713e8ab80c3c	52281
docs/media/uploads/2020/05/عبدو-جابر-13-80x54.jpg	bedffa783d8a330175e421701a924bafa4b35c8f	1865
docs/media/uploads/2020/05/عبدو-جابر-13-81x55.jpg	2045101258a2995158316ee6ffe46f27be8f0c13	1950
docs/media/uploads/2020/05/عبدو-جابر-13-85x57.jpg	0b4ebbbb3be8a1a0a96d84034b271d10a1ce8615	2075
docs/media/uploads/2020/05/عبدو-جابر-13.jpg	3696da5ea974db02493e7b2e938de8b396d46851	81694
docs/media/uploads/2020/05/عبدو-جابر-2-112x75.jpg	7f707037e2293a0bee30bc78a0f7494e26139951	3588
docs/media/uploads/2020/05/عبدو-جابر-2-130x87.jpg	b3b633143371cdd83ece7fc358f98b4d55bd968d	4573
docs/media/uploads/2020/05/عبدو-جابر-2-150x150.jpg	9a2e47680610199940c7b9c029dd8a4df9f4e7db	7980
docs/media/uploads/2020/05/عبدو-جابر-2-165x109.jpg	595e82c8ce7acace013cea5fec92fcd584bd9642	6604
docs/media/uploads/2020/05/عبدو-جابر-2-170x113.jpg	53c8711a6825257de0d6ac59a1aba0bd78ca1f32	6939
docs/media/uploads/2020/05/عبدو-جابر-2-179x116.jpg	1bc01cd0e8f65d7e05b7e493077161a6423938e4	7558
docs/media/uploads/2020/05/عبدو-جابر-2-179x120.jpg	87c83551d8a480fcf2124894f761115fd65a4ecb	7443
docs/media/uploads/2020/05/عبدو-جابر-2-266x179.jpg	bb8310ec5ee8d06b14405dab717d52a30809e506	15249
docs/media/uploads/2020/05/عبدو-جابر-2-274x183.jpg	905cd8cba029b386bacfd0f2f500596e65f60f61	15858
docs/media/uploads/2020/05/عبدو-جابر-2-300x200.jpg	4b32a0b679ab097b2677c41c5a34a804defa792b	18347
docs/media/uploads/2020/05/عبدو-جابر-2-333x227.jpg	b87ddff8a80fe8e1b9adaab0fd5f29f623cb7f38	22831
docs/media/uploads/2020/05/عبدو-جابر-2-347x233.jpg	083a7ae08bd96695c804ae0133e2a481259211a1	24442
docs/media/uploads/2020/05/عبدو-جابر-2-359x240.jpg	c7d60dd567cc58392753cf908e8e25291ebcefd9	25482
docs/media/uploads/2020/05/عبدو-جابر-2-364x245.jpg	e9857487bd09b6f874374302ca0407a1cab10a15	26466
docs/media/uploads/2020/05/عبدو-جابر-2-367x237.jpg	1fc819f07b62a85a920a29d4b85cc28c084cfc99	26261
docs/media/uploads/2020/05/عبدو-جابر-2-36x36.jpg	db27fc37e01a64ca5bb46a0a41c0d3b43fb5c971	1197
docs/media/uploads/2020/05/عبدو-جابر-2-546x300.jpg	9f3acc466a9a3748bc4130551079e8305271e9ae	47778
docs/media/uploads/2020/05/عبدو-جابر-2-546x365.jpg	ea855405d6b511f539f389f1f57133425190145b	54077
docs/media/uploads/2020/05/عبدو-جابر-2-576x392.jpg	650005521cdc4850e06b22d8a3d9cdf3df71497d	59678
docs/media/uploads/2020/05/عبدو-جابر-2-702x432.jpg	c2892230b24cd395069c87068d58ac0458797b5e	76226
docs/media/uploads/2020/05/عبدو-جابر-2-765x510.jpg	90ff9e4095c153114e687eb9279937be63a2fd05	91466
docs/media/uploads/2020/05/عبدو-جابر-2-80x54.jpg	fde5360ce4891794d6421fdcfa9ab19fb61b484b	2232
docs/media/uploads/2020/05/عبدو-جابر-2-81x55.jpg	ff79cda4ed7da013e32157fad43a03b29f46638f	2331
docs/media/uploads/2020/05/عبدو-جابر-2-85x57.jpg	22b9eb89b5cd2a5cdb40034262f4f0324e97e7cf	2477
docs/media/uploads/2020/05/عبدو-جابر-2.jpg	7a70d98b61b026e26caa4762c05db2a07c31576e	119567
docs/media/uploads/2020/05/عبدو-جابر-3-112x75.jpg	be292d7988336a1ccb5df35eaa3e718e51af711b	3443
docs/media/uploads/2020/05/عبدو-جابر-3-130x87.jpg	44d9274d68bfec3cefe34f659080da9bbd823ed4	4142
docs/media/uploads/2020/05/عبدو-جابر-3-150x150.jpg	290e4033e855a5def17f9efa29ad55af2877c074	7313
docs/media/uploads/2020/05/عبدو-جابر-3-165x109.jpg	aff42560e3b805052076b017ba28c2e9d0647b03	5981
docs/media/uploads/2020/05/عبدو-جابر-3-170x113.jpg	673708817758ec3a89522ffbe7ef78f0de0004ee	6297
docs/media/uploads/2020/05/عبدو-جابر-3-179x116.jpg	7ad5930dbf4bab22271e307b7b412e40b7779b19	6567
docs/media/uploads/2020/05/عبدو-جابر-3-179x120.jpg	891ed2a5ee0cb61ce747c487abdbe227a0a34749	6635
docs/media/uploads/2020/05/عبدو-جابر-3-200x300.jpg	522c8ff09f8ee219c1b49a92ff34de14a911adee	15920
docs/media/uploads/2020/05/عبدو-جابر-3-266x179.jpg	35b51298ba73202d1a1b5b1e5825a5cf227de19d	12372
docs/media/uploads/2020/05/عبدو-جابر-3-274x183.jpg	e7f3b502b20a20ec91042026f2421fd458703cdf	12579
docs/media/uploads/2020/05/عبدو-جابر-3-333x227.jpg	5054e79fa48385e36bafcc5d7e9a576e1c37748b	17225
docs/media/uploads/2020/05/عبدو-جابر-3-347x233.jpg	b82a88213249539d007ac841af474f77a53556f3	18021
docs/media/uploads/2020/05/عبدو-جابر-3-359x240.jpg	48f4e1332a4da1301ff068a9dc5a135cb0a4edc9	18522
docs/media/uploads/2020/05/عبدو-جابر-3-364x245.jpg	4127b2731dd97a2d18733177b04211491acd4fee	19093
docs/media/uploads/2020/05/عبدو-جابر-3-367x237.jpg	29b891c64c2ab03a60ca634b42ab9e4bf94ca60f	18560
docs/media/uploads/2020/05/عبدو-جابر-3-36x36.jpg	8370492a038c1bf5fc6df27d21a30fea0b153dd8	1172
docs/media/uploads/2020/05/عبدو-جابر-3-546x300.jpg	50baa88d80276ab2b3e66a77a452a51b0270adeb	26846
docs/media/uploads/2020/05/عبدو-جابر-3-546x365.jpg	d36d8c3cbd83f3fa0e69bd9151a2986769df34a7	33213
docs/media/uploads/2020/05/عبدو-جابر-3-576x392.jpg	56fc6d023ec47354b132aefa0b1c3f0ce6fa9a25	35932
docs/media/uploads/2020/05/عبدو-جابر-3-702x432.jpg	ec85622cdc64247939da6cc789b662b1a8aab648	42145
docs/media/uploads/2020/05/عبدو-جابر-3-765x510.jpg	a74d6e773eb7ae603dbf07c47272475750d5f68f	52139
docs/media/uploads/2020/05/عبدو-جابر-3-80x54.jpg	76f0e0b9d25bc1725da152dee9c240b2e1771c36	2199
docs/media/uploads/2020/05/عبدو-جابر-3-81x55.jpg	ded427dc90008f3273c12c5231a78f83974f199f	2237
docs/media/uploads/2020/05/عبدو-جابر-3-85x57.jpg	c1f931b111c116a27298db89ce31cd66e6006b6a	2445
docs/media/uploads/2020/05/عبدو-جابر-3.jpg	9e716e4107dd0febb312e7258176faded14c34ae	85648
docs/media/uploads/2020/05/عبدو-جابر-4-112x75.jpg	58c7b7505fb8aef987b90bf28f5a1a954f6d3d3e	3484
docs/media/uploads/2020/05/عبدو-جابر-4-130x87.jpg	e2ca378e84923f5315abe79e8ea11dafaac7948b	4252
docs/media/uploads/2020/05/عبدو-جابر-4-150x150.jpg	f92c7186450587456dcecf68946cfa1f0cba8ab8	7851
docs/media/uploads/2020/05/عبدو-جابر-4-165x109.jpg	4c3b9f3756b9cc73521f80f88e73b725424986fa	6174
docs/media/uploads/2020/05/عبدو-جابر-4-170x113.jpg	7346aa769a9904ae0bc9289b94b2b795181f0944	6556
docs/media/uploads/2020/05/عبدو-جابر-4-179x116.jpg	8d2d104aa20b31629277fd079deeefbbcdc4fce3	6863
docs/media/uploads/2020/05/عبدو-جابر-4-179x120.jpg	88abdabb535f101ac349f45a09bdd3afec667b06	6876
docs/media/uploads/2020/05/عبدو-جابر-4-200x300.jpg	b064c5f5e0755dfba9ad5c17654f4cc56ceebf70	17918
docs/media/uploads/2020/05/عبدو-جابر-4-266x179.jpg	fe97551f03a8c39e790c5b2f890955d1d71a3846	13126
docs/media/uploads/2020/05/عبدو-جابر-4-274x183.jpg	faac2e354a2a21da2d93e913672e67cea974f5d4	13469
docs/media/uploads/2020/05/عبدو-جابر-4-333x227.jpg	d51a3963a67e0e85f3cdab657d113219c49a88a8	18841
docs/media/uploads/2020/05/عبدو-جابر-4-347x233.jpg	7202134b2fcebae4ff615a353bbdb1a0c964ad65	19685
docs/media/uploads/2020/05/عبدو-جابر-4-359x240.jpg	2dc9799d9becf0c323967d833acaf0d62eea2d27	20285
docs/media/uploads/2020/05/عبدو-جابر-4-364x245.jpg	86681d6b581e8a43325a64464427aa581613cf64	21095
docs/media/uploads/2020/05/عبدو-جابر-4-367x237.jpg	8485ec6632bebbdc269dcf42002a649e42cae0db	20423
docs/media/uploads/2020/05/عبدو-جابر-4-36x36.jpg	5173c5e1279fefb45e2fcce291806ee5db290986	1195
docs/media/uploads/2020/05/عبدو-جابر-4-546x300.jpg	34151a2916d997b697c4a0086119ace332a8d4c0	30628
docs/media/uploads/2020/05/عبدو-جابر-4-546x365.jpg	35b8e724f589d93ea783ce17abb4e239d73171b7	37021
docs/media/uploads/2020/05/عبدو-جابر-4-576x392.jpg	1ae809e7d50081937fce2d1597db57b31e34f583	39988
docs/media/uploads/2020/05/عبدو-جابر-4-702x432.jpg	2bc105fc23a15be0bab6e938e22b3817ee3e0714	47290
docs/media/uploads/2020/05/عبدو-جابر-4-765x510.jpg	c8f71cde6c560ed08804bfeecc45e219c39776e4	57875
docs/media/uploads/2020/05/عبدو-جابر-4-80x54.jpg	18933bef111e40609ade90fa128ae00516f1e826	2169
docs/media/uploads/2020/05/عبدو-جابر-4-81x55.jpg	bdfb868e7ddc21c8212943e71a7af0727ef4fb7a	2210
docs/media/uploads/2020/05/عبدو-جابر-4-85x57.jpg	38d57501e08732b291ba2569787ee64337017ab8	2428
docs/media/uploads/2020/05/عبدو-جابر-4.jpg	d98bf24e6becfcb47d6d8a8b788faa3d26cc9cee	95750
docs/media/uploads/2020/05/عبدو-جابر-5-112x75.jpg	4fe7c3107332adb9c5cde020ac2e034eb69f08df	3393
docs/media/uploads/2020/05/عبدو-جابر-5-130x87.jpg	f11532f8e2577b89ee96fdc937efe82972fb0ed0	4196
docs/media/uploads/2020/05/عبدو-جابر-5-150x150.jpg	c49e3a9bc62ba93f8ab248c3f8fe508ba71e2649	7774
docs/media/uploads/2020/05/عبدو-جابر-5-165x109.jpg	c7ce5d378746c690d9ea1a259a30837854d001d1	6314
docs/media/uploads/2020/05/عبدو-جابر-5-170x113.jpg	5c274a19736625a875c40051b728a32c03a874eb	6673
docs/media/uploads/2020/05/عبدو-جابر-5-179x116.jpg	d08dd2de0cd2c71388ed268ff04a8f9663dfcef0	7088
docs/media/uploads/2020/05/عبدو-جابر-5-179x120.jpg	4b47f994e0d1df4ab51cada0aed509309d43e534	7164
docs/media/uploads/2020/05/عبدو-جابر-5-200x300.jpg	d457e10a8cb77f0079181a0d3b3c800457bc319d	18001
docs/media/uploads/2020/05/عبدو-جابر-5-266x179.jpg	307b54c6a3c93240cf4192a2cf2ced8dd3904cca	14843
docs/media/uploads/2020/05/عبدو-جابر-5-274x183.jpg	5d1801e29f4f3c56204a5f9d047df0ab98a1f886	15323
docs/media/uploads/2020/05/عبدو-جابر-5-333x227.jpg	6bc39777d3c9411cc304bb39ae6c1d204afe6a87	22236
docs/media/uploads/2020/05/عبدو-جابر-5-347x233.jpg	af7b5f99a73a2bbabde968b35ca2ec24b6b0694b	23546
docs/media/uploads/2020/05/عبدو-جابر-5-359x240.jpg	37e78147c9554539aed98a20807d29eb8df8772a	24599
docs/media/uploads/2020/05/عبدو-جابر-5-364x245.jpg	3cdd3ce4878cd9e7a7599f9b1689ad52b04d4118	25503
docs/media/uploads/2020/05/عبدو-جابر-5-367x237.jpg	62a3a7702b7b8bf54974d226a78b37373060e8e2	24788
docs/media/uploads/2020/05/عبدو-جابر-5-36x36.jpg	14cfc5a652d3db4e5de077c054795223e09de5c4	1148
docs/media/uploads/2020/05/عبدو-جابر-5-546x300.jpg	d2d3129ef085fc79a9a725748d6f8daf9d58ea27	39332
docs/media/uploads/2020/05/عبدو-جابر-5-546x365.jpg	521decdd547d07f0b56206a478e78a21894893bb	47559
docs/media/uploads/2020/05/عبدو-جابر-5-576x392.jpg	9246ae9a94b6d069dc226ca4ff10dd6be7c9cafa	51845
docs/media/uploads/2020/05/عبدو-جابر-5-702x432.jpg	48c99ac2aef5835843f68791e8c99f3753287683	61710
docs/media/uploads/2020/05/عبدو-جابر-5-765x510.jpg	c1b498eb3346fce25b70f9600ccf283a23075c02	76239
docs/media/uploads/2020/05/عبدو-جابر-5-80x54.jpg	73750c4c0cb5ed35d7d1219481a23776a657bfb5	2126
docs/media/uploads/2020/05/عبدو-جابر-5-81x55.jpg	dd5eaa6a89f0f2a9627b25e78ea460e032ad4bf2	2155
docs/media/uploads/2020/05/عبدو-جابر-5-85x57.jpg	2bc4710e557568fd25a44a3736dcae475b179eb5	2365
docs/media/uploads/2020/05/عبدو-جابر-5.jpg	b71c9f36271ade90f755dfb2ebdb79459e48495a	116453
docs/media/uploads/2020/05/عبدو-جابر-6-112x75.jpg	ce784b097393323fa584fdb556dc95134b1c39e0	3783
docs/media/uploads/2020/05/عبدو-جابر-6-130x87.jpg	6ad15a0bae807dfeed5dfae3575c113805ca5815	4650
docs/media/uploads/2020/05/عبدو-جابر-6-150x150.jpg	4d4bad1b8afe55b80825c8d082666aa5d408aebc	8168
docs/media/uploads/2020/05/عبدو-جابر-6-165x109.jpg	6458287e5d0943d6e51285da2ec915e05e31bf25	6826
docs/media/uploads/2020/05/عبدو-جابر-6-170x113.jpg	c354658fe3f708d1ebe29ab7fc7a55c4314492c1	7300
docs/media/uploads/2020/05/عبدو-جابر-6-179x116.jpg	e11d0092d9f21689ba95a31fa7e2396f1d190cb3	7710
docs/media/uploads/2020/05/عبدو-جابر-6-179x120.jpg	6585bc8167bc46452b4c60d6a3d2b33fa6842321	7771
docs/media/uploads/2020/05/عبدو-جابر-6-200x300.jpg	213f5b4b7fdb9628c15cce258ce626c31e7b1af8	19059
docs/media/uploads/2020/05/عبدو-جابر-6-266x179.jpg	8dd09e76bd8dda0ebcc2f404df251159fb9ce990	15732
docs/media/uploads/2020/05/عبدو-جابر-6-274x183.jpg	62f8754c6a6d604cd537c683508d329fe60e0c1c	16192
docs/media/uploads/2020/05/عبدو-جابر-6-333x227.jpg	cce62a6b4584ba6eae3ee46c745d48b87917fd00	23258
docs/media/uploads/2020/05/عبدو-جابر-6-347x233.jpg	7145d345434479238b4a740defe6fbf21b5cb346	24695
docs/media/uploads/2020/05/عبدو-جابر-6-359x240.jpg	bfb519bc91ccce269fbe41bd2de91ebd4f69905f	25543
docs/media/uploads/2020/05/عبدو-جابر-6-364x245.jpg	81e4004d33c7652d85d597f1670d13fc352a850a	26459
docs/media/uploads/2020/05/عبدو-جابر-6-367x237.jpg	e3d53d5119bb10804ddf016f5ef676372defef1b	25830
docs/media/uploads/2020/05/عبدو-جابر-6-36x36.jpg	75fbd59ff7daf5265d15616a139f860c56355d77	1166
docs/media/uploads/2020/05/عبدو-جابر-6-546x300.jpg	15316c4698b429db5b04f7f485025cbb60a72075	40775
docs/media/uploads/2020/05/عبدو-جابر-6-546x365.jpg	207ebe65e28de23dcd1138f417324f1f70274883	49055
docs/media/uploads/2020/05/عبدو-جابر-6-576x392.jpg	47e877a46d6f1d3df69afa17def296c764f96f17	53127
docs/media/uploads/2020/05/عبدو-جابر-6-702x432.jpg	1054ca145b52b448e1731f7f46c5234bf17d20fb	63687
docs/media/uploads/2020/05/عبدو-جابر-6-765x510.jpg	b9bf18967779e2d7a1f2513f7557e7a70c6ec3cc	77823
docs/media/uploads/2020/05/عبدو-جابر-6-80x54.jpg	04bbdb5a851f13c2b104d9da56c1c357cbb236e1	2308
docs/media/uploads/2020/05/عبدو-جابر-6-81x55.jpg	04f4ca0006a6308f5d4ce9453799bbddab649bd6	2353
docs/media/uploads/2020/05/عبدو-جابر-6-85x57.jpg	761f0bc0a707ff6715a3d2fa274f67f1808e8418	2593
docs/media/uploads/2020/05/عبدو-جابر-6.jpg	e36c3b0c157fcbc2a485587082fe83dc769fd005	127569
docs/media/uploads/2020/05/عبدو-جابر-غلاف-112x75.jpg	18cbf955e737a02591e1252e938dac1c6b34d7fd	2206
docs/media/uploads/2020/05/عبدو-جابر-غلاف-130x87.jpg	6dcd3f29766f4bd97578121881cb4db368f4f1a8	2711
docs/media/uploads/2020/05/عبدو-جابر-غلاف-150x150.jpg	3e6f682a30405b345d22b6c0847d33cc16dbd7c0	32196
docs/media/uploads/2020/05/عبدو-جابر-غلاف-165x109.jpg	d75b93f6452fe95e80a1b0bdcca09ec6d07a849b	3689
docs/media/uploads/2020/05/عبدو-جابر-غلاف-170x113.jpg	228dd76df127c06e921a7c57cef4861805cbd47b	3900
docs/media/uploads/2020/05/عبدو-جابر-غلاف-179x116.jpg	d5577f9bcd56ec228ef15dfd49f411f42f789bce	4179
docs/media/uploads/2020/05/عبدو-جابر-غلاف-179x120.jpg	a15e5c2000722640c77de8a6d020af5364c4c2fa	4101
docs/media/uploads/2020/05/عبدو-جابر-غلاف-266x179.jpg	55997a1259a8b021a3f7f730784427594b677b8a	7714
docs/media/uploads/2020/05/عبدو-جابر-غلاف-274x183.jpg	69b4e03381060f5adac431089cfc15897cc57479	7948
docs/media/uploads/2020/05/عبدو-جابر-غلاف-300x200.jpg	41fa6a66a732703b00092e632ef81bf1c9798c5e	8977
docs/media/uploads/2020/05/عبدو-جابر-غلاف-333x227.jpg	20d98f42fad7394b27e92302e0c8223f34721590	10660
docs/media/uploads/2020/05/عبدو-جابر-غلاف-347x233.jpg	1635d9d6e109cbe2379232f53e73a76672133c9b	11582
docs/media/uploads/2020/05/عبدو-جابر-غلاف-359x240.jpg	5259c172b80d84c0e020f4823fcc889f057a3b5e	11922
docs/media/uploads/2020/05/عبدو-جابر-غلاف-364x245.jpg	a6e622ab4187559399e18396eae51358180f5cac	12244
docs/media/uploads/2020/05/عبدو-جابر-غلاف-367x237.jpg	21709dcd59e3d5bd089c0cde54437bc2385e297e	12224
docs/media/uploads/2020/05/عبدو-جابر-غلاف-36x36.jpg	b46e0cf797db206f8801e706d78a3752ade971c2	638
docs/media/uploads/2020/05/عبدو-جابر-غلاف-546x300.jpg	15bd0847c45c8b34a2f43ec727474c59593c7355	19066
docs/media/uploads/2020/05/عبدو-جابر-غلاف-546x365.jpg	208c5767ba78fd49f8c1b6514ae0c1052e674b41	55442
docs/media/uploads/2020/05/عبدو-جابر-غلاف-576x392.jpg	7b59978ee81ef081e80def892da5500bda52df8a	23909
docs/media/uploads/2020/05/عبدو-جابر-غلاف-702x432.jpg	fe7e83d617d7138ab98f6ff8ac3563c5b87617b0	29507
docs/media/uploads/2020/05/عبدو-جابر-غلاف-765x510.jpg	de1fe36621f77a81590d9083f8b66830725d80cf	35324
docs/media/uploads/2020/05/عبدو-جابر-غلاف-80x54.jpg	1eed4d010d9298ab8d501f16fd9257103d3b5edd	1466
docs/media/uploads/2020/05/عبدو-جابر-غلاف-81x55.jpg	3ac4118a3c65ae38b92c2c6eccb1dd8da06d985e	1529
docs/media/uploads/2020/05/عبدو-جابر-غلاف-85x57.jpg	fbb972a0143cb9e290326fbb6bea59ff4fdbf13a	1607
docs/media/uploads/2020/05/عبدو-جابر-غلاف.jpg	6673e242b26fe4512a616d0817240e34a40246f9	64335
docs/media/uploads/2020/05/عبدو-جاير-7-112x75.jpg	d7992ccdf243706d0b455a11d34f4c9ad7eb0d11	3829
docs/media/uploads/2020/05/عبدو-جاير-7-130x87.jpg	03db44d347900369dbb0d3454e602560d2094800	4837
