path	git_blob_sha	size_bytes
docs/media/uploads/2020/05/عبدو-جاير-7-150x150.jpg	eb8a60e6a92394319bcd3030de1626600437d342	8811
docs/media/uploads/2020/05/عبدو-جاير-7-165x109.jpg	f62d97ee01950ceb5c1c7287f2a68abcd8e33648	6949
docs/media/uploads/2020/05/عبدو-جاير-7-170x113.jpg	25c8d27bc84a7ec8b8a8d2ed66f1e634b2d71042	7512
docs/media/uploads/2020/05/عبدو-جاير-7-179x116.jpg	edce4a882fadc66c919b10c3a49f104733ae2e20	7971
docs/media/uploads/2020/05/عبدو-جاير-7-179x120.jpg	31424f3db1c5fa533bcd5e15e00d6121722ceb13	7988
docs/media/uploads/2020/05/عبدو-جاير-7-266x179.jpg	b6e3c04a014976538453c58809063e264bf4e8a6	16269
docs/media/uploads/2020/05/عبدو-جاير-7-274x183.jpg	6d168aa7839c1f21bf56a53baa863a800abed03e	16729
docs/media/uploads/2020/05/عبدو-جاير-7-300x200.jpg	67fafdc30bd1ef0577f1b1dffd8988282ef1694b	19207
docs/media/uploads/2020/05/عبدو-جاير-7-333x227.jpg	e83b467d919d9d3f62b255f2b8ea20b28fb952ab	23860
docs/media/uploads/2020/05/عبدو-جاير-7-347x233.jpg	84f3e7acbaf66dbd73fe46e4ef4a9d1c854d791c	25585
docs/media/uploads/2020/05/عبدو-جاير-7-359x240.jpg	00ba1a1298d3efeb2fc6b9e017108bc69e6c95ce	26549
docs/media/uploads/2020/05/عبدو-جاير-7-364x245.jpg	bb8b5e284ce328c2b9197eaee3630bd257788cd3	27573
docs/media/uploads/2020/05/عبدو-جاير-7-367x237.jpg	4d3121abee1071d32fa92da90fd9702e0c9f4e11	27036
docs/media/uploads/2020/05/عبدو-جاير-7-36x36.jpg	ce6832ead3f6aa8d1fea093152b8b348558ee1d1	1227
docs/media/uploads/2020/05/عبدو-جاير-7-546x300.jpg	1e43d61fe44535c7ecd2dd14b722360632ecff99	45712
docs/media/uploads/2020/05/عبدو-جاير-7-546x365.jpg	ddde7b0a8e11543d995c6a1f39630462552ab901	53751
docs/media/uploads/2020/05/عبدو-جاير-7-576x392.jpg	7e29052bd39d7a750a3c2f86f24eb907b71bd158	59071
docs/media/uploads/2020/05/عبدو-جاير-7-702x432.jpg	a290f5648b7d7465149c277cd08dcccfc16be466	72934
docs/media/uploads/2020/05/عبدو-جاير-7-765x510.jpg	3770986607504565a41658748864abca770694b5	88696
docs/media/uploads/2020/05/عبدو-جاير-7-80x54.jpg	90e33a47491ffe0d9ee020e684b9e34065050142	2303
docs/media/uploads/2020/05/عبدو-جاير-7-81x55.jpg	954e26efdff23f69b5e1e28435fdca3e90387073	2454
docs/media/uploads/2020/05/عبدو-جاير-7-85x57.jpg	7fe210ad6d1d99377db7e91e1a96363270e16e06	2643
docs/media/uploads/2020/05/عبدو-جاير-7.jpg	30089ba91473d21ad93a413e0541e3dd84850376	111928
docs/media/uploads/2020/05/عبدو-جاير-8-112x75.jpg	c36b1e29c59fc10ce4c7e2746efcfa051e38bdd1	2849
docs/media/uploads/2020/05/عبدو-جاير-8-130x87.jpg	7806183af4291c90a7ab55a50ecdab2b02ce66cc	3495
docs/media/uploads/2020/05/عبدو-جاير-8-150x150.jpg	242e9ff1a4c558f69b402d2b8b80b69697bdff8f	5378
docs/media/uploads/2020/05/عبدو-جاير-8-165x109.jpg	34a4c21d70484b4d43ed07be2053d39cbd269d41	4885
docs/media/uploads/2020/05/عبدو-جاير-8-170x113.jpg	9c51fd86f470fb346164b28c31c0271910dba290	5142
docs/media/uploads/2020/05/عبدو-جاير-8-179x116.jpg	8bb295c0ff34fc6a1cea350d2ee9bec57e1b22bf	5452
docs/media/uploads/2020/05/عبدو-جاير-8-179x120.jpg	4cd43d0e94ba24d1b14fff340bc09763dde39515	5498
docs/media/uploads/2020/05/عبدو-جاير-8-266x179.jpg	d0f52e2ad707446f67b2950df83fbd8c56a532a6	10346
docs/media/uploads/2020/05/عبدو-جاير-8-274x183.jpg	9d1311efe752a5529141c63aad6a7957347aa21a	10737
docs/media/uploads/2020/05/عبدو-جاير-8-300x200.jpg	6698921165479fab189682107a9f53e11d7ae384	12195
docs/media/uploads/2020/05/عبدو-جاير-8-333x227.jpg	98932bfef3223f9729f63e0185c174c09796d079	14446
docs/media/uploads/2020/05/عبدو-جاير-8-347x233.jpg	7f11a441dcd4d392fafb7cad312cdcea22bbe508	15712
docs/media/uploads/2020/05/عبدو-جاير-8-359x240.jpg	f58eaec36dea09365fcc1f8b864d5aac48930311	16305
docs/media/uploads/2020/05/عبدو-جاير-8-364x245.jpg	f3c291ff9a6ce8bdf7551037a7f22be9353a5119	16620
docs/media/uploads/2020/05/عبدو-جاير-8-367x237.jpg	d8832c75085ea63823ab00a0cda0a99980bc1e11	16647
docs/media/uploads/2020/05/عبدو-جاير-8-36x36.jpg	8ab13ee9e1ad294852d2180ce0c1937530ba3398	1041
docs/media/uploads/2020/05/عبدو-جاير-8-546x300.jpg	396c697d3985e576b57b58c9f8b0689652f4b405	26755
docs/media/uploads/2020/05/عبدو-جاير-8-546x365.jpg	e903c9175a7b689f4b94f581f1d51e659b02317a	30856
docs/media/uploads/2020/05/عبدو-جاير-8-576x392.jpg	02af35ca2c4e3a77849bdff013bd044e11ca950c	33552
docs/media/uploads/2020/05/عبدو-جاير-8-702x432.jpg	88d566dff5dfbf5a23eed831e74281d14c71e7ec	41255
docs/media/uploads/2020/05/عبدو-جاير-8-765x510.jpg	17c05a62ae11082641637b69cc1bfc069f5f7852	49882
docs/media/uploads/2020/05/عبدو-جاير-8-80x54.jpg	8e9b9afb6dbbe4c58916f1647f1137342c1e01a2	1825
docs/media/uploads/2020/05/عبدو-جاير-8-81x55.jpg	d32e1a105c8a91c53d8d5932a9b53c24b3838646	1912
docs/media/uploads/2020/05/عبدو-جاير-8-85x57.jpg	eededd0265495913fabd191c52107f728e9c2708	2016
docs/media/uploads/2020/05/عبدو-جاير-8.jpg	a9d8e915667b240dd7666ea3fdefbeb959492c84	76063
docs/media/uploads/2020/05/عون-1-112x75.jpg	52ba8ed777ec514eb6d82799b6bbc4711ea2f5f6	4382
docs/media/uploads/2020/05/عون-1-130x87.jpg	2b3c8f7e2b39410c0bc1c9bceebd58104e710e2c	5475
docs/media/uploads/2020/05/عون-1-150x150.jpg	ace907ea90f032bceebbb6c58214e35ccd95ccdf	9877
docs/media/uploads/2020/05/عون-1-165x109.jpg	6a2e571a388437d7df277f9adc539f1904e97e38	8000
docs/media/uploads/2020/05/عون-1-170x113.jpg	38d045cbb8d6b43244a3ca2bc525cf79bdfd35ad	8508
docs/media/uploads/2020/05/عون-1-179x116.jpg	366048c6b4426b3e8f6e75e7190721e195da0a8c	9091
docs/media/uploads/2020/05/عون-1-179x120.jpg	5a07e2bb4ca69de08e644ad9f4e41ae38ae99aa2	9085
docs/media/uploads/2020/05/عون-1-266x179.jpg	df860bd44d5dd4a2d262e2d56bffe09443f9eeb0	18409
docs/media/uploads/2020/05/عون-1-274x183.jpg	6eee9e773816575a6a2544875aaf3362d2c78517	18957
docs/media/uploads/2020/05/عون-1-300x200.jpg	0bb604b2c6dd0cbd4506625dd36344047bd1870e	21618
docs/media/uploads/2020/05/عون-1-333x227.jpg	4a8f6fb73cf736e44d4c7b20dde186011f9f9f63	27746
docs/media/uploads/2020/05/عون-1-347x233.jpg	798671e813ef48f7460e3a2f403b987bc2d15568	29481
docs/media/uploads/2020/05/عون-1-359x240.jpg	5c7c80ce3cb944c8b27d88160527985eb88bf9dd	30348
docs/media/uploads/2020/05/عون-1-364x245.jpg	31511cf6f695d91d6de63427bbb904829371ff39	31833
docs/media/uploads/2020/05/عون-1-367x237.jpg	472beb600cb8fc0a5612ad158800cc7063f3acf7	31114
docs/media/uploads/2020/05/عون-1-36x36.jpg	6f58db395f47a7dd2bfe82dc3f8f1fa9fd6efe59	1400
docs/media/uploads/2020/05/عون-1-546x300.jpg	05d18b64af26831051b6384dd60e3ff10e14a5ba	55020
docs/media/uploads/2020/05/عون-1-546x365.jpg	49fc7ff190aa586a27c1287a4bea8a902387081d	64322
docs/media/uploads/2020/05/عون-1-576x392.jpg	6972312eb9d8e42eb935fbdc28caeca16b43532a	70669
docs/media/uploads/2020/05/عون-1-702x432.jpg	a7339819c315f79c51e6a2674b8bc67489924f12	88862
docs/media/uploads/2020/05/عون-1-765x510.jpg	b19d2fbff0d84d52f59a2b2465af9161f1013d41	107750
docs/media/uploads/2020/05/عون-1-80x54.jpg	f3c7ecb7b234d15831347225e6ce1d83166a48e9	2614
docs/media/uploads/2020/05/عون-1-81x55.jpg	fa8c3b783839c87766562dd706d9c3d842b70e72	2777
docs/media/uploads/2020/05/عون-1-85x57.jpg	2fd069418e11f6b7c2b977c12416898e2b3870a1	2974
docs/media/uploads/2020/05/عون-1.jpg	0ce6d618a98eaea94391ed9dcaff8ede8da5fda2	134723
docs/media/uploads/2020/05/عون-2-112x75.jpg	f48db0a93b47dabedc8f991285c896e5af770f64	3193
docs/media/uploads/2020/05/عون-2-130x87.jpg	2528e39aafa62f0a37945bd10b5af0012f8c5556	4020
docs/media/uploads/2020/05/عون-2-150x150.jpg	f35564b135d38f20c9439b997122df1c50df1e60	6882
docs/media/uploads/2020/05/عون-2-165x109.jpg	1de96369b7ccb57123dfeb195ac46488230477cb	5764
docs/media/uploads/2020/05/عون-2-170x113.jpg	9b9dbcaba0fb20f48655afd3f8f3ce53c49aad7c	6234
docs/media/uploads/2020/05/عون-2-179x116.jpg	f4d82e054b76b40cd1c2455be3ea4cedac3618e3	6541
docs/media/uploads/2020/05/عون-2-179x120.jpg	5c447f379c66b0ada1dadc5afc9a8ff704f01969	6636
docs/media/uploads/2020/05/عون-2-266x179.jpg	6436644a834b2d791a569a02c1803265a2bd5722	13326
docs/media/uploads/2020/05/عون-2-274x183.jpg	bb1e81e4002797b1d19114ba6c257f09ee11d131	13777
docs/media/uploads/2020/05/عون-2-300x200.jpg	c083958f869dbc7a80ac59eebae2d32ae12e76f9	15951
docs/media/uploads/2020/05/عون-2-333x227.jpg	55fdfef6bdb7bf8b876c9269c9929abe506e5d3b	20200
docs/media/uploads/2020/05/عون-2-347x233.jpg	ed689ccf94db444a7b8cdd9cb9665e59d1d8703a	21599
docs/media/uploads/2020/05/عون-2-359x240.jpg	d010161746a5c84859bdbc3c3d4da8c697eec176	22436
docs/media/uploads/2020/05/عون-2-364x245.jpg	79d17402091c59aad60b315d9bcccd8e9683e5a0	23470
docs/media/uploads/2020/05/عون-2-367x237.jpg	bfc9dc008b58075a9691aaf085af4ff630b61d48	22942
docs/media/uploads/2020/05/عون-2-36x36.jpg	69745069c760a0332068141d3d3040b6082759b0	1111
docs/media/uploads/2020/05/عون-2-546x300.jpg	d5ff40b47500a8f9f17e4b23dcb3aa1963d619c7	42529
docs/media/uploads/2020/05/عون-2-546x365.jpg	47013534fbd4edd57d69fe9e9f34ba74c4c7cbf2	49083
docs/media/uploads/2020/05/عون-2-576x392.jpg	d0441913d9bbb9eaa38beec89f10180b1a002949	54455
docs/media/uploads/2020/05/عون-2-702x432.jpg	d508e6798c82612b43c2c9fe50a097ad3fbe8269	69320
docs/media/uploads/2020/05/عون-2-765x510.jpg	b4f8809a3b464dcb0223b21fd9e7612a0220bbe0	84267
docs/media/uploads/2020/05/عون-2-80x54.jpg	98b110bde4e0b85b2a499327cf85453ffa87799c	2019
docs/media/uploads/2020/05/عون-2-81x55.jpg	b72bd2a347e134a5372d17ea981e6c2555dca1d0	2121
docs/media/uploads/2020/05/عون-2-85x57.jpg	2cf6322591bf2c21557331eec98714b9edab29de	2274
docs/media/uploads/2020/05/عون-2.jpg	d9e27b49903dd8b9a5299bda65f360eb88458d6c	107718
docs/media/uploads/2020/05/عون-3-112x75.jpg	202120c53b21f2d82e6449ad47b71f780044a066	30856
docs/media/uploads/2020/05/عون-3-130x87.jpg	40646c529d293e6d291335f91e5e70de7a2cf80c	3618
docs/media/uploads/2020/05/عون-3-150x150.jpg	510916e4a041b8e3ede27051e5db4ddafa0fe5e6	6547
docs/media/uploads/2020/05/عون-3-165x109.jpg	b5982d3cdc1783b6a5966a8ca92300955e2e0a2c	5219
docs/media/uploads/2020/05/عون-3-170x113.jpg	a2ab93348bc8bdccd6a3d222644f629bd4f6d1bb	33381
docs/media/uploads/2020/05/عون-3-179x116.jpg	211a7a9dbff165ebdea52f1a7971332494a6f1ea	33716
docs/media/uploads/2020/05/عون-3-179x120.jpg	602f716167bef531a84b2fefde9ef349abd6b56c	33640
docs/media/uploads/2020/05/عون-3-266x179.jpg	c4c44b4ae09e1aceec3c66e4cfae06bad003c91c	11385
docs/media/uploads/2020/05/عون-3-274x183.jpg	12629297f6a5b2062c1988ddb50d0f3b5f6ae132	11566
docs/media/uploads/2020/05/عون-3-300x200.jpg	8fbd9498413c60145ef79d2bf1f1b520e06153f7	13158
docs/media/uploads/2020/05/عون-3-333x227.jpg	a9445602153f82c820df87e461c911e3d98417ce	44651
docs/media/uploads/2020/05/عون-3-347x233.jpg	8019372d329b8f37acad9f466809ff5fd0f66578	45598
docs/media/uploads/2020/05/عون-3-359x240.jpg	39890e758577fc9336a2b59ed94ffcf18fa41ef6	17863
docs/media/uploads/2020/05/عون-3-364x245.jpg	b72fc7b7a4068e88b44c1895b7f98addb471a36f	18802
docs/media/uploads/2020/05/عون-3-367x237.jpg	8a8a4a4a99a3280f90284a2206e5ad663cb40d54	46092
docs/media/uploads/2020/05/عون-3-36x36.jpg	eb3c8b723fe80e12ce3dc4f6ab91799941e117b9	28955
docs/media/uploads/2020/05/عون-3-546x300.jpg	7797601ecb29a7b439899cf9a1b3b6904486306c	57026
docs/media/uploads/2020/05/عون-3-546x365.jpg	8024e3157dc5dc3bae01c52b5242bed934dfb02c	35995
docs/media/uploads/2020/05/عون-3-576x392.jpg	8cee7eaf71112d9193ff7804730b06528962990c	67736
docs/media/uploads/2020/05/عون-3-702x432.jpg	c24b46db6c20e11cf5891c40912ea7861e057639	75996
docs/media/uploads/2020/05/عون-3-765x510.jpg	1a1276826fc42a4ffa517e818fef3633bf84dce6	87997
docs/media/uploads/2020/05/عون-3-80x54.jpg	88833f26c03fbd6a856e60d6a35a5a45a9b0881f	1913
docs/media/uploads/2020/05/عون-3-81x55.jpg	5941715f08757f5e9008328fcd60d09ec78933e7	29837
docs/media/uploads/2020/05/عون-3-85x57.jpg	12a24eba71f4bfbab33b3d8fe8000582203be297	2141
docs/media/uploads/2020/05/عون-3.jpg	e6c5e9a17edec53ad7a12b86bb029383a37f8ba4	80893
docs/media/uploads/2020/05/عون-4-112x75.jpg	2eb86a36751d6aaca84bc4dca52739a7af40a90d	3125
docs/media/uploads/2020/05/عون-4-130x87.jpg	9a5f581601bf08ea2735739b8a23a6d1c7c46004	3910
docs/media/uploads/2020/05/عون-4-150x150.jpg	02151d50f36f7d775b714bab0843fddf2dd0c28c	6516
docs/media/uploads/2020/05/عون-4-165x109.jpg	f1283b32dbe2ad7ffcf8c4c80e49b503c81208d9	5550
docs/media/uploads/2020/05/عون-4-170x113.jpg	05f5c1531717353d0b1d8077bca050dc03477ad4	5942
docs/media/uploads/2020/05/عون-4-179x116.jpg	bbd2b63e4e099a8cb1cd775eefad0e7ba68dfbc2	6298
docs/media/uploads/2020/05/عون-4-179x120.jpg	f76ce549b8e7f9bb048993b8a0145de8d3bc0738	6307
docs/media/uploads/2020/05/عون-4-266x179.jpg	baf2c3ed3698e80db04856191bec4dc3754a1bf2	12800
docs/media/uploads/2020/05/عون-4-274x183.jpg	2c6ceb8f423dac20410d845d8d93f5f465b0f037	13141
docs/media/uploads/2020/05/عون-4-300x200.jpg	1cb69eedacd541e99552c48fafb4d8e4e74b1e57	15052
docs/media/uploads/2020/05/عون-4-333x227.jpg	1fc24ce4cdd3bd518b50180351cab8f1b5d6aa9a	19088
docs/media/uploads/2020/05/عون-4-347x233.jpg	33187b3862093b27bb40401f75c3a0d7584bf20d	20391
docs/media/uploads/2020/05/عون-4-359x240.jpg	6b7d76cabe274a6824fdaa542c3c9d7086929542	21094
docs/media/uploads/2020/05/عون-4-364x245.jpg	c4a498d55383866205f3a31d5b9de5d693843d22	22052
docs/media/uploads/2020/05/عون-4-367x237.jpg	715588094c74f855803439e2866c2c05c2f6eb52	21496
docs/media/uploads/2020/05/عون-4-36x36.jpg	35aab1827b0acd233c56c6666ae0835a43498462	1095
docs/media/uploads/2020/05/عون-4-546x300.jpg	24023a41026e0db57cd83cc26d93bab0a4550835	39081
docs/media/uploads/2020/05/عون-4-546x365.jpg	a7fb2e876220b18d12b1be7dd104e473eb3a8b29	45282
docs/media/uploads/2020/05/عون-4-576x392.jpg	cc59963b5d83843f9ddc67aee9dc3adcd03cad20	49536
docs/media/uploads/2020/05/عون-4-702x432.jpg	fffb7e8f5a217943657c0eb2f199d804a992a55c	62876
docs/media/uploads/2020/05/عون-4-765x510.jpg	151fb0aa9643cc7c6108765354cd112e2d5ec3c1	76882
docs/media/uploads/2020/05/عون-4-80x54.jpg	5cd4b77b240497587b969a99c1e30267573e3627	1953
docs/media/uploads/2020/05/عون-4-81x55.jpg	893b14613f34f8ce042645d2c1c3f81675d52480	2022
docs/media/uploads/2020/05/عون-4-85x57.jpg	7b1bb0ab1751ed7db74d1e713a152cce246556d1	2181
docs/media/uploads/2020/05/عون-4.jpg	6b62c716ab412a119d566e15c03c175373543939	98953
docs/media/uploads/2020/05/عون-ابي-عون-112x75.jpg	9207167f1b6fade8eb46c16b1399691b8be78146	26804
docs/media/uploads/2020/05/عون-ابي-عون-130x87.jpg	039c87ffa0c80c0c6598d91184d44df268e1fd96	27436
docs/media/uploads/2020/05/عون-ابي-عون-150x150.jpg	7b968278668e53c061144ef452bea43cff678102	29616
docs/media/uploads/2020/05/عون-ابي-عون-165x109.jpg	59ce98952c14d126decc4320f93ce8b7702f64ab	29055
docs/media/uploads/2020/05/عون-ابي-عون-170x113.jpg	91d63073c8073d0025a7f0e81da459f446989f0b	29205
docs/media/uploads/2020/05/عون-ابي-عون-179x116.jpg	d36a01556011dc6f9b5d79fd9579837c9763e012	29432
docs/media/uploads/2020/05/عون-ابي-عون-179x120.jpg	eb151c36bf624be09446a1c89f80eaf59b9eeec4	29479
docs/media/uploads/2020/05/عون-ابي-عون-266x179.jpg	a1a783713cb2776cd95ac2a428147553a5b98954	34486
docs/media/uploads/2020/05/عون-ابي-عون-274x183.jpg	2741d437bece85a151eef54ca7e83d5e750602b3	34871
docs/media/uploads/2020/05/عون-ابي-عون-300x300.jpg	aa898ea5fa52211aa7496f9f9947108b2a340eae	40611
docs/media/uploads/2020/05/عون-ابي-عون-333x227.jpg	fa0f999645fa29f39c0113de6fef38c4c5026a01	38989
docs/media/uploads/2020/05/عون-ابي-عون-347x233.jpg	b7f853e57f954826dd9e4a504d006b62995d1e03	39737
docs/media/uploads/2020/05/عون-ابي-عون-359x240.jpg	e1feb1024d1cb6128f2add210c81efff9ae9a305	40439
docs/media/uploads/2020/05/عون-ابي-عون-364x245.jpg	b996ec00aa186c57ccae6af02c964f76b59f8761	40791
docs/media/uploads/2020/05/عون-ابي-عون-367x237.jpg	03c593d5882840ad04225f429c149731783859f0	40649
docs/media/uploads/2020/05/عون-ابي-عون-36x36.jpg	817fee4ce651e47ecd176b3ce3d417120614cce0	25067
docs/media/uploads/2020/05/عون-ابي-عون-546x300.jpg	13abf0e120564e294ca6d6f52c97c070fe8a73da	48940
docs/media/uploads/2020/05/عون-ابي-عون-546x365.jpg	29946bb15672b8baea36d6b0a88bf160ef73bc78	53945
docs/media/uploads/2020/05/عون-ابي-عون-576x392.jpg	c84808c3b6ba09a5e043d503f99bcb37cd367f64	56049
docs/media/uploads/2020/05/عون-ابي-عون-702x432.jpg	c31fbeb5cd0a6336e5f07cbebe660d1956eb3558	62473
docs/media/uploads/2020/05/عون-ابي-عون-765x510.jpg	59c14bf8fcba493514e6205298e3d8db4f11d0f7	70602
docs/media/uploads/2020/05/عون-ابي-عون-80x54.jpg	f83e0b17c93b14110ff74456abe6461e652891f7	25887
docs/media/uploads/2020/05/عون-ابي-عون-81x55.jpg	171fa6478774cc33418c69d4362afb559bd267bc	25920
docs/media/uploads/2020/05/عون-ابي-عون-85x57.jpg	e79d5e5b4511e62aabe39e4e56563bd9266fded5	26115
docs/media/uploads/2020/05/عون-ابي-عون.jpg	2853c920ff3e61be6796f4d5f28c35b0104cf670	62449
docs/media/uploads/2020/05/فوائد-الرماية-112x75.jpg	64f1f1871bd0ee0b3b083a3efddb121eede65451	3661
docs/media/uploads/2020/05/فوائد-الرماية-130x87.jpg	0f81d0a73bfc05b8982ed6ffe13730872db15384	4576
docs/media/uploads/2020/05/فوائد-الرماية-150x150.jpg	6e3e5cc29750793859286073d7a70982079df18d	7063
docs/media/uploads/2020/05/فوائد-الرماية-165x109.jpg	ab6edb309c1cd229787e9e00bbbb600bcb7e1c18	6165
docs/media/uploads/2020/05/فوائد-الرماية-170x113.jpg	2d5ce650c1201b6164a632caf50b458d670e6179	6644
docs/media/uploads/2020/05/فوائد-الرماية-179x116.jpg	ec24c660cd3b232b35608f8da5f0902db311f08a	6877
docs/media/uploads/2020/05/فوائد-الرماية-179x120.jpg	279b8f7dfb6c147f9b940785bdda276e53c30b75	6993
docs/media/uploads/2020/05/فوائد-الرماية-266x179.jpg	28fbbb5ac3adf4cafecfd81608adaf7c76e54f75	12926
docs/media/uploads/2020/05/فوائد-الرماية-274x183.jpg	677e5f8a4b9e6355261d30d39aafb1703b079210	13454
docs/media/uploads/2020/05/فوائد-الرماية-300x200.jpg	a835c54860fa91e6deea0fc657675a8558d10243	15151
docs/media/uploads/2020/05/فوائد-الرماية-333x227.jpg	a502774e4897cbc04243c29d399d5288d229b576	17952
docs/media/uploads/2020/05/فوائد-الرماية-347x233.jpg	2739f66ed6a3f1d3f31d29a514cfd6e22addd2e9	19311
docs/media/uploads/2020/05/فوائد-الرماية-359x240.jpg	7a7a4df3eb14e5e5b3a3410f44ee262f5c6bd8bc	19947
docs/media/uploads/2020/05/فوائد-الرماية-364x245.jpg	8e36523f68f99fb071fa8eaadca895f633028f4c	20532
docs/media/uploads/2020/05/فوائد-الرماية-367x237.jpg	4f695bef59193626d7875c371005d93cb1090572	19885
docs/media/uploads/2020/05/فوائد-الرماية-36x36.jpg	6c0406c2de139216c32a56753fe4ac55b1e0b754	1308
docs/media/uploads/2020/05/فوائد-الرماية-546x300.jpg	2ef75dda37f5ec0f86071966c42cce5b623aa0e4	32951
docs/media/uploads/2020/05/فوائد-الرماية-546x365.jpg	5e5bcb91b2edf88c39c2c9057348ce3d26c1bb72	37835
docs/media/uploads/2020/05/فوائد-الرماية-576x392.jpg	6be61b2d4ec76714ab5c0b29faa84a2597b48c15	40707
docs/media/uploads/2020/05/فوائد-الرماية-702x432.jpg	06d3f9c486845cc860eaf8d2cbdecfd833730b32	50290
docs/media/uploads/2020/05/فوائد-الرماية-765x510.jpg	e8345d4f62ec621d0adf919b310bf302dad4cf2e	60449
docs/media/uploads/2020/05/فوائد-الرماية-80x54.jpg	bb561b1c144f7bcee220ebb7abb27c9f2cc531cd	2385
docs/media/uploads/2020/05/فوائد-الرماية-81x55.jpg	4e401fbaf5c2f4b06f84cca004040417a158a232	2521
docs/media/uploads/2020/05/فوائد-الرماية-85x57.jpg	641c533382203733600b7c473e7c831b653d5351	2655
docs/media/uploads/2020/05/فوائد-الرماية.jpg	7233cd511b3c9e5f1037cb39c5dd68e84bf91398	109081
docs/media/uploads/2020/05/مينا-1-112x75.jpg	39c1953cd1a067f5de51259ee529110ed5ec73a9	2257
docs/media/uploads/2020/05/مينا-1-130x87.jpg	9eaee1f364608032ceb46e58dad0c80aa56d879d	2676
docs/media/uploads/2020/05/مينا-1-150x150.jpg	d257f0084acbdcbc687e43a914b103017c29cc4f	4164
docs/media/uploads/2020/05/مينا-1-165x109.jpg	603c8cff443aa8a9e6cca8ef40480ecb3334a181	3596
docs/media/uploads/2020/05/مينا-1-170x113.jpg	ad4fda3e70c6542dc39afc15149b7bb81554f592	3893
docs/media/uploads/2020/05/مينا-1-179x116.jpg	94d0c43dacfe8fc9f0ead85ca073050f73f533f7	4034
docs/media/uploads/2020/05/مينا-1-179x120.jpg	9c1d97f4feabdae16e55aa1794199f83477b1db6	4003
docs/media/uploads/2020/05/مينا-1-266x179.jpg	17d2101f94574bb2a9975fbc2fec7817389ea975	7499
docs/media/uploads/2020/05/مينا-1-274x183.jpg	74ce0699cddbfc6e15a895e1b330e4d5a09ec1bb	7740
docs/media/uploads/2020/05/مينا-1-300x200.jpg	dacfd215ceae2fb8cd396c2434234fbafda3252e	8934
docs/media/uploads/2020/05/مينا-1-333x227.jpg	0b34638ac2df41cf4dbc48c5be88763b1ad597d4	10520
docs/media/uploads/2020/05/مينا-1-347x233.jpg	b91cde93fd58c66f73cc75a831477aadc9699229	11488
docs/media/uploads/2020/05/مينا-1-359x240.jpg	88b4b4a70a074e23fb9ee59b517d75faa6d15b22	11775
docs/media/uploads/2020/05/مينا-1-364x245.jpg	1b703cdcc6db228e36033ca6cc2be6d0b1e7ddd0	12270
docs/media/uploads/2020/05/مينا-1-367x237.jpg	a32098320ae2677e519fc3b59b2024417d500654	11991
docs/media/uploads/2020/05/مينا-1-36x36.jpg	b6ebbeca95523b2fa6be731466a02548c280e76b	1022
docs/media/uploads/2020/05/مينا-1-546x300.jpg	401101f88c000eb05e2571e6c31c5cde02994e54	18006
docs/media/uploads/2020/05/مينا-1-546x365.jpg	6acf75dd68c1a3f0614438768a120211e32d4271	22865
docs/media/uploads/2020/05/مينا-1-576x392.jpg	e0d4c69fedcc9709e9a9d52c577d19e9bb4d2170	24455
docs/media/uploads/2020/05/مينا-1-702x432.jpg	fb601fa1f4db6f1ae6b0bcbbd8df1b9804dc4003	29517
docs/media/uploads/2020/05/مينا-1-765x510.jpg	ce9e72556612151ad4d1ab887588923002f0d2fb	37139
docs/media/uploads/2020/05/مينا-1-80x54.jpg	f82d4137607a73a933ccf60c55b571e33d80adc5	1527
docs/media/uploads/2020/05/مينا-1-81x55.jpg	4a178ead4da4832de907b2df687979ca7371cda0	1557
docs/media/uploads/2020/05/مينا-1-85x57.jpg	a78b899ba5a4a1367d2efe0e353d0a778f42c082	1714
docs/media/uploads/2020/05/مينا-1.jpg	70448fa71632f0743ac31cf98fd5b941b591e1f1	63912
docs/media/uploads/2020/05/مينا-2-112x75.jpg	f9402bb817df5468715c57cbffec88fc78a1a95c	3381
docs/media/uploads/2020/05/مينا-2-130x87.jpg	a19cb21b9ea81f0d88727086546d9b674a4983d4	4065
docs/media/uploads/2020/05/مينا-2-150x150.jpg	9a33deb95986bdd4ae3c4f219a5f3d2594124801	6103
docs/media/uploads/2020/05/مينا-2-165x109.jpg	e7daa6309da86ff8d8f3b2a45258390cc3ee606d	5675
docs/media/uploads/2020/05/مينا-2-170x113.jpg	019eeb3c40c6b0279224385d9d44f7d7d5456e6d	6059
docs/media/uploads/2020/05/مينا-2-179x116.jpg	9a72b72aeda65762787e55e0950f0971e4ae6d01	6434
docs/media/uploads/2020/05/مينا-2-179x120.jpg	4d52f74042ddbc8a4fcbde8b84b3d9887d2a498b	6419
docs/media/uploads/2020/05/مينا-2-266x179.jpg	d5d848e8241bf6fb16bdd6de4eb7ac8298f3572f	12330
docs/media/uploads/2020/05/مينا-2-274x183.jpg	ea5ce19363a58ea5bb50681aef1f8447d842dd94	12599
docs/media/uploads/2020/05/مينا-2-300x200.jpg	b669846d921f91f3ef28ce168db8a667e7006c14	14341
docs/media/uploads/2020/05/مينا-2-333x227.jpg	645e8953f0eef09d695071c5ba28b9f2566b8a8a	17410
docs/media/uploads/2020/05/مينا-2-347x233.jpg	bbb09cb208529c5d1ada2201b93c064d80dca221	18600
docs/media/uploads/2020/05/مينا-2-359x240.jpg	dec6e643c8500986af6204a317459e8ba38bc49f	19049
docs/media/uploads/2020/05/مينا-2-364x245.jpg	4501b0cae1446a1bff50e0c85afe10572dbba9cf	19762
docs/media/uploads/2020/05/مينا-2-367x237.jpg	08d51fa674d3f3041929a53254006c9319c12d12	19331
docs/media/uploads/2020/05/مينا-2-36x36.jpg	e897a9e4fe28aa761ea644116169258c6831d87b	1148
docs/media/uploads/2020/05/مينا-2-546x300.jpg	370497cd9d6fefc8620e6c5d7d813882cb891127	28675
docs/media/uploads/2020/05/مينا-2-546x365.jpg	653f9c6ef13c795259a3473b55dcd6ed6f81b25e	36662
docs/media/uploads/2020/05/مينا-2-576x392.jpg	c02e268e92a1532b96068e00d636d8a8bed9b7b3	39792
docs/media/uploads/2020/05/مينا-2-702x432.jpg	fa7a81567f3112119d58e7c8726a7c32cdc89f4b	47229
docs/media/uploads/2020/05/مينا-2-765x510.jpg	1e71824ca9f247c0c04343c6b5f29d87b1b9f480	59445
docs/media/uploads/2020/05/مينا-2-80x54.jpg	92fb7931edad8e1cf9852b822e11d5f028001a93	2125
docs/media/uploads/2020/05/مينا-2-81x55.jpg	3248fa4aa20a45a303362848310ad8498ba087f5	2228
docs/media/uploads/2020/05/مينا-2-85x57.jpg	d3d1f9466be258ed56e8c3ebd16bdc32ac678631	2394
docs/media/uploads/2020/05/مينا-2.jpg	2384d31e1b6d786b2be26744f0f3365c836d9101	81712
docs/media/uploads/2020/05/مينا-3-112x75.jpg	90899fa9259ead25c2635117881c116b631d9acf	3273
docs/media/uploads/2020/05/مينا-3-130x87.jpg	2b1cbeb9e30f8c5d1fae791e22b3f66dc695e6c9	4008
docs/media/uploads/2020/05/مينا-3-150x150.jpg	e19c023982f9cea0126caf4233b91f77e65c006f	6354
docs/media/uploads/2020/05/مينا-3-165x109.jpg	062fe3f4cceb93ecf1935fcee246a4e8e8277d53	5731
docs/media/uploads/2020/05/مينا-3-170x113.jpg	f2eb6e4e82c7a6231fc6e2378a8bbe434abbad44	6169
docs/media/uploads/2020/05/مينا-3-179x116.jpg	041e9df327d78b77946b97eca2f18a681ad05e67	6487
docs/media/uploads/2020/05/مينا-3-179x120.jpg	cd8403517b004d31a2c398629fa743ba24df9661	6462
docs/media/uploads/2020/05/مينا-3-266x179.jpg	0babdbda6d7463f2bc46162bf7eba82afc43e19d	12629
docs/media/uploads/2020/05/مينا-3-274x183.jpg	21443a608fcb52071f3e152dfd7e7e0ac84ac40e	12858
docs/media/uploads/2020/05/مينا-3-300x200.jpg	3be08cebf2e12a714180305b3f3aa9857cb9e41e	14778
docs/media/uploads/2020/05/مينا-3-333x227.jpg	f6c00d298714e0379a8560296882e425ff8778e3	18049
docs/media/uploads/2020/05/مينا-3-347x233.jpg	8d4e75c076fa21ff2f543ab7c38067b5c6b2dc4e	19524
docs/media/uploads/2020/05/مينا-3-359x240.jpg	66bac7884fd1dda5834d1425f49bf13cdf3bd6c4	19873
docs/media/uploads/2020/05/مينا-3-364x245.jpg	8de970de37ce638425c32e226ce5ecafe9b8a187	20864
docs/media/uploads/2020/05/مينا-3-367x237.jpg	a3c2cbc7549f3c07f8faa56273d56f486e73bc52	20341
docs/media/uploads/2020/05/مينا-3-36x36.jpg	f456772469f2b3975d4c9fdd890c279a651c800c	1120
docs/media/uploads/2020/05/مينا-3-546x300.jpg	61f6516950f506ab1f040e8898bf7c6dc8070987	30189
docs/media/uploads/2020/05/مينا-3-546x365.jpg	fcb4f4e9e410309beb11c9f2f518059ad4d4fe6d	39686
docs/media/uploads/2020/05/مينا-3-576x392.jpg	81cad19a258b43e9ec524b0dba1563fd83e2c5da	42733
docs/media/uploads/2020/05/مينا-3-702x432.jpg	b721a68531595d04d3811b991e69839e886020ce	50792
docs/media/uploads/2020/05/مينا-3-765x510.jpg	7bcccbce60fab0fe18ffbe32aa32aeec9d956bdd	65101
docs/media/uploads/2020/05/مينا-3-80x54.jpg	106fe26e6bcf823148842cf4be1798805fe64fc9	2029
docs/media/uploads/2020/05/مينا-3-81x55.jpg	1eee789dd5b86a0d8dcb3d74f15f867b756d2b6d	2123
docs/media/uploads/2020/05/مينا-3-85x57.jpg	90870e6f0bc1ca4369c7a717d05d2a667d02c15f	2287
docs/media/uploads/2020/05/مينا-3.jpg	fa08d1ea1108fc7c04c65e69f7878df0ce13308b	86638
docs/media/uploads/2020/05/هيلين-1-112x75.jpg	523c43cd8385895b1b7ddfb76186b475c5027a46	3484
docs/media/uploads/2020/05/هيلين-1-130x87.jpg	ab9e684a04110052315d23482c16e1c6f523c58d	4361
docs/media/uploads/2020/05/هيلين-1-150x150.jpg	5c5854a85c5b65d7194dfb89c0c2b05082d04411	39969
docs/media/uploads/2020/05/هيلين-1-165x109.jpg	c86dae0f1dc853239848d866a140e8658b9be0fe	6308
docs/media/uploads/2020/05/هيلين-1-170x113.jpg	2c5add1d73e9131c847326ab637853803299c0a6	6651
docs/media/uploads/2020/05/هيلين-1-179x116.jpg	af18c7e66da321f8c334ded13f8482da34e4c42b	7091
docs/media/uploads/2020/05/هيلين-1-179x120.jpg	448747dd2d2b96a263ca962fafa20c070e5e3cdc	7137
docs/media/uploads/2020/05/هيلين-1-266x179.jpg	5c64f8398fad8198dfb435577a3aafe4aa3f64e8	14804
docs/media/uploads/2020/05/هيلين-1-274x183.jpg	dde521b5a149d691a750db524b47f87e848002ee	15169
docs/media/uploads/2020/05/هيلين-1-300x200.jpg	0aab7cb83fff990e1c768173325ccdbffe8446b7	17196
docs/media/uploads/2020/05/هيلين-1-333x227.jpg	68a6aa3d142c968ab38f4644a8f36a9005d4ca24	21621
docs/media/uploads/2020/05/هيلين-1-347x233.jpg	768232afc2eb18b95415aa39b930836768f39cb5	22854
docs/media/uploads/2020/05/هيلين-1-359x240.jpg	a95f598193810c6488dfcd4259135ca850501fcb	23115
docs/media/uploads/2020/05/هيلين-1-364x245.jpg	f8847633955870dc5f6fa73f82dac0e03fc58c19	24634
docs/media/uploads/2020/05/هيلين-1-367x237.jpg	f1d1feb1706e1891cb44cf340251aece2fe70d50	23679
docs/media/uploads/2020/05/هيلين-1-36x36.jpg	5d4ce3e13b5108c7f10997d0960cdb132a9a72a3	1118
docs/media/uploads/2020/05/هيلين-1-546x300.jpg	c8d3384c57de9131e74f3b2ae988efdb348d8454	38518
docs/media/uploads/2020/05/هيلين-1-546x365.jpg	4e76fbebca98dab44a23753232441f159a40f1c7	46018
docs/media/uploads/2020/05/هيلين-1-576x392.jpg	73e69cd61385ad5d84f95d290a9f06f92838d74b	50282
docs/media/uploads/2020/05/هيلين-1-702x432.jpg	b6e35a7b392584db0cdb1a32b47d1c149abb3da6	60243
docs/media/uploads/2020/05/هيلين-1-765x510.jpg	85b5f36a6a8f5e69037437ca32fa68539a2d93a8	73605
docs/media/uploads/2020/05/هيلين-1-80x54.jpg	0237b734b800e0059bcbdff90afdaf84abd175e4	32895
docs/media/uploads/2020/05/هيلين-1-81x55.jpg	bafbec393896bd4bb7497d517e807db3dd644dce	2232
docs/media/uploads/2020/05/هيلين-1-85x57.jpg	4a4f6aa411eba98192c5fff47ab43cb4f78f4158	2388
docs/media/uploads/2020/05/هيلين-1.jpg	ef859d7cb5f1c43448e785705bef4e71ff6428ff	102453
docs/media/uploads/2020/05/هيلين-2-112x75.jpg	bc600afe3ed77e3e0aedb5dbf66248ee1d6f4c9f	4432
docs/media/uploads/2020/05/هيلين-2-130x87.jpg	d8f3830279d75062267eae57604c895348f8e29e	5509
docs/media/uploads/2020/05/هيلين-2-150x150.jpg	787da7d961bd53ca8f94b337c178653b79169fdb	8378
docs/media/uploads/2020/05/هيلين-2-165x109.jpg	42bdc433e7f46b6d7befc4771a1a641bd9b3bf53	7780
docs/media/uploads/2020/05/هيلين-2-170x113.jpg	ee025d099ffd30113be55ff72224f0010442c927	8243
docs/media/uploads/2020/05/هيلين-2-179x116.jpg	3d8ca28dcd98a4491c2ed8dd11100ff401cf4254	8707
docs/media/uploads/2020/05/هيلين-2-179x120.jpg	01f670d6c74530ceefe82a44844c4a5562c31803	8757
docs/media/uploads/2020/05/هيلين-2-266x179.jpg	a98e34d48a5f7130d536d2e3d465b72092d43874	17110
docs/media/uploads/2020/05/هيلين-2-274x183.jpg	574f3aacfe31177acf651fe7a119d78a78b4ea11	17446
docs/media/uploads/2020/05/هيلين-2-300x200.jpg	514c445163711624fdb0b451f345d573a2c1ff00	19759
docs/media/uploads/2020/05/هيلين-2-333x227.jpg	7e0b71a11f9a02ba0dc0423ca307cdebf0fc1b9f	24299
docs/media/uploads/2020/05/هيلين-2-347x233.jpg	783b86d6734baf4657038aa8dd3a5f423bca3622	25907
docs/media/uploads/2020/05/هيلين-2-359x240.jpg	85fd7fe4e766a599c80fa625f3bbf4db5bb3b20a	26019
docs/media/uploads/2020/05/هيلين-2-364x245.jpg	f891829a91833f1e6b1444a9b81decdf8dd247ea	27709
docs/media/uploads/2020/05/هيلين-2-367x237.jpg	700e6d0d637afd6aae1f185776f1ee0b8d0445ab	26394
docs/media/uploads/2020/05/هيلين-2-36x36.jpg	615e1743e77975738eb0df2078004c58e5c0195f	1275
docs/media/uploads/2020/05/هيلين-2-546x300.jpg	4fc3296a5f06914da177aa3510242c25d079c888	41417
docs/media/uploads/2020/05/هيلين-2-546x365.jpg	974ea95d1ac7182d5996550ffebc03f92b39d83a	49916
docs/media/uploads/2020/05/هيلين-2-576x392.jpg	c9de0b74c34a560c09a36b463778dca6267b66f8	54342
docs/media/uploads/2020/05/هيلين-2-702x432.jpg	5d27688cc572a806b1ae30fb938e8fdc0ad5a92e	64801
docs/media/uploads/2020/05/هيلين-2-765x510.jpg	18f3da04155962855dd4ecc70ce6f62e935c2a3f	79384
docs/media/uploads/2020/05/هيلين-2-80x54.jpg	a5efde44769f11ff18b8869db1a7475a0c6b6253	2663
docs/media/uploads/2020/05/هيلين-2-81x55.jpg	72d76a45a944e5aaabc032ac1d51fc0b3c9ce1e9	2778
docs/media/uploads/2020/05/هيلين-2-85x57.jpg	6e17841b6b87a97185dfee01deceb912afdb7af5	3005
docs/media/uploads/2020/05/هيلين-2.jpg	051fcaa5193e0e3c2a78cbac82ee6b5e9bbc2ea0	110564
docs/media/uploads/2020/05/هيلين-3-112x75.jpg	57d8d8f64be675c3eee287267dea6b0ba302b143	3642
docs/media/uploads/2020/05/هيلين-3-130x87.jpg	5316b1ea1380e100c23856fe5758dce98464d04e	4575
docs/media/uploads/2020/05/هيلين-3-150x150.jpg	690e58f8b65b14cfe380ba8029816e517c9f156c	7945
docs/media/uploads/2020/05/هيلين-3-165x109.jpg	1b3959e76d97b33ae2e5ebfaab10236b02d1bae1	6690
docs/media/uploads/2020/05/هيلين-3-170x113.jpg	5ddc307c57a03897ecae0588ecdb5d370998b212	7164
docs/media/uploads/2020/05/هيلين-3-179x116.jpg	c522949e7730f78a6143a5f37b8366ce62ddfb8b	7636
docs/media/uploads/2020/05/هيلين-3-179x120.jpg	a1c6174fdb64aa6b8c81e9a58d2b50aedd68df86	7637
docs/media/uploads/2020/05/هيلين-3-266x179.jpg	da79e9c2c0953108f1ca7375e14a72a0ac5fc399	16309
docs/media/uploads/2020/05/هيلين-3-274x183.jpg	df01f8c21e35dc0ca16db228c9cc65b5d37d4f24	16835
docs/media/uploads/2020/05/هيلين-3-300x200.jpg	ca87b19f5c86b95f1127f7714d7557710a1e5619	19301
docs/media/uploads/2020/05/هيلين-3-333x227.jpg	85db1ba336d9195c35a13e2aa97f74a7b14ad123	24687
docs/media/uploads/2020/05/هيلين-3-347x233.jpg	45d245ef618e6ae30cb1c6e1f14fa243926175be	26310
docs/media/uploads/2020/05/هيلين-3-359x240.jpg	a8672e7809c0c9de8810e13404958f5257d1366c	26997
docs/media/uploads/2020/05/هيلين-3-364x245.jpg	2c71dd8136994690faa966b1ad5a97bef9a0ceaa	28574
docs/media/uploads/2020/05/هيلين-3-367x237.jpg	5b3d26cf0bada5bbf014f501cdfa20c50b143432	27504
docs/media/uploads/2020/05/هيلين-3-36x36.jpg	b8c249a2e9549c2320d130166e7ef4709f97c627	1103
docs/media/uploads/2020/05/هيلين-3-546x300.jpg	b437c0e198cfda9c9b1e05ff1661223f23ec03ad	47952
docs/media/uploads/2020/05/هيلين-3-546x365.jpg	42586a022188d8b01f9b1e7b049185b72da96ba4	56639
docs/media/uploads/2020/05/هيلين-3-576x392.jpg	d5ba0f8277d1ef7ed1031986c4dc7c91b63f1566	62443
docs/media/uploads/2020/05/هيلين-3-702x432.jpg	9323760a55009015d2195e2173900d35d48b28df	77034
docs/media/uploads/2020/05/هيلين-3-765x510.jpg	cfa81270874aad6188c0f5901479b17297f37f3a	93257
docs/media/uploads/2020/05/هيلين-3-80x54.jpg	1a261cb741d92a4f298ef45c5479e082ce8c7af8	2190
docs/media/uploads/2020/05/هيلين-3-81x55.jpg	ca4db1849e3848268fd29024aacff42eab50704e	2302
docs/media/uploads/2020/05/هيلين-3-85x57.jpg	a66b9f4defe0fae693c45969654de0f0307ea45b	2464
docs/media/uploads/2020/05/هيلين-3.jpg	c57f4f56c0d21dcb03c68d7a0d88d1860c0302cb	124571
docs/media/uploads/2020/06/تأمين-صيد-112x75.jpg	a2d7d01d29b8e63b2d90748fa9fcb82d385e73af	4114
docs/media/uploads/2020/06/تأمين-صيد-130x87.jpg	a5e8f34ead9fd6769f9f9a50faffc24452237612	5125
docs/media/uploads/2020/06/تأمين-صيد-150x150.jpg	5e723a231ccb1c5e030e1b16744b88a2d500751a	8761
docs/media/uploads/2020/06/تأمين-صيد-165x109.jpg	33fba3146c6f5523dfcf6440f908175940ccc620	7478
docs/media/uploads/2020/06/تأمين-صيد-170x113.jpg	212b8ad262e9688fac96e9e4cae339f8e03019da	7956
docs/media/uploads/2020/06/تأمين-صيد-179x116.jpg	22b5782e86dfc866990746953c76c4dd51b541d9	8450
docs/media/uploads/2020/06/تأمين-صيد-179x120.jpg	cab94a94416ec3a540c1e8d877098ac5917a843d	8440
docs/media/uploads/2020/06/تأمين-صيد-266x179.jpg	ad7a6bbf215d079c0b65851b4cb6c02124a1bd41	16774
docs/media/uploads/2020/06/تأمين-صيد-274x183.jpg	327e0e1bf79107b9d8b6c77efe060b9d716ee342	17060
docs/media/uploads/2020/06/تأمين-صيد-300x200.jpg	f0141b9143233e75a128b375386ed43206113450	19497
docs/media/uploads/2020/06/تأمين-صيد-333x227.jpg	1673c221940962739d63523a1952af8f92f020f6	24481
docs/media/uploads/2020/06/تأمين-صيد-347x233.jpg	f6ab3457f4d75c814dbf59d380421ed27cf6a59b	25973
docs/media/uploads/2020/06/تأمين-صيد-359x240.jpg	336ba820a3ddb56005d4065726bae04a6b89a5e7	26648
docs/media/uploads/2020/06/تأمين-صيد-364x245.jpg	f896cf25a7f8ab90bd38799d73fcba336131c8b1	27973
docs/media/uploads/2020/06/تأمين-صيد-367x237.jpg	c485ab26fdfcc75a772db87c9b159103c526c874	27118
docs/media/uploads/2020/06/تأمين-صيد-36x36.jpg	d296a7c3174c66e547420076dd80e0f01be8c6bf	1328
docs/media/uploads/2020/06/تأمين-صيد-546x300.jpg	b049862ca0c0725a25814a02ff5212b8facb2a9c	43945
docs/media/uploads/2020/06/تأمين-صيد-546x365.jpg	57cc83c56bba61f42a7669a8941a64de24035273	54639
docs/media/uploads/2020/06/تأمين-صيد-576x392.jpg	617018d80f09799f673af947ebc5cf11ddf4c799	59335
docs/media/uploads/2020/06/تأمين-صيد-702x432.jpg	f65adcdf02fe17576116ac16154d458a5e4676a5	72253
docs/media/uploads/2020/06/تأمين-صيد-765x510.jpg	f4019f3eba6b6a97e7a40d3b4d11ffa80edd82a5	90166
docs/media/uploads/2020/06/تأمين-صيد-80x54.jpg	0b77e9f27f309521fed48a7add734cc0b760dfd6	2481
docs/media/uploads/2020/06/تأمين-صيد-81x55.jpg	a4ee611eedf9ef53e791c0437eb0533fb822d441	2616
docs/media/uploads/2020/06/تأمين-صيد-85x57.jpg	0909248d44da6fa7ccd196fd6dea5f571050f4b7	2815
docs/media/uploads/2020/06/تأمين-صيد.jpg	eb95c6d6b8003adab39ca58c5f56ea69a3f7ea34	110729
docs/media/uploads/2020/06/تسليق-2-112x75.jpg	a9fcafb25c33fe12e0b87ae7870c73721397bdc4	3710
docs/media/uploads/2020/06/تسليق-2-130x87.jpg	5a382720be19c344b89ffc2240026ea6fbdc41b0	4574
docs/media/uploads/2020/06/تسليق-2-150x150.jpg	350b87b65cadd1a9741c81fdf114ddd6027560a3	8449
docs/media/uploads/2020/06/تسليق-2-165x109.jpg	413b80bbcd55d9af509434c5dfbbf92234d34cc3	6782
docs/media/uploads/2020/06/تسليق-2-170x113.jpg	57416a1a9ec2ffcf27a2286f1f8e38dc8381ed53	7187
docs/media/uploads/2020/06/تسليق-2-179x116.jpg	eacc5f5d97453ed693247cce0e3085e742775316	7634
docs/media/uploads/2020/06/تسليق-2-179x120.jpg	44b53f9fbd8007cca74e96319eeb81d1524f68d7	7714
docs/media/uploads/2020/06/تسليق-2-200x300.jpg	64eb859dd4eea33e288dc4eff5c8c2cda26364d8	19013
docs/media/uploads/2020/06/تسليق-2-266x179.jpg	487b548786c792c06b3fbce1b6591bde24d9df01	15601
docs/media/uploads/2020/06/تسليق-2-274x183.jpg	0ef43ee7ac438e4d55f3099f3668edfcfd7c217a	16070
docs/media/uploads/2020/06/تسليق-2-333x227.jpg	e3ea50a35ec9564fe6e6bdcfe7c5458666a64dc9	23069
docs/media/uploads/2020/06/تسليق-2-347x233.jpg	eb44c0108fe17be2f3ce320b8b856ba525b16935	24208
docs/media/uploads/2020/06/تسليق-2-359x240.jpg	ddd6d2280e816399fc869c250c16cca3ecd42752	25301
docs/media/uploads/2020/06/تسليق-2-364x245.jpg	0a231bb64916c473d0fd18289c5a4cec215d2806	26247
docs/media/uploads/2020/06/تسليق-2-367x237.jpg	47b741d18cdb66aacc8e874eb953f224eca2bf43	25552
docs/media/uploads/2020/06/تسليق-2-36x36.jpg	3966f269ac7a63e5ffa8b38c3c00349dc4b0ecf3	1189
docs/media/uploads/2020/06/تسليق-2-546x300.jpg	858217d7be969a74ceea69dd5be0103631ef99aa	40492
docs/media/uploads/2020/06/تسليق-2-546x365.jpg	4beb9513554aab32ccef06ffc4445c8c0bd1d47f	48883
docs/media/uploads/2020/06/تسليق-2-576x392.jpg	c93dbf7fd63d8a50e151f627f1e1b576856a1bdc	53030
docs/media/uploads/2020/06/تسليق-2-702x432.jpg	07bf4c74d07036fe75471db2aa248169b8f10bc9	63481
docs/media/uploads/2020/06/تسليق-2-765x510.jpg	75638eb43a99e45e25571d83d630dd46be15fff3	77691
docs/media/uploads/2020/06/تسليق-2-80x54.jpg	c388983da1c4763cfed5931b58cd109f3c952207	2294
docs/media/uploads/2020/06/تسليق-2-81x55.jpg	5e26df4b9d16724222744ca170a1d012299110b1	2356
docs/media/uploads/2020/06/تسليق-2-85x57.jpg	e23a3a96e9fea6b94130e7099a219654f4c55c21	2590
docs/media/uploads/2020/06/تسليق-2.jpg	7299e0909dcf6e62da690656d797e4abbc1892c4	118940
docs/media/uploads/2020/06/تسليق-3-112x75.jpg	45c33225f883b9248af6ef07c3c7c44aa705c40b	3436
docs/media/uploads/2020/06/تسليق-3-130x87.jpg	f75c50d42044df9612a1097dd712e4936b23b445	4151
docs/media/uploads/2020/06/تسليق-3-150x150.jpg	fbbc7537567c915576b0303772b521d9ff5d5548	7262
docs/media/uploads/2020/06/تسليق-3-165x109.jpg	84d327002b8b91101358eed9767e270fac70d8d6	5879
docs/media/uploads/2020/06/تسليق-3-170x113.jpg	5baf8f4009767ec0fba82187c3a638e249886c67	6191
docs/media/uploads/2020/06/تسليق-3-179x116.jpg	357a4d3e80e3222a4c5a438a011342e0ed0b1cd6	6457
docs/media/uploads/2020/06/تسليق-3-179x120.jpg	6a74e1fb07784461b9bb5fc9f4673d61947e33f6	6527
docs/media/uploads/2020/06/تسليق-3-200x300.jpg	2d5cec38e494b3a9927a3a6c0421ff9136a741c5	16391
docs/media/uploads/2020/06/تسليق-3-266x179.jpg	36f5c0a5bad27c4ab0ec200be5d51841e44e8ff7	11869
docs/media/uploads/2020/06/تسليق-3-274x183.jpg	91d9d25fc6582642f434b0a809d6d95ab6735365	12217
docs/media/uploads/2020/06/تسليق-3-333x227.jpg	cc77ba6568df8a6e30c046f25cfaa107cba41a37	16568
docs/media/uploads/2020/06/تسليق-3-347x233.jpg	458a94774b96cbe2547ff20c2105a7a1d196e314	17432
docs/media/uploads/2020/06/تسليق-3-359x240.jpg	cb3f52bdabf4a1084800812d073571496e77ca0c	17879
docs/media/uploads/2020/06/تسليق-3-364x245.jpg	b9d0d7d4a5909992da1659dac2b0a8eb2860d84d	18392
docs/media/uploads/2020/06/تسليق-3-367x237.jpg	4cf5ab3c7dc359e15887e7d5750691e7771944c5	17899
docs/media/uploads/2020/06/تسليق-3-36x36.jpg	120ca4c476a4a5784cbf40467a842d9273857a5c	1185
docs/media/uploads/2020/06/تسليق-3-546x300.jpg	fa4a11bb0fc64ac51fd932f085db9f8ff747fe5a	26431
docs/media/uploads/2020/06/تسليق-3-546x365.jpg	e83209ab97cfca7a675edb1876b3cfc77ccc8a0a	32338
docs/media/uploads/2020/06/تسليق-3-576x392.jpg	ef41483c72b5a9c8a200a5a16b4a027debe6b2c0	34938
docs/media/uploads/2020/06/تسليق-3-702x432.jpg	0db80ddd1d7b1a302c1ff546215bd7830b6efd2f	41236
docs/media/uploads/2020/06/تسليق-3-765x510.jpg	436a1b9eb41fdb5f1d1850f92887e6dbd2fcfb7c	50933
docs/media/uploads/2020/06/تسليق-3-80x54.jpg	377526fb7aa1eea59852e4ce99128b773e63079c	2158
docs/media/uploads/2020/06/تسليق-3-81x55.jpg	7999c776c6ae809916d63e4b6952aa77273e66d3	2219
docs/media/uploads/2020/06/تسليق-3-85x57.jpg	98392902f07b8db7affa1f99bd2a05472bc48d68	2443
docs/media/uploads/2020/06/تسليق-3.jpg	8abb0382f84595859d7ebc33dee0d34ba9150423	83215
docs/media/uploads/2020/06/تسليق-4-112x75.jpg	5fe5168f31de816a9fede86d661b88fbbadcbaed	4758
docs/media/uploads/2020/06/تسليق-4-130x87.jpg	600c1806e332ec9a7237960387e6e10071ba3aeb	6050
docs/media/uploads/2020/06/تسليق-4-150x150.jpg	d0f793102d594084138b8af463db5a6a8c4214e4	10519
docs/media/uploads/2020/06/تسليق-4-165x109.jpg	8dad089e918d3087861437a5225e6accb811ee8d	9353
docs/media/uploads/2020/06/تسليق-4-170x113.jpg	e4ab91f691140d196c5633073116246ece94cdab	9947
docs/media/uploads/2020/06/تسليق-4-179x116.jpg	4d6b15e9a952498ed448996dc801d726d914e015	10621
docs/media/uploads/2020/06/تسليق-4-179x120.jpg	2033a3722aed9ed37a0ba7845ad4eb58c45ef8af	10681
docs/media/uploads/2020/06/تسليق-4-200x300.jpg	f6ce8580b6448a97112a3cb1613ee509c04073f6	23646
docs/media/uploads/2020/06/تسليق-4-266x179.jpg	6bbb30c1126082e5571337011812411e2f6bacbb	22410
docs/media/uploads/2020/06/تسليق-4-274x183.jpg	f8a7ddafb4de2afb5d78bdc465a37adf4aa5d13a	23148
docs/media/uploads/2020/06/تسليق-4-333x227.jpg	483d5ae2f1ec9afd605c544299b1eecb6f5b678f	33302
docs/media/uploads/2020/06/تسليق-4-347x233.jpg	6c250409371c27d75c7ee286b715619bfbb9e8a6	35243
docs/media/uploads/2020/06/تسليق-4-359x240.jpg	335d6ba134e5eea56f06d29a88fe497f1e456953	36665
docs/media/uploads/2020/06/تسليق-4-364x245.jpg	920f11509dbec3b74925bd277b259fe791cd9223	37995
docs/media/uploads/2020/06/تسليق-4-367x237.jpg	1ab7ef8073ade0babe40022026bfb13347f79fae	37137
docs/media/uploads/2020/06/تسليق-4-36x36.jpg	b019a65e486558e7153a0cd50be9efcbeb1dacfe	1200
docs/media/uploads/2020/06/تسليق-4-546x300.jpg	1e7b859c25dff0e15427b05a35aa6b0ef2042b7a	58436
docs/media/uploads/2020/06/تسليق-4-546x365.jpg	0d8ecb12aeeeb9b37fe2ccbee99fa6e431e36138	69967
docs/media/uploads/2020/06/تسليق-4-576x392.jpg	764bb15a5c7ed7c53fac3e4893c1721301cfdb6d	75641
docs/media/uploads/2020/06/تسليق-4-702x432.jpg	77102391a9c3bec9b53e3ec02d76394b9e0a62ab	91920
docs/media/uploads/2020/06/تسليق-4-765x510.jpg	d38ccf488e227b12d122003335c5ad7ae9d24a13	111753
docs/media/uploads/2020/06/تسليق-4-80x54.jpg	29d7ae051da0518231ef83ed89cbe22e3294ef1f	2656
docs/media/uploads/2020/06/تسليق-4-81x55.jpg	bdeb46aabf509bc1a84f48f2f51de5f3f3222a19	2753
docs/media/uploads/2020/06/تسليق-4-85x57.jpg	2b03ec7055730261a15e47f4b69287a46cdefe20	3039
docs/media/uploads/2020/06/تسليق-4.jpg	b5d5204fd2fbb0671f705b37d3c8087443aab58f	138182
docs/media/uploads/2020/06/تسليق-5-112x75.jpg	bee18c0e4c24ea3340909243839ddf910fee8dbb	4743
docs/media/uploads/2020/06/تسليق-5-130x87.jpg	ba2c7a42699c361e9419d57fda85604125c8a993	6106
docs/media/uploads/2020/06/تسليق-5-150x150.jpg	b1f7fe56220e8eb7cb97d8cf1794eb545d939167	10741
docs/media/uploads/2020/06/تسليق-5-165x109.jpg	08fc9e4209566c12ee176b9797cab8b298f734ff	8995
docs/media/uploads/2020/06/تسليق-5-170x113.jpg	da3cd0a1b2290ecffe1f55260e692524bf35ec15	9611
docs/media/uploads/2020/06/تسليق-5-179x116.jpg	9b03054ccabb840eb86fa37d55daa922c1bc0e60	10279
docs/media/uploads/2020/06/تسليق-5-179x120.jpg	ba11ddf0dbbb4bbe759a00a58ffc5427d699b176	10425
docs/media/uploads/2020/06/تسليق-5-266x179.jpg	527669ef92cae1292a195ca43becfbbe3b7abbe7	21563
docs/media/uploads/2020/06/تسليق-5-274x183.jpg	7b8ca6a2cf4a09bb64a57f93b4d8c1e7675676b6	22334
docs/media/uploads/2020/06/تسليق-5-300x200.jpg	133112e16f3bad7e0c60d9b4434402e5b7828c4c	25819
docs/media/uploads/2020/06/تسليق-5-333x227.jpg	91fe9214dd3768dc1e1623a42e7e576bf2fcb28a	32158
docs/media/uploads/2020/06/تسليق-5-347x233.jpg	d57e61194910a908e1d943607417578d5f279f87	34228
docs/media/uploads/2020/06/تسليق-5-359x240.jpg	5fb0fd1f7de61a4014dc7cab9e8c3c45d0620bf3	35802
docs/media/uploads/2020/06/تسليق-5-364x245.jpg	fcf0303d531693ba42d033d08f1e13c1f4db60d3	37175
docs/media/uploads/2020/06/تسليق-5-367x237.jpg	6829cf1aced4f19197669329c55adaa926a49f04	36490
docs/media/uploads/2020/06/تسليق-5-36x36.jpg	9af7ac51b9b7b7321978d000f7a0830f5f8773dc	1327
docs/media/uploads/2020/06/تسليق-5-546x300.jpg	2694ce90439c5473a0b502aa2ec79986a76fd327	63279
docs/media/uploads/2020/06/تسليق-5-546x365.jpg	466d9120f37a1e6118d50baf0ab40f32ad38e024	73697
docs/media/uploads/2020/06/تسليق-5-576x392.jpg	2b79b6baeb61fc15b75e811bde29a20c920d57b7	80996
docs/media/uploads/2020/06/تسليق-5-702x432.jpg	9fbc173fccccb685671ca560cc2165882d4f92a3	101350
docs/media/uploads/2020/06/تسليق-5-765x510.jpg	6eeea0fade082e52d9e68644528cd3f27cc0c571	122189
docs/media/uploads/2020/06/تسليق-5-80x54.jpg	b08a59675e25b4ccb8e7368b7d5883feb7a68031	2749
docs/media/uploads/2020/06/تسليق-5-81x55.jpg	21bffe11fca87764850ba4eaf4f7d7b2c67cd5bd	2927
docs/media/uploads/2020/06/تسليق-5-85x57.jpg	5b997000929f9b49ab1e698cba095820647e031f	3117
docs/media/uploads/2020/06/تسليق-5.jpg	5d54e8dd899aa16b5b5e5819050dbb3febcdcc3a	145656
docs/media/uploads/2020/06/تسليق-6-112x75.jpg	26f44e5321cacf10f90e60448885c083e6426c5d	4498
docs/media/uploads/2020/06/تسليق-6-130x87.jpg	b4ea00fa812d90bd0b38afb7caa54b88070ec0ac	5781
docs/media/uploads/2020/06/تسليق-6-150x150.jpg	e7b2228e4d5c46f9df7c18c7ff29091fd0728b1f	10806
docs/media/uploads/2020/06/تسليق-6-165x109.jpg	24f73dba299f8db6eb3dc139e62efb6f99633b3d	8769
docs/media/uploads/2020/06/تسليق-6-170x113.jpg	362131027712d874c01e5e7a3004e12cad36d8f9	9398
docs/media/uploads/2020/06/تسليق-6-179x116.jpg	cf187e9e5ed95feb93226a517debc436f6e02703	10133
docs/media/uploads/2020/06/تسليق-6-179x120.jpg	29baeb966ba42e25569d8b097d53720d84f87670	10273
docs/media/uploads/2020/06/تسليق-6-266x179.jpg	a63fa56d8696ae2f74f64227b45e95060c913dea	22221
docs/media/uploads/2020/06/تسليق-6-274x183.jpg	ab9d9e0870c9e35396ddfcc6f14146a6538bfd9b	23163
docs/media/uploads/2020/06/تسليق-6-300x200.jpg	70115213b1889bf0e994070c34b2682b72e99be9	26819
docs/media/uploads/2020/06/تسليق-6-333x227.jpg	5bd756f02d435a37a1ab0dc69485f4671b225fc4	34589
docs/media/uploads/2020/06/تسليق-6-347x233.jpg	fa707cbfa9054e5faf339cbd7a4e8063daf792d4	37108
docs/media/uploads/2020/06/تسليق-6-359x240.jpg	61a744657560ae651b08e08b93053ed6da62c70c	38812
docs/media/uploads/2020/06/تسليق-6-364x245.jpg	4557078b6f2ad7730177deb2339d47e7d5be6d40	40387
docs/media/uploads/2020/06/تسليق-6-367x237.jpg	75d7f34ed247c90583a386a5354b670f3f1da99f	39368
docs/media/uploads/2020/06/تسليق-6-36x36.jpg	54d9141f6bbb02e3f9741a088669e9f30af04bed	1279
docs/media/uploads/2020/06/تسليق-6-546x300.jpg	e4a7c4425da42772a7c04fd9615cdfdd75d4535d	71452
docs/media/uploads/2020/06/تسليق-6-546x365.jpg	02406b71c27980fe4493e0d30fe97342fb208e04	84630
docs/media/uploads/2020/06/تسليق-6-576x392.jpg	15a1301c0459fe3e477fa9f5b99414141c27bc59	93807
docs/media/uploads/2020/06/تسليق-6-702x432.jpg	4e67f32eccdba17dac45236fdcd5b6b948283944	117406
docs/media/uploads/2020/06/تسليق-6-765x510.jpg	1acf9c97f7c23f90c0a2a1738f69fc1c38793264	143531
docs/media/uploads/2020/06/تسليق-6-80x54.jpg	25cee0df46798b15284519e11710d49009e799d8	2595
docs/media/uploads/2020/06/تسليق-6-81x55.jpg	e90d064d98f6cf8c9e632210dcb5c412745bb014	2741
docs/media/uploads/2020/06/تسليق-6-85x57.jpg	04bb596b4e45bde3ec5455b5ffdf315f5dda7569	2990
docs/media/uploads/2020/06/تسليق-6.jpg	df787b7fb56caa06390e1e35a5e0e0945ad5791d	180716
docs/media/uploads/2020/06/تسليق-7-1-112x75.jpg	b77683b9c3338ac6bc3fcfa31b0507ec8acfbee3	4553
docs/media/uploads/2020/06/تسليق-7-1-130x87.jpg	c077d97d44cc6baa81f6959393b5b7b790964450	5633
docs/media/uploads/2020/06/تسليق-7-1-150x150.jpg	6ebc46deb94b988ad95283d168b1fe17065c29b0	10297
docs/media/uploads/2020/06/تسليق-7-1-165x109.jpg	59db633e509ebb9b9f597bd553b53b0fea056f42	8305
docs/media/uploads/2020/06/تسليق-7-1-170x113.jpg	3b68ebbc48926701c05ad814cb8ff86525d07a7e	8770
docs/media/uploads/2020/06/تسليق-7-1-179x116.jpg	c3afa362e38761c7dcdb24f053d72d3adb56934d	9260
docs/media/uploads/2020/06/تسليق-7-1-179x120.jpg	799e1786a6531e4a93a86529746000b7582e3f87	9329
docs/media/uploads/2020/06/تسليق-7-1-200x300.jpg	4fa5bd8b47513053dca7d6d81dabb5e62a8d6dc5	23972
docs/media/uploads/2020/06/تسليق-7-1-266x179.jpg	80d966e9078582c18a28d0a72ed1501d6e464476	18475
docs/media/uploads/2020/06/تسليق-7-1-274x183.jpg	bea5e2d5700a8f7a64973ef0ad70da33c207dd18	18905
docs/media/uploads/2020/06/تسليق-7-1-333x227.jpg	ab2f4d49dafb7a2e0f8530d78ba900853ff4c1a3	26656
docs/media/uploads/2020/06/تسليق-7-1-347x233.jpg	171d2ffc17873380df3f4c08d5330331641ffdfc	28083
docs/media/uploads/2020/06/تسليق-7-1-359x240.jpg	b1d2fb583968b13c7a45a0108b0162babde2b674	28904
docs/media/uploads/2020/06/تسليق-7-1-364x245.jpg	b503d484b49b3d6c41c6a408ed8e3d636cb3cfbf	30171
docs/media/uploads/2020/06/تسليق-7-1-367x237.jpg	d7c56459f67b9c1b218b17859fc51a5bd0218d29	29161
docs/media/uploads/2020/06/تسليق-7-1-36x36.jpg	0ca8b1173e66cc8b48b31f6122f4e76f612d8019	1356
docs/media/uploads/2020/06/تسليق-7-1-546x300.jpg	42e04de1ada7d6dd30c565de4431167c282a51e1	43959
docs/media/uploads/2020/06/تسليق-7-1-546x365.jpg	3eaa9dc123344f85bab4ed3d5af582652b99b52b	53594
docs/media/uploads/2020/06/تسليق-7-1-576x392.jpg	1b66d9872a90210764be640898e1b8c9d18206f6	58211
docs/media/uploads/2020/06/تسليق-7-1-702x432.jpg	1e70ff46a9f00ed9a93a1a89eec7c8271f3fd4fe	68639
docs/media/uploads/2020/06/تسليق-7-1-765x510.jpg	bf9d4891af0c31ad57bd5cd2469befd7b0daa618	84539
docs/media/uploads/2020/06/تسليق-7-1-80x54.jpg	a45f2dbeb88421d38ce63f515544c43f05ecdc96	2722
docs/media/uploads/2020/06/تسليق-7-1-81x55.jpg	26c37e01d1a03532f78ebb4f5ba09c3b31710b1a	2812
docs/media/uploads/2020/06/تسليق-7-1-85x57.jpg	9277cd5e6c2c6dbbdc1dccc9e549dd42d6b569ad	3057
docs/media/uploads/2020/06/تسليق-7-1.jpg	2b2e0b69e6b642719f7da0a4056b576c51827370	130905
docs/media/uploads/2020/06/تسليق-7-112x75.jpg	f57835f74c1abacf03d36582127cfac6df979640	4958
docs/media/uploads/2020/06/تسليق-7-130x87.jpg	a1a96d681fe6cc1ec28ad6f36b38c0b3bebd57e1	6211
docs/media/uploads/2020/06/تسليق-7-150x150.jpg	188e362a8f9d272ee4da851cc6591d9017ffe88d	11188
docs/media/uploads/2020/06/تسليق-7-165x109.jpg	bd075fd4e22a8770330f2a184ef990b862e2ab7f	9093
docs/media/uploads/2020/06/تسليق-7-170x113.jpg	57c5b813cf3f3b7f55c181089c3f95237f9aee3e	9744
docs/media/uploads/2020/06/تسليق-7-179x116.jpg	6d5ddc5ac6606f45955ff1c7253b156fc36df08a	10347
docs/media/uploads/2020/06/تسليق-7-179x120.jpg	75af207392f821697666bac8b3a41e4d70754e49	10407
docs/media/uploads/2020/06/تسليق-7-266x179.jpg	f012319a56e8edc974ced2b0584495fa16859a76	21051
docs/media/uploads/2020/06/تسليق-7-274x183.jpg	0cd57e7fe00f387f4cfda41e11e6a50c5e8cca8c	21647
docs/media/uploads/2020/06/تسليق-7-300x200.jpg	85c858934b26dff0f00a929a284afbf7afcfc146	24695
docs/media/uploads/2020/06/تسليق-7-333x227.jpg	d030cb608ca2890da895508726acf7acd2475ba3	30940
docs/media/uploads/2020/06/تسليق-7-347x233.jpg	0ece3db7b2d1730ab87ee881bc535f594ea4b641	32896
docs/media/uploads/2020/06/تسليق-7-359x240.jpg	4cc29fb24bde85baa019f4c12f38dedd8295cf61	34159
docs/media/uploads/2020/06/تسليق-7-364x245.jpg	1e787ce5b2acf92ee3693b003081de72d20c2970	35666
docs/media/uploads/2020/06/تسليق-7-367x237.jpg	3280a6fde1be48f9ba297fe60d2ebfccde6d6d5b	34773
docs/media/uploads/2020/06/تسليق-7-36x36.jpg	aef5a6db9ca93a3fa6a8cc0e23ba57f8a156e899	1429
docs/media/uploads/2020/06/تسليق-7-546x300.jpg	9eb3f1a964179aacbdf04279b6e7b539c4531ada	59482
docs/media/uploads/2020/06/تسليق-7-546x365.jpg	b2da2d2c54750cfdb2d84e28c53b076303dadcb1	69736
docs/media/uploads/2020/06/تسليق-7-576x392.jpg	b917c0dd3349ab56f1337666c5b5c5ff76b1d317	76250
docs/media/uploads/2020/06/تسليق-7-702x432.jpg	b941e1bbb5c84bc2aeda9d29b4aaaa30e1e2e85a	94646
docs/media/uploads/2020/06/تسليق-7-765x510.jpg	eb2229719f88e2c46dfe363aa07253674a31ca43	114983
docs/media/uploads/2020/06/تسليق-7-80x54.jpg	9ce338fe284cd8cc3a3b437a0fe6d6d378a8ed5f	2859
docs/media/uploads/2020/06/تسليق-7-81x55.jpg	61b7cfcfde87d17f747e212b18a301cf463417ba	3012
docs/media/uploads/2020/06/تسليق-7-85x57.jpg	650e326ed5618b78d6e1c30605fe926c35308da6	3279
docs/media/uploads/2020/06/تسليق-7.jpg	ce4b42c8f4bb6b0bb76bbf943b7f8f07245c9b0a	143009
docs/media/uploads/2020/06/تسليق-8-112x75.jpg	37b06d5713054fd7c2f1a77b6090b675f720e561	3553
docs/media/uploads/2020/06/تسليق-8-130x87.jpg	63713be391bcced1bc3538a713ca0a0f7a346a51	4444
docs/media/uploads/2020/06/تسليق-8-150x150.jpg	fb9630404767df23b3bd93e7533a031c06941e5d	7614
docs/media/uploads/2020/06/تسليق-8-165x109.jpg	7f4c3cc10f2e31b04b8c7ba20b99d1a89de3f8fe	6221
docs/media/uploads/2020/06/تسليق-8-170x113.jpg	09e4648c75f3669a43db6b2a430c6e9c8947a098	6725
docs/media/uploads/2020/06/تسليق-8-179x116.jpg	3529b9b4c8af0a87e7d2988176ed97ebd300ec41	7116
docs/media/uploads/2020/06/تسليق-8-179x120.jpg	481b4e0a58bb3ca910a064f6cb641aecaefc2f75	7137
docs/media/uploads/2020/06/تسليق-8-266x179.jpg	d86ff56b8759cceb2b063e6e5d495afdef76372f	13995
docs/media/uploads/2020/06/تسليق-8-274x183.jpg	2b3d48671a61e351542605b14e85c720941e33bd	14411
docs/media/uploads/2020/06/تسليق-8-300x200.jpg	fb55560a2bed1973a998fe5a098de3e2d7f6e5f9	16470
docs/media/uploads/2020/06/تسليق-8-333x227.jpg	56e1de803a60c1632a607667f54ff2ccb014ba42	20194
docs/media/uploads/2020/06/تسليق-8-347x233.jpg	f97cd4619b442c5a30dfd1dd88b33f52c1de2819	21637
docs/media/uploads/2020/06/تسليق-8-359x240.jpg	970317676af3986e05e8fac1d02dc48b803d140c	22502
docs/media/uploads/2020/06/تسليق-8-364x245.jpg	c763bc407b6ba91e21442023f7b2d3f6bfafeb55	23353
docs/media/uploads/2020/06/تسليق-8-367x237.jpg	23a2b2c3c19e6e69c56480cc994a12a9f502c079	22758
docs/media/uploads/2020/06/تسليق-8-36x36.jpg	f9d4d386f37be33aacec4850ed4209e83390a217	1233
docs/media/uploads/2020/06/تسليق-8-546x300.jpg	f6a3db8fddbfb8b52bf0a04e8ef5f605b43a1c0f	37370
docs/media/uploads/2020/06/تسليق-8-546x365.jpg	e4527ed04c1aae3adf7d3c7c63b60977e4f3addc	44892
docs/media/uploads/2020/06/تسليق-8-576x392.jpg	eddf261d803bbaf93e60fa8a45556fe9c4945744	48788
docs/media/uploads/2020/06/تسليق-8-702x432.jpg	786578d92d8de65228d593768259f1bdaaff95ca	60105
docs/media/uploads/2020/06/تسليق-8-765x510.jpg	b3677a1786e306448eacc99ba4f680db22ca478c	73915
docs/media/uploads/2020/06/تسليق-8-80x54.jpg	2d6f20eb812549d3bf77fdf57fbc3855fe2119e1	2230
docs/media/uploads/2020/06/تسليق-8-81x55.jpg	c6928044a5dace816d26b9fcc05352fdf45b55ef	2356
docs/media/uploads/2020/06/تسليق-8-85x57.jpg	a39f7af14647289d204c43d88a284a25a49be4a4	2519
docs/media/uploads/2020/06/تسليق-8.jpg	204342e256bccc26804f0b609abef42bf4b8cece	98241
docs/media/uploads/2020/06/تسليق-عون-ابي-عون-112x75.jpg	a5cc3e7186af4a0b4a2c47142b6b8e69c1c71f11	3917
docs/media/uploads/2020/06/تسليق-عون-ابي-عون-130x87.jpg	8555b16e57ae65bd091dc264170259fd6e2f4b06	4890
docs/media/uploads/2020/06/تسليق-عون-ابي-عون-150x150.jpg	2b244ade8ae1f7966d6cdf51b9ff662f21b4b177	8024
docs/media/uploads/2020/06/تسليق-عون-ابي-عون-165x109.jpg	fbb5eb401573fb0709440cd5e45c1a26c2e5991c	7065
docs/media/uploads/2020/06/تسليق-عون-ابي-عون-170x113.jpg	36772b6d8177a0ed2c4103dbf337e176905500f3	7565
docs/media/uploads/2020/06/تسليق-عون-ابي-عون-179x116.jpg	a941fadd24166227c9000d8cfd109e533da32a1d	8100
docs/media/uploads/2020/06/تسليق-عون-ابي-عون-179x120.jpg	afe70c833d1ed77505a982f29a0ca5a63f3be39b	8081
docs/media/uploads/2020/06/تسليق-عون-ابي-عون-266x179.jpg	12297a386af70d5639962bb66f18771c4eee491d	16526
docs/media/uploads/2020/06/تسليق-عون-ابي-عون-274x183.jpg	2ecaeab173b6f7055ae93e90d1674f9531509018	17082
docs/media/uploads/2020/06/تسليق-عون-ابي-عون-300x200.jpg	1e374c3f8914c1b9009bdfc9b5a19bad0a7f45f3	19486
docs/media/uploads/2020/06/تسليق-عون-ابي-عون-333x227.jpg	c71b2fbf81894a25777553079858701a03d97cbd	24456
docs/media/uploads/2020/06/تسليق-عون-ابي-عون-347x233.jpg	825daf79723feb09159c723be482e1f715ec32cb	26301
docs/media/uploads/2020/06/تسليق-عون-ابي-عون-359x240.jpg	feb175e2d9da41a11b838e46494819b2a81f220a	27217
docs/media/uploads/2020/06/تسليق-عون-ابي-عون-364x245.jpg	9ff75076d3e42656d49b7f088b6db0c16f2ab0ac	28488
docs/media/uploads/2020/06/تسليق-عون-ابي-عون-367x237.jpg	7d75ce6e2eb21cbd0990fef925b107a2eea7cee9	27735
docs/media/uploads/2020/06/تسليق-عون-ابي-عون-36x36.jpg	5b985168fd1eabd7c984b6d74c22741f6f2b9916	1275
docs/media/uploads/2020/06/تسليق-عون-ابي-عون-546x300.jpg	61d55ae77b8369d2a9100bbb4004cf0dcc3a9158	48015
docs/media/uploads/2020/06/تسليق-عون-ابي-عون-546x365.jpg	2cc5fd9bb098c247b4f67dd0602f9269e8aa4511	57519
docs/media/uploads/2020/06/تسليق-عون-ابي-عون-576x392.jpg	0b20cc90b953635c40aa3ab96248dcac3e9e0698	62811
docs/media/uploads/2020/06/تسليق-عون-ابي-عون-702x432.jpg	91a17b05f196bd7e910aa400a7372b4e8ec62896	78402
docs/media/uploads/2020/06/تسليق-عون-ابي-عون-765x510.jpg	d86107b0f06c79a973fbc02dd0f16f10384a7edc	96528
docs/media/uploads/2020/06/تسليق-عون-ابي-عون-80x54.jpg	8a6fab1012e8f49b7c62ffacb7571139633fe6fb	2366
docs/media/uploads/2020/06/تسليق-عون-ابي-عون-81x55.jpg	412e1e30582eb2809cd3a011392783f344975856	2479
docs/media/uploads/2020/06/تسليق-عون-ابي-عون-85x57.jpg	eaff7c3722d5b2c6927c04a2013f546b63fe0dc8	2677
docs/media/uploads/2020/06/تسليق-عون-ابي-عون.jpg	0f423862d5511402f20425e2bdfd0d89b4eff18d	124768
docs/media/uploads/2020/06/خرطوش-صيد-112x75.jpg	5b76a863bb2be67fdceedf071c1e62393862d939	4351
docs/media/uploads/2020/06/خرطوش-صيد-130x87.jpg	ab695ba34ba9625a05e456b749d777db77e2b8dd	5415
docs/media/uploads/2020/06/خرطوش-صيد-150x150.jpg	40d631173ea2e46f413ec7ab5616a153d92accd0	8933
docs/media/uploads/2020/06/خرطوش-صيد-165x109.jpg	ace8061e2453031947cfa422f4c42968cbeadd4c	7806
docs/media/uploads/2020/06/خرطوش-صيد-170x113.jpg	1bada8406d86337513720e554ecf370cb90a2ed0	8314
docs/media/uploads/2020/06/خرطوش-صيد-179x116.jpg	cdc6394ec1b9e200eb87081b3ee1c651b0d04b7a	8688
docs/media/uploads/2020/06/خرطوش-صيد-179x120.jpg	5f099e4677e017c6f7c450d3b9da781730e0d43d	8791
docs/media/uploads/2020/06/خرطوش-صيد-266x179.jpg	ba1a96926bef95d5e4da8743d223faaff1b2bf5f	16677
docs/media/uploads/2020/06/خرطوش-صيد-274x183.jpg	9081dbaa52d1e33c5e506e13ccffedec1ed1e8a6	17067
docs/media/uploads/2020/06/خرطوش-صيد-300x200.jpg	0461495277728e02004ea86c34a2d837e15791bc	19348
docs/media/uploads/2020/06/خرطوش-صيد-333x227.jpg	3e9770b746a645c94a96c1731512ecc3f2f7b22c	23506
docs/media/uploads/2020/06/خرطوش-صيد-347x233.jpg	7914831fa7c2f40ac4879a198ca6707c20062b8a	24916
docs/media/uploads/2020/06/خرطوش-صيد-359x240.jpg	4ce5eda02f7642f6dc5f98d214a3d384ef2ccdd4	25594
docs/media/uploads/2020/06/خرطوش-صيد-364x245.jpg	00b4befc0485a7de906e3967002dc7a24f92a103	26566
docs/media/uploads/2020/06/خرطوش-صيد-367x237.jpg	c3d8697cd10f89e1a4a9d9977b29e3b58a039c7c	25918
docs/media/uploads/2020/06/خرطوش-صيد-36x36.jpg	b871ef59129353c6ab3845ec27c258e5f5093e4d	1313
docs/media/uploads/2020/06/خرطوش-صيد-546x300.jpg	4399f7554b87a05a8f04aded0aca70e874135ac4	41446
docs/media/uploads/2020/06/خرطوش-صيد-546x365.jpg	5a0bf91804cc68cecea53307a689839ad8023a47	49065
docs/media/uploads/2020/06/خرطوش-صيد-576x392.jpg	41393ce1d7fb659aa0fd6a639a8bcaea34d3a651	53064
docs/media/uploads/2020/06/خرطوش-صيد-702x432.jpg	76178cc641d1448f6aa147e224bae4522884fd2f	65164
docs/media/uploads/2020/06/خرطوش-صيد-765x510.jpg	23d8c2f66eb6eb1c48ad8809eeda3710555d37ee	79108
docs/media/uploads/2020/06/خرطوش-صيد-80x54.jpg	e6e54aea5bb6cc4037d6e86cf52b2dc1a9026267	2601
docs/media/uploads/2020/06/خرطوش-صيد-81x55.jpg	13d3a640b183703095072c54ca2c65ab9f04f8a7	2721
docs/media/uploads/2020/06/خرطوش-صيد-85x57.jpg	ec369f00254054307183f01df5de3f0be20f8a4b	2970
docs/media/uploads/2020/06/خرطوش-صيد.jpg	d63e678f4a17966aab3844afdf1bb7a4c9ee881f	82830
docs/media/uploads/2020/06/ذبابة-الشوكولا-112x75.jpg	d46981c0ac57f618092a6fde25a811e7cc09a893	3917
docs/media/uploads/2020/06/ذبابة-الشوكولا-130x87.jpg	7371a982bbde2d9bb348323357ff6585375c541e	4816
docs/media/uploads/2020/06/ذبابة-الشوكولا-150x150.jpg	4615dd2c3dc54109de271d29a5d2f312cef9b9d0	7957
docs/media/uploads/2020/06/ذبابة-الشوكولا-165x109.jpg	d60e6189782ec8a98a213a40c99b5114628f9c06	7138
docs/media/uploads/2020/06/ذبابة-الشوكولا-170x113.jpg	06ff3b1b29f1caf0948e115669bb496de57ae1bd	7586
docs/media/uploads/2020/06/ذبابة-الشوكولا-179x116.jpg	451a88d7cf5a4da54cfa7ece1ca0fa47ea966e4c	8118
docs/media/uploads/2020/06/ذبابة-الشوكولا-179x120.jpg	3d927cb1834dc30ce87f11b438597ac435458446	8191
docs/media/uploads/2020/06/ذبابة-الشوكولا-266x179.jpg	005c43ee442a33546e28f6f4a8c1c11d1ce98132	16221
docs/media/uploads/2020/06/ذبابة-الشوكولا-274x183.jpg	70fd5f3e7f182a2f5aeb63a88433cf6d9ee156f1	16635
docs/media/uploads/2020/06/ذبابة-الشوكولا-300x200.jpg	f3562132bb61c73f3ceb1dc4a5b0617a330890fd	18947
docs/media/uploads/2020/06/ذبابة-الشوكولا-333x227.jpg	7a46d25aa72c9dc11f6091310504308be6a4ac84	23568
docs/media/uploads/2020/06/ذبابة-الشوكولا-347x233.jpg	9a3ea0e92e00b9f999111fae3d9a3c366ee3969e	25162
docs/media/uploads/2020/06/ذبابة-الشوكولا-359x240.jpg	fe7b96a0274451349ce5b0de8b19ed054646ee4f	25977
docs/media/uploads/2020/06/ذبابة-الشوكولا-364x245.jpg	05be9d3c51ca1d30ac2ab0d0b973367e9a42b8b9	26866
docs/media/uploads/2020/06/ذبابة-الشوكولا-367x237.jpg	663bc584d691bada23503880269001db09526aae	26339
docs/media/uploads/2020/06/ذبابة-الشوكولا-36x36.jpg	66bd8d634dfaf011d867f5ee54af5598da09e0d7	1202
docs/media/uploads/2020/06/ذبابة-الشوكولا-546x300.jpg	54e913b76cbc06fff12ea8f32441faa1dca5e131	43161
docs/media/uploads/2020/06/ذبابة-الشوكولا-546x365.jpg	95d00fae989dc50c2760bc99194996db89b01406	50889
docs/media/uploads/2020/06/ذبابة-الشوكولا-576x392.jpg	25b1d86501b4fd0d658325eb1da56bd4b1f3625e	55000
docs/media/uploads/2020/06/ذبابة-الشوكولا-702x432.jpg	2aabb6c740a70f2c92f019b7d8f2102e4ac1a713	67354
docs/media/uploads/2020/06/ذبابة-الشوكولا-765x510.jpg	34ef4be46996d814edf703f784bfb1d81fc2668a	81777
docs/media/uploads/2020/06/ذبابة-الشوكولا-80x54.jpg	feace6a2812499102fbe4567b2cf309d54149bf2	2370
docs/media/uploads/2020/06/ذبابة-الشوكولا-81x55.jpg	c6b3742147def341815f64f357d2e3e77dcc5985	2446
docs/media/uploads/2020/06/ذبابة-الشوكولا-85x57.jpg	2179718300399ae2140ca0828d02a29b35ae7197	2586
docs/media/uploads/2020/06/ذبابة-الشوكولا.jpg	7ff0975ce81bf7da2830dc8e846c43c7c0ac0225	104646
docs/media/uploads/2020/06/رندا-حجازي1-112x75.jpg	d9404ee0a2834915c3815e2e005df78914f18c1b	32744
docs/media/uploads/2020/06/رندا-حجازي1-130x87.jpg	1eca63b6a5b882870dbdbc50f76879b56530cda3	33622
docs/media/uploads/2020/06/رندا-حجازي1-150x150.jpg	e88fcb9ee19eecba25d4aa94629df261ddbbf1e0	37831
docs/media/uploads/2020/06/رندا-حجازي1-165x109.jpg	6eefcbb5b4b3e3aa6d2de97dea3abf20c9fbdd74	35500
docs/media/uploads/2020/06/رندا-حجازي1-170x113.jpg	bbe9b5268b346dc48055171d1c7ce72331d80bfd	35883
docs/media/uploads/2020/06/رندا-حجازي1-179x116.jpg	9792160dbdd3d8fb92780dcc66290e492895f919	36290
docs/media/uploads/2020/06/رندا-حجازي1-179x120.jpg	f4b14e0fb40905e3e2da85798c9f51f7cfc8b28d	36257
docs/media/uploads/2020/06/رندا-حجازي1-266x179.jpg	0ced980aeaf1cad46ec7e2f33fe519976aba5e4d	46093
docs/media/uploads/2020/06/رندا-حجازي1-274x183.jpg	498f39a048d6687d32aa87595e334858c3aa3453	43137
docs/media/uploads/2020/06/رندا-حجازي1-300x200.jpg	b19b6d91d6e705aa47502c89ead5331a3c9b5eef	45130
docs/media/uploads/2020/06/رندا-حجازي1-333x227.jpg	1516c9c240772a5187440477276d91b6009b3056	48189
docs/media/uploads/2020/06/رندا-حجازي1-347x233.jpg	69f012837c54970ca37e8bad1fe47cdc9d134f93	49518
docs/media/uploads/2020/06/رندا-حجازي1-359x240.jpg	ff077efb63bbbfd49a1baa2bf99e5eafe3d2561c	50206
docs/media/uploads/2020/06/رندا-حجازي1-364x245.jpg	6a005440dc1843463be5ee1f46ba2d8a50b53f29	50925
docs/media/uploads/2020/06/رندا-حجازي1-367x237.jpg	d907afd68cd56da4447ded14121cc3c8aace2c01	50553
docs/media/uploads/2020/06/رندا-حجازي1-36x36.jpg	7621a26541f8a32bfed31765f66ca30dedc5e674	30200
docs/media/uploads/2020/06/رندا-حجازي1-546x300.jpg	eaa55c456337c90a354da19fff21445374708dc4	62167
docs/media/uploads/2020/06/رندا-حجازي1-546x365.jpg	1a1821261eecbc911403ae04683f7efa51aff63b	68650
docs/media/uploads/2020/06/رندا-حجازي1-576x392.jpg	e4b76ba7908d266dab3d097c097bdc1906dc6ca1	71829
docs/media/uploads/2020/06/رندا-حجازي1-702x432.jpg	56cb2e68ee5d4de51a8047a5e7dd71b4e320d616	80597
docs/media/uploads/2020/06/رندا-حجازي1-765x510.jpg	57f17282c6ffa9a9f8725750a2da1d20cbf8292a	92198
docs/media/uploads/2020/06/رندا-حجازي1-80x54.jpg	4cfbea092f858ca7dcabef7b7440d7b688147a5c	31321
docs/media/uploads/2020/06/رندا-حجازي1-81x55.jpg	ec87a6ca2e4b7fa4e1a48b00de9d2697252f1fae	31435
docs/media/uploads/2020/06/رندا-حجازي1-85x57.jpg	d0d138ccc1deb84687cb607f96b78a2ee66073a1	31566
docs/media/uploads/2020/06/رندا-حجازي1.jpg	a786b3e268ee12aa8307cdb95db9c642f44d4851	83662
docs/media/uploads/2020/06/رندا-حجازي10-112x75.jpg	e018a5bb5e1a49591de8aaf81f97ab4dac9bfcfc	3697
docs/media/uploads/2020/06/رندا-حجازي10-130x87.jpg	511de1d9385b04ac727f667ea640fb4df6bbe1c2	4520
docs/media/uploads/2020/06/رندا-حجازي10-150x150.jpg	9c2a9ae7ac285a22b5dad7854b44199143675eab	8082
docs/media/uploads/2020/06/رندا-حجازي10-165x109.jpg	665a115cc42bfb1af48451ce97d681e2ee4abbcd	6369
docs/media/uploads/2020/06/رندا-حجازي10-170x113.jpg	c5e6788f98139073ebdac703939cb0bda5d8f501	6762
docs/media/uploads/2020/06/رندا-حجازي10-179x116.jpg	d86d637553ed89f3cf34cc068cfa75b5767dd439	7061
docs/media/uploads/2020/06/رندا-حجازي10-179x120.jpg	e97f70cf881990c3d7fb344e7bd93984a60174f8	7088
docs/media/uploads/2020/06/رندا-حجازي10-200x300.jpg	536d416bbd4159d388812c050e80a0f8acab99b6	17403
docs/media/uploads/2020/06/رندا-حجازي10-266x179.jpg	8c7201614e9946c7c79e80874f23e483a9f9d9a8	13142
docs/media/uploads/2020/06/رندا-حجازي10-274x183.jpg	b86d9366937f3cddc2b5f18b68b55dc84aeac04e	13408
docs/media/uploads/2020/06/رندا-حجازي10-333x227.jpg	764592660bac16746fa4fa5052f9d90c82574798	18393
docs/media/uploads/2020/06/رندا-حجازي10-347x233.jpg	d71abb28a6b18e8dc6454f717d322ca0d5f070ed	19208
docs/media/uploads/2020/06/رندا-حجازي10-359x240.jpg	52026d5695d839a2f4d834b23102878d08889290	19740
docs/media/uploads/2020/06/رندا-حجازي10-364x245.jpg	e56c2e02b3dcaff9bba908c8cef39007dcb3ec12	20220
docs/media/uploads/2020/06/رندا-حجازي10-367x237.jpg	682866243440850ac6ec15a5ccb83632174d3cdd	19718
docs/media/uploads/2020/06/رندا-حجازي10-36x36.jpg	c2c6d113955a1d4de4468c844c10ab11288481db	1323
docs/media/uploads/2020/06/رندا-حجازي10-546x300.jpg	5d2db8694282bff4e11ad340ecae9b048dd4238d	29333
docs/media/uploads/2020/06/رندا-حجازي10-546x365.jpg	c0c8677f6d6f601b65658d92ca435430dbbd9f4d	35402
docs/media/uploads/2020/06/رندا-حجازي10-576x392.jpg	8b553da1fd48fea1a77fc81e3eb5e76999d8a453	38296
docs/media/uploads/2020/06/رندا-حجازي10-702x432.jpg	bd011e836931b6718f514966d0ce16b8a5fcbbee	45550
docs/media/uploads/2020/06/رندا-حجازي10-765x510.jpg	52d37bcaf0653f193746f7999d9863f4099a9e9f	55523
docs/media/uploads/2020/06/رندا-حجازي10-80x54.jpg	52e074cd302ce6e6633fcc0189c14ec4fbdecd72	2355
docs/media/uploads/2020/06/رندا-حجازي10-81x55.jpg	24316bee03f628e931c93053164b69aa9ec012a4	2429
docs/media/uploads/2020/06/رندا-حجازي10-85x57.jpg	d82cb7094a7ed39986807ded06b29b10f634853c	2654
docs/media/uploads/2020/06/رندا-حجازي10.jpg	1db25f46ad21fce389e1f3a4c5a767b3e24253d9	86080
docs/media/uploads/2020/06/رندا-حجازي2-112x75.jpg	21855914a9089881746b26841d3c04c2d90861c1	33608
docs/media/uploads/2020/06/رندا-حجازي2-130x87.jpg	82eeb3e8b7751655cecd58d8729c35e699261a8b	34581
docs/media/uploads/2020/06/رندا-حجازي2-150x150.jpg	adf9a70f0eedb5f1f6dc396aa2b88dbd8e7b94ec	37753
docs/media/uploads/2020/06/رندا-حجازي2-165x109.jpg	c414d64ceb1ce4f1aa9bc043c6ac5cd66a014d22	36682
docs/media/uploads/2020/06/رندا-حجازي2-170x113.jpg	73a004547118af44dfd6f6ee4ba76039392269bd	37155
docs/media/uploads/2020/06/رندا-حجازي2-179x116.jpg	111d7532cf2889162c5078d028d3c79d0028522f	37693
docs/media/uploads/2020/06/رندا-حجازي2-179x120.jpg	5f0e031e0635a31a64bd6fe9604b4912b2060042	37667
docs/media/uploads/2020/06/رندا-حجازي2-266x179.jpg	33086da262957e6ce8f43d23327a3ddb050596dd	45407
docs/media/uploads/2020/06/رندا-حجازي2-274x183.jpg	8d94257fba4757c9dfbd11dd316a06c4ad251582	45912
docs/media/uploads/2020/06/رندا-حجازي2-300x200.jpg	798de3747300db40136f8bbc09b26b665fdde20e	48165
docs/media/uploads/2020/06/رندا-حجازي2-333x227.jpg	33117fb01b57752876cf8aa76ba0ff4d2ae96f1f	52045
docs/media/uploads/2020/06/رندا-حجازي2-347x233.jpg	5319b53090318d2a247b1622b92585ebde6a960c	53574
docs/media/uploads/2020/06/رندا-حجازي2-359x240.jpg	2d9a17468a1bb8cba9d1d5003a0ca29581ecda9e	54343
docs/media/uploads/2020/06/رندا-حجازي2-364x245.jpg	8e85f1597ad8f724ade549bb79441098323563eb	55305
docs/media/uploads/2020/06/رندا-حجازي2-367x237.jpg	277a5a16a1c007c2fa8152404d62346db5cf03d7	54921
docs/media/uploads/2020/06/رندا-حجازي2-36x36.jpg	d4d2bd828e9b907dbd5ec47058fdb58e9f77bc46	30957
docs/media/uploads/2020/06/رندا-حجازي2-546x300.jpg	3d89da7c803d79d5e09c675d72592191cfdbbb21	69634
docs/media/uploads/2020/06/رندا-حجازي2-546x365.jpg	666b6f8e0f1b2b3efaef886d95b67c6d13f61af7	77772
docs/media/uploads/2020/06/رندا-حجازي2-576x392.jpg	139eacfa4913eba999e912bf2fc81bbc29360317	81867
docs/media/uploads/2020/06/رندا-حجازي2-702x432.jpg	aac4ed94e70f225c0adaba6e1ebb686239e0f077	93505
docs/media/uploads/2020/06/رندا-حجازي2-765x510.jpg	f87c04404a8842f7294d10b5ac2581310ded7290	107696
docs/media/uploads/2020/06/رندا-حجازي2-80x54.jpg	d6a61a0d2b0e81f22fa461d44fcbce24e6100543	32059
docs/media/uploads/2020/06/رندا-حجازي2-81x55.jpg	8b68946aa56d7b72f2eaf3e525369238cb82907b	32195
docs/media/uploads/2020/06/رندا-حجازي2-85x57.jpg	6daa0026013d8d76937a334deddbfb5ca3f77033	32321
docs/media/uploads/2020/06/رندا-حجازي2.jpg	f215ff951ac41129f13c38bbce603948f787b76d	97444
docs/media/uploads/2020/06/رندا-حجازي3-112x75.jpg	6384df0084108731795c1b43ad22fe6605f7d8db	3802
docs/media/uploads/2020/06/رندا-حجازي3-130x87.jpg	2a7370879d25536d5b8e5c0d3706fb1ffc1e2720	4644
docs/media/uploads/2020/06/رندا-حجازي3-150x150.jpg	3e7515b9f06435218c28e4d8a89acebbc17e387f	8201
docs/media/uploads/2020/06/رندا-حجازي3-165x109.jpg	09586385229a8e51495cdb396e48567653355ebb	6629
docs/media/uploads/2020/06/رندا-حجازي3-170x113.jpg	8d6d8318784414421a1519cde89886c181776618	6988
docs/media/uploads/2020/06/رندا-حجازي3-179x116.jpg	b60e4d3bb8cc661be399d5c1673bd510344b6960	7334
docs/media/uploads/2020/06/رندا-حجازي3-179x120.jpg	655e4b4e7ea12725177aa098e34f08752e00079d	7424
docs/media/uploads/2020/06/رندا-حجازي3-200x300.jpg	2db57df55ba4b6c0c4ea5c966da661aa8bce673f	17714
docs/media/uploads/2020/06/رندا-حجازي3-266x179.jpg	145d22b889de5ba7f3571bd35efc594276bced53	14014
docs/media/uploads/2020/06/رندا-حجازي3-274x183.jpg	9959103dd01c0388963cf14fc014173419deea62	14347
docs/media/uploads/2020/06/رندا-حجازي3-333x227.jpg	1f94cb76da17ea36825c392bdc004ebbeb398fb5	19968
docs/media/uploads/2020/06/رندا-حجازي3-347x233.jpg	fdbb5e472c91d0dbfd1d57e22949cc9b3bc1054a	20884
docs/media/uploads/2020/06/رندا-حجازي3-359x240.jpg	16db24d2350c63972a1a6b71aee16b0534bda85f	21470
docs/media/uploads/2020/06/رندا-حجازي3-364x245.jpg	cc75e0275f91c71345d883e2bbf404fdba0e3046	22279
docs/media/uploads/2020/06/رندا-حجازي3-367x237.jpg	aece7decb6c2fb5c41ba8096fd7aa9a9502249ee	21564
docs/media/uploads/2020/06/رندا-حجازي3-36x36.jpg	9b0d8fcc3a5e101214e2a566b7750b81cc0937a9	1340
docs/media/uploads/2020/06/رندا-حجازي3-546x300.jpg	15acfb73b29510546728b85c6097fa1c20229f96	31993
docs/media/uploads/2020/06/رندا-حجازي3-546x365.jpg	fbcd7a5bc4328f664a4176eed25e9ae568cd4923	39556
docs/media/uploads/2020/06/رندا-حجازي3-576x392.jpg	f3fb1f065870cbdfb3e4c7e2c252671802eb478d	42690
docs/media/uploads/2020/06/رندا-حجازي3-702x432.jpg	86d658555e7eec9ba457dad507c34c66d5c071c5	50578
docs/media/uploads/2020/06/رندا-حجازي3-765x510.jpg	8ac93f45295179d45e669350d0ecd8c2051a169a	62292
docs/media/uploads/2020/06/رندا-حجازي3-80x54.jpg	2f628f8c2d42e13004df3ad8fb71e4d77eeb6c29	2413
docs/media/uploads/2020/06/رندا-حجازي3-81x55.jpg	4c375f7e62ac55253eb27a9d87d161b63125f67f	2499
docs/media/uploads/2020/06/رندا-حجازي3-85x57.jpg	380742ac18edef68bdc14080c9d141f3cebde8f0	2710
docs/media/uploads/2020/06/رندا-حجازي3.jpg	8aeab4a20b0359b658103f12ec38dcdc41ecb94e	89081
docs/media/uploads/2020/06/رندا-حجازي4-112x75.jpg	d54352fe536f9c8340e2b4ec6977654b715de781	4266
docs/media/uploads/2020/06/رندا-حجازي4-130x87.jpg	bf369eb3b8740d4db5fd6022c381485042db2333	5223
docs/media/uploads/2020/06/رندا-حجازي4-150x150.jpg	101ba4efd5b0f6274726ceed4d8864ab90e4cbdd	9946
docs/media/uploads/2020/06/رندا-حجازي4-165x109.jpg	44d76b755ee156eaf54ae063fa44227de6910c2e	7601
docs/media/uploads/2020/06/رندا-حجازي4-170x113.jpg	6d8d15714771dfd1b2f8c8ff9ff0125c999a7cda	8114
docs/media/uploads/2020/06/رندا-حجازي4-179x116.jpg	deb3195cd1a07f695ddc95e84e5b36ba433b12a8	8483
docs/media/uploads/2020/06/رندا-حجازي4-179x120.jpg	35f2432900404eb04695572d0a4cc1b564b1fb74	8575
docs/media/uploads/2020/06/رندا-حجازي4-200x300.jpg	531727210bf73aefed5e4f6c7c89032fa4e6ec65	23208
docs/media/uploads/2020/06/رندا-حجازي4-266x179.jpg	5c017b6ef1b6d022ea4d19e4d9a70f6110271e58	16622
docs/media/uploads/2020/06/رندا-حجازي4-274x183.jpg	089f26d4153799eadefca5ddcbd38ad7af52b3ae	17039
docs/media/uploads/2020/06/رندا-حجازي4-333x227.jpg	e147472a529ec8f34d9c8de5292657b80481739b	23852
docs/media/uploads/2020/06/رندا-حجازي4-347x233.jpg	194ad8125774102985e68c12e7803d056b5caecb	25098
docs/media/uploads/2020/06/رندا-حجازي4-359x240.jpg	3dd25cc5f720b3411010e074ca8a81f5ef81b01e	25817
docs/media/uploads/2020/06/رندا-حجازي4-364x245.jpg	1870086357b0529f200749ca50b863b5bbe9a155	26836
docs/media/uploads/2020/06/رندا-حجازي4-367x237.jpg	8a6c2b58afe88174ada6c52a7ecc0e7e12617571	26040
docs/media/uploads/2020/06/رندا-حجازي4-36x36.jpg	fad85eea1313c11ea530e23a02ef20fa68637e94	1394
docs/media/uploads/2020/06/رندا-حجازي4-546x300.jpg	f861d49207a23648c929d354d4e71ebd6835d90a	39229
docs/media/uploads/2020/06/رندا-حجازي4-546x365.jpg	cac34a5753950a75631f65de8480a5b2e99c00d9	48015
docs/media/uploads/2020/06/رندا-حجازي4-576x392.jpg	261f36378149a3b86af3d6e64860494a2ee36bc5	52128
docs/media/uploads/2020/06/رندا-حجازي4-702x432.jpg	bb1979304d3ba14363623861e6c31093fdff3151	61315
docs/media/uploads/2020/06/رندا-حجازي4-765x510.jpg	62daf58d62947c046b88080ba9b579db2e109bd3	75663
docs/media/uploads/2020/06/رندا-حجازي4-80x54.jpg	2cc7e1952eb8c094062732b6aae4c28c4588edf9	2628
docs/media/uploads/2020/06/رندا-حجازي4-81x55.jpg	4137911929fdeeb972600f3423cfea1f324b6206	2695
docs/media/uploads/2020/06/رندا-حجازي4-85x57.jpg	b9be62c1a58944f5936f2170094f9949071e5fd6	2968
docs/media/uploads/2020/06/رندا-حجازي4.jpg	75c3206d7bb751b98a531e0174a9773f6eaeca67	120569
docs/media/uploads/2020/06/رندا-حجازي5-112x75.jpg	31b01f991523642fda2e1d2b5eec94c972bad05c	5443
docs/media/uploads/2020/06/رندا-حجازي5-130x87.jpg	20b828ce5d940b8c4c0714a67c179c12b00a814e	6783
docs/media/uploads/2020/06/رندا-حجازي5-150x150.jpg	70302ab32d701faaafe8c06d534582e21e579911	12278
docs/media/uploads/2020/06/رندا-حجازي5-165x109.jpg	3ebe54097a16142d714caf1956b0359357ddca43	9917
docs/media/uploads/2020/06/رندا-حجازي5-170x113.jpg	c1cc772b8133c02e48d9c6bed3d70208f462407f	10567
docs/media/uploads/2020/06/رندا-حجازي5-179x116.jpg	22e914b5dc278ec6d9107b873481cc98a75931b8	11142
docs/media/uploads/2020/06/رندا-حجازي5-179x120.jpg	1d11e1d5ef1307a565457e2ddac301d0b8260a0f	11204
docs/media/uploads/2020/06/رندا-حجازي5-200x300.jpg	ec184fb65fecad23d56a46496f9037af91b22bee	27813
docs/media/uploads/2020/06/رندا-حجازي5-266x179.jpg	8cbda15b13aed334e676ad327847195f5bf69644	22083
docs/media/uploads/2020/06/رندا-حجازي5-274x183.jpg	7dd6a15971953269b0185ced393cd6a380617c2b	22694
docs/media/uploads/2020/06/رندا-حجازي5-333x227.jpg	88deb90eb71021a0d4b10d3de7118bd65e671f3e	31861
docs/media/uploads/2020/06/رندا-حجازي5-347x233.jpg	919614f97664a647d7a51374ab1cd29b8a087d37	33630
docs/media/uploads/2020/06/رندا-حجازي5-359x240.jpg	de9db37e6915851b91e423ba1b3977d31364b26f	34547
docs/media/uploads/2020/06/رندا-حجازي5-364x245.jpg	397f41ff2fca1aea8e21c6c145f002141637766d	35977
docs/media/uploads/2020/06/رندا-حجازي5-367x237.jpg	9480b69949d166b584d856ce7bf913d46fc4f1a5	34896
docs/media/uploads/2020/06/رندا-حجازي5-36x36.jpg	366b589dfc0b436fefae91467bd1fd2d2a196154	1553
docs/media/uploads/2020/06/رندا-حجازي5-546x300.jpg	551ca39e43402f6336badfe01ccea121d283b749	53221
docs/media/uploads/2020/06/رندا-حجازي5-546x365.jpg	9d3c01fbc44b3bf7380c856863771599938d5849	64342
docs/media/uploads/2020/06/رندا-حجازي5-576x392.jpg	b30879408c63ddd40cf0971ee54fc9ff7459e027	69621
docs/media/uploads/2020/06/رندا-حجازي5-702x432.jpg	023396b509bf39866e5adecbf5c041338fd7dcae	82884
docs/media/uploads/2020/06/رندا-حجازي5-765x510.jpg	cdbe1fa5c1253f2f6fed8574928d6678c748a06c	101548
docs/media/uploads/2020/06/رندا-حجازي5-80x54.jpg	d93d8c71c032de790517fe45fa03c705e460a82b	3239
docs/media/uploads/2020/06/رندا-حجازي5-81x55.jpg	0328993365973714aa4532fc9aa9e94b79edd254	3325
docs/media/uploads/2020/06/رندا-حجازي5-85x57.jpg	4601503f65d79288020235f11eba54c065049879	3652
docs/media/uploads/2020/06/رندا-حجازي5.jpg	c1e1a8522b7e73f6137d9e98e7b28a3624d3d767	143161
docs/media/uploads/2020/06/رندا-حجازي6-112x75.jpg	0202d73fa62bef6cf5b25385b715c083b773ef35	3374
docs/media/uploads/2020/06/رندا-حجازي6-130x87.jpg	95f8703df63da3c82c2051662a715c0aa2a94c32	4087
docs/media/uploads/2020/06/رندا-حجازي6-150x150.jpg	2e22e2bd4d539b750415f0ff284ec90851d26123	7156
docs/media/uploads/2020/06/رندا-حجازي6-165x109.jpg	b71994fc78d379efc87e7d0445822615c2eebd87	5760
docs/media/uploads/2020/06/رندا-حجازي6-170x113.jpg	6886d66ba605589614fbf91f20c61175ba06c427	6104
docs/media/uploads/2020/06/رندا-حجازي6-179x116.jpg	0421d6e8d4e2b42f29887e54b01411b04f005497	6354
docs/media/uploads/2020/06/رندا-حجازي6-179x120.jpg	810a3a3f9036efc71d23f5879802fe73e1eb81d1	6398
docs/media/uploads/2020/06/رندا-حجازي6-200x300.jpg	31128bc116f8a99b88157431fdee73f48dbd1da2	16071
docs/media/uploads/2020/06/رندا-حجازي6-266x179.jpg	ac7c013bf98175a0a3b97259ca0c795723fafcc7	11669
docs/media/uploads/2020/06/رندا-حجازي6-274x183.jpg	2e3593586e5dac68ca7e73e36b47484f05b70821	11940
docs/media/uploads/2020/06/رندا-حجازي6-333x227.jpg	765faa00a8791ec2ed81ba0a3be52dde26f9e3f2	16304
docs/media/uploads/2020/06/رندا-حجازي6-347x233.jpg	25232fb76a8c9bf9c633d18c65bfaab3bdba55fd	17002
docs/media/uploads/2020/06/رندا-حجازي6-359x240.jpg	7f04c408e2f8739ce659d126ea85fda04ced7609	17519
docs/media/uploads/2020/06/رندا-حجازي6-364x245.jpg	3065affe66ca7eb308dd64433b239e444229e451	18014
docs/media/uploads/2020/06/رندا-حجازي6-367x237.jpg	ea5343861e17e60bf2db0c047143ee1d5dc74d3c	17535
docs/media/uploads/2020/06/رندا-حجازي6-36x36.jpg	fa9c445ee28b903c550e2b262a6501b19e0779d0	1265
docs/media/uploads/2020/06/رندا-حجازي6-546x300.jpg	07bcce58caad79eb317adc38a150f576b6690941	25896
docs/media/uploads/2020/06/رندا-حجازي6-546x365.jpg	2a0274a916ab73b445b7d318b093b3a19782e588	31650
docs/media/uploads/2020/06/رندا-حجازي6-576x392.jpg	1a10fc98074aedf0cd55e00bf7102c9e43a7561e	34098
docs/media/uploads/2020/06/رندا-حجازي6-702x432.jpg	595c727934b91e3e53f327691916513f16a004ad	40303
docs/media/uploads/2020/06/رندا-حجازي6-765x510.jpg	2e40ac256cf50948500fbaeb3f11ad31296c9db0	49774
docs/media/uploads/2020/06/رندا-حجازي6-80x54.jpg	e9739a6470a7e6baaf8658da794597e160ea26f0	2225
docs/media/uploads/2020/06/رندا-حجازي6-81x55.jpg	f75120556b8e9edda44639d7aed42e59c36bbc8d	2268
docs/media/uploads/2020/06/رندا-حجازي6-85x57.jpg	0d4ec2989aa4f94740f4890a3b9b5cdaf52b150f	2456
docs/media/uploads/2020/06/رندا-حجازي6.jpg	aa62a75fee7a0201df383366e3208a864cbba75d	82389
docs/media/uploads/2020/06/رندا-حجازي7-112x75.jpg	dcd47a87735a34a557b356c4526e74e9cce39ceb	4059
docs/media/uploads/2020/06/رندا-حجازي7-130x87.jpg	6c5682100a89d6cc49e0b1fbf4cd9b2e5a5459ff	4975
docs/media/uploads/2020/06/رندا-حجازي7-150x150.jpg	49a5e097b53ee98d8be9904141047efe6eee5171	8718
docs/media/uploads/2020/06/رندا-حجازي7-165x109.jpg	a7797c35928e379624e9b5ed85451a495beaf872	7235
docs/media/uploads/2020/06/رندا-حجازي7-170x113.jpg	6b21bd0fa088fcb1022357a4933e1e1d35a567d5	7621
docs/media/uploads/2020/06/رندا-حجازي7-179x116.jpg	3c7efcecdb09204e1c215ad73f5ac09dbc2b6d31	8008
docs/media/uploads/2020/06/رندا-حجازي7-179x120.jpg	c206700a6ef1d2be67fe3730d21b7527caaf4149	8051
docs/media/uploads/2020/06/رندا-حجازي7-200x300.jpg	5a60855288048d462740426a76f01f055e5452e2	19051
docs/media/uploads/2020/06/رندا-حجازي7-266x179.jpg	707b79baf21f05be9be23f317674386eaebcf55a	15454
docs/media/uploads/2020/06/رندا-حجازي7-274x183.jpg	f28155a0b53343347c8973e6f9589a20707e0ba6	15795
docs/media/uploads/2020/06/رندا-حجازي7-333x227.jpg	d837c76d3470180c3b8e1ae7573887b14a06ceb4	21952
docs/media/uploads/2020/06/رندا-حجازي7-347x233.jpg	8e7605ef12bcd0d210c62c604d9ff48590473239	23105
docs/media/uploads/2020/06/رندا-حجازي7-359x240.jpg	9d2ddb2f68f7e2759faf0b0676a09ace54fc373e	23753
docs/media/uploads/2020/06/رندا-حجازي7-364x245.jpg	2a2955038c38aa3559a11c001b3ea2bd6be388f1	24526
docs/media/uploads/2020/06/رندا-حجازي7-367x237.jpg	9b934c436e5d8d04dc055ad3a023bb4979d1bf35	23976
docs/media/uploads/2020/06/رندا-حجازي7-36x36.jpg	7e2f1878cab57dfcead364ca975ad5dfe147d436	1337
docs/media/uploads/2020/06/رندا-حجازي7-546x300.jpg	f73f11db66d65623625af21ecd2f304cbc2e4ea6	36018
docs/media/uploads/2020/06/رندا-حجازي7-546x365.jpg	bcd003228379239271ce19982e89cfb88020d5d9	43464
docs/media/uploads/2020/06/رندا-حجازي7-576x392.jpg	f604402e7d3e7cdd779a878dd5d11bcf21109221	47130
docs/media/uploads/2020/06/رندا-حجازي7-702x432.jpg	c195ea6ffa75cd6cc5cc718eb4217fbea4e01331	56082
docs/media/uploads/2020/06/رندا-حجازي7-765x510.jpg	38695e832b2684fb0efbd76edd8847877af601eb	68538
docs/media/uploads/2020/06/رندا-حجازي7-80x54.jpg	90aa3088dcd73cd2bafc741674a28d728e3ec606	2516
docs/media/uploads/2020/06/رندا-حجازي7-81x55.jpg	ca977e871d9ac51084b94cef0864d9f359bb3d22	2594
docs/media/uploads/2020/06/رندا-حجازي7-85x57.jpg	375da2aa9e88cdd6978d57b0881df0efab12fecb	2847
docs/media/uploads/2020/06/رندا-حجازي7.jpg	31afbbcaa077d7c1f94ed0431516272abddad133	97478
docs/media/uploads/2020/06/رندا-حجازي8-112x75.jpg	e78f326fcff114006226cc9a6fe9f16d3ead0f11	4525
docs/media/uploads/2020/06/رندا-حجازي8-130x87.jpg	8829d4dccc9f14cd67e9352e81941998994fa379	5748
docs/media/uploads/2020/06/رندا-حجازي8-150x150.jpg	b105b336860d91c6d678fa9c81bb9b770e0f47a7	9774
docs/media/uploads/2020/06/رندا-حجازي8-165x109.jpg	14da00ed8c340963b425e3e4df1782209c6d511d	8218
docs/media/uploads/2020/06/رندا-حجازي8-170x113.jpg	0001de1229e268bacd096237a98bee615fe8d17c	8837
docs/media/uploads/2020/06/رندا-حجازي8-179x116.jpg	041e5ebbf16bf39176420c068fc299cc433b11ad	9423
docs/media/uploads/2020/06/رندا-حجازي8-179x120.jpg	31b785d42a4969af9ee6010df60bbf37a8a37b66	9411
docs/media/uploads/2020/06/رندا-حجازي8-266x179.jpg	b6f6ddad195ae1c6d3a38dcb0588ef97cf082813	18472
docs/media/uploads/2020/06/رندا-حجازي8-274x183.jpg	75fa39c219bc8a18b18de76178c697256ec8ddd5	19064
docs/media/uploads/2020/06/رندا-حجازي8-300x200.jpg	6fd1fc7c28be9606b0b4c99703d7face0d25a8fd	21719
docs/media/uploads/2020/06/رندا-حجازي8-333x227.jpg	c49f1a244d1a863d279f4e759df4228b6e0eed7e	26587
docs/media/uploads/2020/06/رندا-حجازي8-347x233.jpg	615cc24f5719a2fcdcca34a3ba51fb8f8855bf63	28444
docs/media/uploads/2020/06/رندا-حجازي8-359x240.jpg	df22219a678d29c959abb08ca94f7f0f008d6cd7	29407
docs/media/uploads/2020/06/رندا-حجازي8-364x245.jpg	76f480d832cc30f4e8ca73b083e5cea15577bcf5	30413
docs/media/uploads/2020/06/رندا-حجازي8-367x237.jpg	39e284e8976335820f785bce7313617ef8452e5c	30269
docs/media/uploads/2020/06/رندا-حجازي8-36x36.jpg	725f774b596108b5f79aca8271afd7c2a01f0541	1397
docs/media/uploads/2020/06/رندا-حجازي8-546x300.jpg	43a94700b6222de0cd464bc50805b36fc86b17dc	50594
docs/media/uploads/2020/06/رندا-حجازي8-546x365.jpg	7aa40036de617ef9f7dd79347d45ef65e6a9b037	57671
docs/media/uploads/2020/06/رندا-حجازي8-576x392.jpg	76aa77458b1ed78da7050859653aab6abb162ac3	62587
docs/media/uploads/2020/06/رندا-حجازي8-702x432.jpg	f69c7bb81f91f38e10740b7997e015c9245bb12d	78213
docs/media/uploads/2020/06/رندا-حجازي8-765x510.jpg	fbd7fd2bf8d4d2338d13a20420b1a7080e877bc6	93623
docs/media/uploads/2020/06/رندا-حجازي8-80x54.jpg	de7b4bcbe8f8de4dea764a9bf853fa3241199de2	2741
docs/media/uploads/2020/06/رندا-حجازي8-81x55.jpg	453f099da5c157b4eac7cfc673a4967c9da8d1a6	2903
docs/media/uploads/2020/06/رندا-حجازي8-85x57.jpg	1000a00c72cf01453c7cfb4c1b7452c5d2bfa698	3107
docs/media/uploads/2020/06/رندا-حجازي8.jpg	d4d57e4050866e3184253e2fc2cd181a8f336923	114967
docs/media/uploads/2020/06/رندا-حجازي9-112x75.jpg	9881e0fa1fca91234dac7388f4c39c76a7f97448	4459
docs/media/uploads/2020/06/رندا-حجازي9-130x87.jpg	4a5cdf0a795fe9cab1f2abdee03fdb983f94d97a	5426
docs/media/uploads/2020/06/رندا-حجازي9-150x150.jpg	3d867733530758771342214674963138863a18a5	8603
docs/media/uploads/2020/06/رندا-حجازي9-165x109.jpg	639b3a112016ea04fe5a27a24a2361876b145590	7638
docs/media/uploads/2020/06/رندا-حجازي9-170x113.jpg	4be95bd87a113f516915a58b6d65351de6be0b77	8091
docs/media/uploads/2020/06/رندا-حجازي9-179x116.jpg	443fee49030799b4a4200e1610ee8bdafa89fa38	8599
docs/media/uploads/2020/06/رندا-حجازي9-179x120.jpg	afc1e12b51bd21e8377ba36057d7267fc1b419fb	8499
docs/media/uploads/2020/06/رندا-حجازي9-266x179.jpg	369929b8c05cd761faa4343207f6cff7da37cd66	16299
docs/media/uploads/2020/06/رندا-حجازي9-274x183.jpg	2e497e86dd6547292a083ac00f636268ce7a94a9	16835
docs/media/uploads/2020/06/رندا-حجازي9-300x200.jpg	29200156fbf82d1c4ebcb137f22f5f5a28e810e2	19125
docs/media/uploads/2020/06/رندا-حجازي9-333x227.jpg	05beb720632f5adc6906b031bd3525e6799c53bd	23060
docs/media/uploads/2020/06/رندا-حجازي9-347x233.jpg	196b26b0c3f750a8e892101510510b1b9952aace	24487
docs/media/uploads/2020/06/رندا-حجازي9-359x240.jpg	cdd17932bf4320cacc49dcd77e3ea75c1b40551d	25068
docs/media/uploads/2020/06/رندا-حجازي9-364x245.jpg	e1ce0cf5ff09a47840575fff5bbeee0d73c89fbe	26235
docs/media/uploads/2020/06/رندا-حجازي9-367x237.jpg	e585bd8fc88a0e8ef3beeea47d214dbdabab4e3d	25788
docs/media/uploads/2020/06/رندا-حجازي9-36x36.jpg	048a9751d2136025261ffb66586b8e02576ea38a	1410
docs/media/uploads/2020/06/رندا-حجازي9-546x300.jpg	9db50fe198b9505b9396eef55949d4d84c343379	41093
docs/media/uploads/2020/06/رندا-حجازي9-546x365.jpg	bbee1cb54431466c1e2e0756fc5da4bef30c3223	47500
docs/media/uploads/2020/06/رندا-حجازي9-576x392.jpg	6abb76dc8d1178d8d115481ceab84148a81ed0c3	51389
docs/media/uploads/2020/06/رندا-حجازي9-702x432.jpg	735f1380f58a92b5d1b83a7fdbe1392e798136d0	62894
docs/media/uploads/2020/06/رندا-حجازي9-765x510.jpg	a5ad3ab471c9bb7e9f89a60f2c12b5421042895f	75774
docs/media/uploads/2020/06/رندا-حجازي9-80x54.jpg	89352addef6a5ae87345195621a986dc1c96ab38	2780
docs/media/uploads/2020/06/رندا-حجازي9-81x55.jpg	28ffbf5f1c4f6cfe20a87a8c52466d8c1524153c	2884
docs/media/uploads/2020/06/رندا-حجازي9-85x57.jpg	52193dff82cee641e0b68f58c3861acdb8a22087	3118
docs/media/uploads/2020/06/رندا-حجازي9.jpg	40e131f6eda5edd3db80ef3de01b2f54107af18f	95191
docs/media/uploads/2020/06/سامر-عازار-1-112x75.jpg	7b05611e90253133a4be2911b1eca7aaab2f97e9	4067
docs/media/uploads/2020/06/سامر-عازار-1-130x87.jpg	4431b808ba2195fbb346435aec5e4d161e2fb3bf	5127
docs/media/uploads/2020/06/سامر-عازار-1-150x150.jpg	d6134243a5fbe4eda400b8e945f362242864b661	8048
docs/media/uploads/2020/06/سامر-عازار-1-165x109.jpg	8531f7c84750dfacf4fc67a903723f9021c4423b	7278
docs/media/uploads/2020/06/سامر-عازار-1-170x113.jpg	484d852084bdbda7d6f10e01d5352da62cf7d764	7812
docs/media/uploads/2020/06/سامر-عازار-1-179x116.jpg	b8c6788352fa737d4a24e839ad183894e4ddfb7c	8275
docs/media/uploads/2020/06/سامر-عازار-1-179x120.jpg	101e4faa916cf1b1fa3eb8197ff4e93125c1e2f3	8333
docs/media/uploads/2020/06/سامر-عازار-1-266x179.jpg	49c8e2832e9775ce051027531b64bc1bbdfb7dfb	16339
docs/media/uploads/2020/06/سامر-عازار-1-274x183.jpg	8cbf6dd1a3313dd96e2355fafbd1e4e4bb9906af	16919
docs/media/uploads/2020/06/سامر-عازار-1-300x200.jpg	aad1af35c110e9f4fa3c4be09f1eb4a73c18c370	19290
docs/media/uploads/2020/06/سامر-عازار-1-333x227.jpg	3445e5f45074c82a562b98074b6e7b5ab2607ae2	23806
docs/media/uploads/2020/06/سامر-عازار-1-347x233.jpg	3fa8822af3827b4543642ec51460bc1f7b903acc	25439
docs/media/uploads/2020/06/سامر-عازار-1-359x240.jpg	1a621598f2770b8fe9bf58f75daa1151fcad776b	26385
docs/media/uploads/2020/06/سامر-عازار-1-364x245.jpg	f346fcbbc16768a889e7a69f108b07cb23099fcf	27461
docs/media/uploads/2020/06/سامر-عازار-1-367x237.jpg	835497c5dbcb914580ee594fbe6bc86404d58351	26808
docs/media/uploads/2020/06/سامر-عازار-1-36x36.jpg	9820c04d514050461d3c46202527d5a01d1456d8	1251
docs/media/uploads/2020/06/سامر-عازار-1-546x300.jpg	7a5d8ab8aa28d05b25134cbf1ec709d851aebcb1	44459
docs/media/uploads/2020/06/سامر-عازار-1-546x365.jpg	23e3fb22ca50f56ced092ba526e2e4e22810fd73	53529
docs/media/uploads/2020/06/سامر-عازار-1-576x392.jpg	55e228509c67995c312bbadb1291f8ebf1670290	58627
docs/media/uploads/2020/06/سامر-عازار-1-702x432.jpg	57db4287c778a4f1937f036bca6ca79fb0783144	72240
docs/media/uploads/2020/06/سامر-عازار-1-765x510.jpg	ad7e05f108a14b422e397e734418a848928f50d4	88671
docs/media/uploads/2020/06/سامر-عازار-1-80x54.jpg	ea53cf710a62a2e730b43c0994b10cb3a143fff5	2472
docs/media/uploads/2020/06/سامر-عازار-1-81x55.jpg	12331e1894294261a0aaee64a1be332a4afebb25	2615
docs/media/uploads/2020/06/سامر-عازار-1-85x57.jpg	9cb4ff67adadd9a795f058207d9cc215ea825fbf	2826
docs/media/uploads/2020/06/سامر-عازار-1.jpg	f118b030f7568a10228656cfd152081f81dd53f7	115182
docs/media/uploads/2020/06/سامر-عازار-10-112x75.jpg	57b48108e6f1ce239ac0ca76ef6ffe804c228261	2807
docs/media/uploads/2020/06/سامر-عازار-10-130x87.jpg	ea3a80fd88436fc4495c4b3947286efee80b4527	3344
docs/media/uploads/2020/06/سامر-عازار-10-150x150.jpg	ae26177bb2ebfc11d41595bc67559a2c740f87b6	5202
docs/media/uploads/2020/06/سامر-عازار-10-165x109.jpg	8039bfd59846a4038f0df657130fbec2ddb70a28	4673
docs/media/uploads/2020/06/سامر-عازار-10-170x113.jpg	cb45e3bdce1f79098b41756835a5e428f9404da7	4981
docs/media/uploads/2020/06/سامر-عازار-10-179x116.jpg	c57be1f34e4a042f042200d2a91d63b8a1b1c494	5227
docs/media/uploads/2020/06/سامر-عازار-10-179x120.jpg	9a5a3804ac6ec0b4f59be80755f48948cb6ebd31	5286
docs/media/uploads/2020/06/سامر-عازار-10-266x179.jpg	6bfc647d390a67ba5395d279f38c90976181a9b2	9836
docs/media/uploads/2020/06/سامر-عازار-10-274x183.jpg	ba39f5e26ed4ad3a84fb848a89bdc4b66e309488	10084
docs/media/uploads/2020/06/سامر-عازار-10-300x200.jpg	6c41e034fe6d2831e582a8bdd902867fb4ca5cae	11487
docs/media/uploads/2020/06/سامر-عازار-10-333x227.jpg	2efe2196a630a44dd433459447760da841071dd2	13707
docs/media/uploads/2020/06/سامر-عازار-10-347x233.jpg	b58fb6788864f41cbbae28374d1bbeae0bba7261	14754
docs/media/uploads/2020/06/سامر-عازار-10-359x240.jpg	83d2beb7ec15bf99544b15f6bda3283e6d435e21	15240
docs/media/uploads/2020/06/سامر-عازار-10-364x245.jpg	fa817ce7aaa81b65ba9fe0910e94dfdde18d6368	15784
docs/media/uploads/2020/06/سامر-عازار-10-367x237.jpg	a804b29f141be0e77611d1ebbeb32818a849bb30	15331
docs/media/uploads/2020/06/سامر-عازار-10-36x36.jpg	c1a9f2d1aaef48e35353595dbf6330d21153248d	1061
docs/media/uploads/2020/06/سامر-عازار-10-546x300.jpg	9fe697e96708ceaebe72b06933f2093e2a5c3834	23013
docs/media/uploads/2020/06/سامر-عازار-10-546x365.jpg	5d8d25be74b563eb5c68ab4493236ca2ac8a56e6	29302
docs/media/uploads/2020/06/سامر-عازار-10-576x392.jpg	ab97414bc1f3936368dd25799469015feffc4918	31245
docs/media/uploads/2020/06/سامر-عازار-10-702x432.jpg	77e234f19238e66305c497157ac5bfeb45f048e5	37870
docs/media/uploads/2020/06/سامر-عازار-10-765x510.jpg	8dcdca2f3018277cd5c5dc279160a79138a428d3	47253
docs/media/uploads/2020/06/سامر-عازار-10-80x54.jpg	9e2cac702fc797685b5e72dd62cac1302b6b497e	1809
docs/media/uploads/2020/06/سامر-عازار-10-81x55.jpg	cb2e953436fe92ffb2ab04353489e9bb8748b3bc	1851
docs/media/uploads/2020/06/سامر-عازار-10-85x57.jpg	910b869f773283b47e4125b707a633cf26953563	2027
docs/media/uploads/2020/06/سامر-عازار-10.jpg	4e675e3eb1f13af552adcef326b7d8fad95760b8	70146
docs/media/uploads/2020/06/سامر-عازار-2-112x75.jpg	ef526c5cda361f22563ba77d4e9b417c216fe8ee	4010
docs/media/uploads/2020/06/سامر-عازار-2-130x87.jpg	067114d4b11677ac67d26f4c96b95eac2609b77a	5003
docs/media/uploads/2020/06/سامر-عازار-2-150x150.jpg	5a972b4f8ce3a8e6a9aad41b28bb2983d165b5a4	8462
docs/media/uploads/2020/06/سامر-عازار-2-165x109.jpg	fca8d9419a8210e8e3bfc8618127f4fdc9d16b70	7319
docs/media/uploads/2020/06/سامر-عازار-2-170x113.jpg	b3f4452e27c3acfe137c1e73290e8023e8afb920	7739
docs/media/uploads/2020/06/سامر-عازار-2-179x116.jpg	ccc229012b6a28e07881ddf767649d488605ed56	8360
docs/media/uploads/2020/06/سامر-عازار-2-179x120.jpg	f4196ff79419fc5b455b12e8d4f27b7c87290ad9	8240
docs/media/uploads/2020/06/سامر-عازار-2-266x179.jpg	6843081fea85d34eba8820d17b1f8761cc4f48bb	16790
docs/media/uploads/2020/06/سامر-عازار-2-274x183.jpg	91b52487dad5f2cbd68b580bd022c1ec5abf4d57	17176
docs/media/uploads/2020/06/سامر-عازار-2-300x200.jpg	e47280c48c0c0e60209b7c7072d8e9a5f0fd119b	19627
docs/media/uploads/2020/06/سامر-عازار-2-333x227.jpg	1b7d73ca470ce43a1a601dc467f70a0a1e359c42	24382
docs/media/uploads/2020/06/سامر-عازار-2-347x233.jpg	f30a8ca5c2f5c07301b65c69fe94996ba75511c0	25844
docs/media/uploads/2020/06/سامر-عازار-2-359x240.jpg	83b71cfb1fe5d76524ba9b09320152b6f4c8eebf	26792
docs/media/uploads/2020/06/سامر-عازار-2-364x245.jpg	27630ee65f75f89ad449600326635e9987d78474	28009
docs/media/uploads/2020/06/سامر-عازار-2-367x237.jpg	953d712010dda2576ceb4185369e7e8b6ccf4084	27388
docs/media/uploads/2020/06/سامر-عازار-2-36x36.jpg	bfc07fdcb541c260345c16205ad0d1822993f817	1277
docs/media/uploads/2020/06/سامر-عازار-2-546x300.jpg	9b2fbd63681efea37d40a3fc6211b2e544614e11	44948
docs/media/uploads/2020/06/سامر-عازار-2-546x365.jpg	b9e5eb7d8d297ff47326060442fa0e35a6a3ba63	53541
docs/media/uploads/2020/06/سامر-عازار-2-576x392.jpg	b969fb0b12e0b80c4278dccc6bce6d173670e901	58034
docs/media/uploads/2020/06/سامر-عازار-2-702x432.jpg	0b14441a60b86f419196d572d5a74b3fb3340948	71560
docs/media/uploads/2020/06/سامر-عازار-2-765x510.jpg	10807401dc16d0cea6697c2d845fce97d6e8434e	87184
docs/media/uploads/2020/06/سامر-عازار-2-80x54.jpg	1690381da4b7b1aaf72ef2e44413dfb91a10ce31	2407
docs/media/uploads/2020/06/سامر-عازار-2-81x55.jpg	e6a16c61a7ffaea2817e3e8569497865a390024b	2545
docs/media/uploads/2020/06/سامر-عازار-2-85x57.jpg	91b9c9777eaaaa4f823a70680d308130b8dd9f64	2720
docs/media/uploads/2020/06/سامر-عازار-2.jpg	56694ce27195266d7cc41d0ee0d75881c3c19721	111533
docs/media/uploads/2020/06/سامر-عازار-3-112x75.jpg	f0f45a92781ac89e2c14285c9d9440288c64eac7	4032
docs/media/uploads/2020/06/سامر-عازار-3-130x87.jpg	788ceaf81b25227126471776dc0b19295aafe16d	4954
docs/media/uploads/2020/06/سامر-عازار-3-150x150.jpg	25e7acb02dcef63be362c7aac610372c3949c350	9041
docs/media/uploads/2020/06/سامر-عازار-3-165x109.jpg	cdce1f60b34199ade81e502451ded29ee48b8d75	7390
docs/media/uploads/2020/06/سامر-عازار-3-170x113.jpg	726f49c14e03da8fafed7bcbde916cc6c58e78c5	7823
docs/media/uploads/2020/06/سامر-عازار-3-179x116.jpg	4eeda3709b9c7d020135eeeed1797ef3e8303d58	8241
docs/media/uploads/2020/06/سامر-عازار-3-179x120.jpg	2f5559df919343f6db322805609be6522be9cd93	8328
docs/media/uploads/2020/06/سامر-عازار-3-200x300.jpg	7b58c95731a82864c4174a786cac1fa90312b4f4	21370
docs/media/uploads/2020/06/سامر-عازار-3-266x179.jpg	0f6f3d6e729b58c09b54a2f04030d8729c23517f	16802
docs/media/uploads/2020/06/سامر-عازار-3-274x183.jpg	295622a10e65ecdefe51d8f6b9d9d02878c823cd	17339
docs/media/uploads/2020/06/سامر-عازار-3-333x227.jpg	679f8c65ddbdcefc9a68f727a970a0439bf1e653	24523
docs/media/uploads/2020/06/سامر-عازار-3-347x233.jpg	ef8f9d296efac4b9f30c469b79fa549ac05ceae1	25929
docs/media/uploads/2020/06/سامر-عازار-3-359x240.jpg	b5b0b9a72d20d8a26e6012ec1e0dd8126290cde7	26849
docs/media/uploads/2020/06/سامر-عازار-3-364x245.jpg	c27cec519609e17476d6992682956adea4fae4f0	27941
docs/media/uploads/2020/06/سامر-عازار-3-367x237.jpg	72b7976d320fd1fa5106843acf46fdd26116dd3f	27155
docs/media/uploads/2020/06/سامر-عازار-3-36x36.jpg	b737ef5a03cafea9b026ef98666f2c06a8307ae9	1246
docs/media/uploads/2020/06/سامر-عازار-3-546x300.jpg	352728b089cd907c446eedb5481ee3a82963f69d	42457
docs/media/uploads/2020/06/سامر-عازار-3-546x365.jpg	ab40bc499fbbb2ff67a8bb865cd1230d245cdee4	50442
docs/media/uploads/2020/06/سامر-عازار-3-576x392.jpg	04c7ac48ed19a87fb6cf5e07f6d6c439366f2c6b	54444
docs/media/uploads/2020/06/سامر-عازار-3-702x432.jpg	195945301e27005a650daf972da9fb13aad06cad	65345
docs/media/uploads/2020/06/سامر-عازار-3-765x510.jpg	59034369859d2a8a86d280887121c7f3859ef5e7	79472
docs/media/uploads/2020/06/سامر-عازار-3-80x54.jpg	4e04ad0db3d07e5114026ffbcf455ad6788294b6	2368
docs/media/uploads/2020/06/سامر-عازار-3-81x55.jpg	8e2757116c2fc6c873d55342011b4e6e8359162b	2463
docs/media/uploads/2020/06/سامر-عازار-3-85x57.jpg	b56553788e132b227702d1aca63769e719426ee0	2688
docs/media/uploads/2020/06/سامر-عازار-3.jpg	d975f3cce841a1b202c322691b22939aea3ce503	124674
docs/media/uploads/2020/06/سامر-عازار-4-112x75.jpg	d14751ff1bf4714c8a6b5257e8d138f4514a6fdd	3128
docs/media/uploads/2020/06/سامر-عازار-4-130x87.jpg	9140304ba55125a5124d277ceefb3d84688553b0	3718
docs/media/uploads/2020/06/سامر-عازار-4-150x150.jpg	732664b868b1c8e312b0b82df9f082720aca0374	5859
docs/media/uploads/2020/06/سامر-عازار-4-165x109.jpg	6b07d3dec27c06d7253ac27af0b27f3a301dae6e	5117
docs/media/uploads/2020/06/سامر-عازار-4-170x113.jpg	e067ec379073e13aca679cb43820a725a7b73638	5472
docs/media/uploads/2020/06/سامر-عازار-4-179x116.jpg	f180687efcc8601893d5035c26ac95ca18768ac3	5748
docs/media/uploads/2020/06/سامر-عازار-4-179x120.jpg	e184c11559fee3ebcfedba1307b6b294f787d57e	5737
docs/media/uploads/2020/06/سامر-عازار-4-266x179.jpg	a60a077c34bf71742aae2d19267fd10b131bba8b	10800
docs/media/uploads/2020/06/سامر-عازار-4-274x183.jpg	71c6503e23bbe99bd17a8c1a194b3dff19877cf1	10951
docs/media/uploads/2020/06/سامر-عازار-4-300x200.jpg	7b219d8c8daa866fe97a7a984cf5cfa1575d5951	12442
docs/media/uploads/2020/06/سامر-عازار-4-333x227.jpg	26bb923c1b38caedfd6770cfe57339a269996090	15083
docs/media/uploads/2020/06/سامر-عازار-4-347x233.jpg	956ed1d99405a7cc1e1924836fdbf8505a7e5d20	16055
docs/media/uploads/2020/06/سامر-عازار-4-359x240.jpg	87e30da5505218cca4403b7280ecf3fa297208e0	16413
docs/media/uploads/2020/06/سامر-عازار-4-364x245.jpg	108effad6f108736858688c6c5fc51d27b606239	17018
docs/media/uploads/2020/06/سامر-عازار-4-367x237.jpg	708d4693ab8c4f14dcb0e1021761e0179561f15c	16758
docs/media/uploads/2020/06/سامر-عازار-4-36x36.jpg	2eb2292fffc5fcbbbde87c590d7fb8bba8195c9f	1202
docs/media/uploads/2020/06/سامر-عازار-4-546x300.jpg	8ab653ea5778d5d8ebaff57263c4998861a68718	25804
docs/media/uploads/2020/06/سامر-عازار-4-546x365.jpg	12ef9d1be7b23364686057e911f473bb419f1cc2	31618
docs/media/uploads/2020/06/سامر-عازار-4-576x392.jpg	269fb22b2ab5cb281dcf4aa80d66e722b4d84f15	34180
docs/media/uploads/2020/06/سامر-عازار-4-702x432.jpg	6e31421220748ce8ddd195dc8d8f4196872c8df9	41470
docs/media/uploads/2020/06/سامر-عازار-4-765x510.jpg	33c095fa73666b255f5a2f9cb8e72a6e29743b40	51522
docs/media/uploads/2020/06/سامر-عازار-4-80x54.jpg	f3d38fa4e1530df9634efc69597e97e9167882d7	2043
docs/media/uploads/2020/06/سامر-عازار-4-81x55.jpg	3bec7ae3171a44d665e8bb1a50214c43751d0796	2120
docs/media/uploads/2020/06/سامر-عازار-4-85x57.jpg	c25eb44aaccec8b673ee5a7408954c75b44ed185	2247
docs/media/uploads/2020/06/سامر-عازار-4.jpg	e0d22db61546035068c023240a9c84754e7d3d79	75257
docs/media/uploads/2020/06/سامر-عازار-5-112x75.jpg	f7550c56b80cf9c4cb785eb3655e4a0c7bbc3b76	2030
docs/media/uploads/2020/06/سامر-عازار-5-130x87.jpg	1b0ac04abbea0e73300d00930ecf2af5e1f43ed3	2478
docs/media/uploads/2020/06/سامر-عازار-5-150x150.jpg	45fce36b12c5602f316b86339be295b81fed6e46	4031
docs/media/uploads/2020/06/سامر-عازار-5-165x109.jpg	c5bdbf227e5d75abd42a0713f63ca16a98a66044	3262
docs/media/uploads/2020/06/سامر-عازار-5-170x113.jpg	29929231ed4fedb6024fa7077c138a76ab749862	3434
docs/media/uploads/2020/06/سامر-عازار-5-179x116.jpg	a6dc8caa102938a27f76a7ed8eea9aadc1906f88	3754
docs/media/uploads/2020/06/سامر-عازار-5-179x120.jpg	b12bc61d3c476391926cfcc3b8faefc63c14b40e	3757
docs/media/uploads/2020/06/سامر-عازار-5-266x179.jpg	2fc1d29bfdd31751e1b29c8b22608bbb1f782e1d	6889
docs/media/uploads/2020/06/سامر-عازار-5-274x183.jpg	35ee31fa64a96cb88fb8f0b796d04fd5af02d6dd	7278
docs/media/uploads/2020/06/سامر-عازار-5-300x200.jpg	bb68a91bca222daffab8e1f0476716bb995b4ea6	8284
docs/media/uploads/2020/06/سامر-عازار-5-333x227.jpg	e0eacfdf1f729d4e7e025dc5204bceb74bd52157	9705
docs/media/uploads/2020/06/سامر-عازار-5-347x233.jpg	c23bbf92323ddc0b78c6113dcdf67c59f6e6d8eb	10210
docs/media/uploads/2020/06/سامر-عازار-5-359x240.jpg	e96428d5bf8c4229a3aa6064acaa0a787dbedcdd	10974
docs/media/uploads/2020/06/سامر-عازار-5-364x245.jpg	446aac0447e5a1c07ee795615d2056e6fcc4da6f	11180
docs/media/uploads/2020/06/سامر-عازار-5-367x237.jpg	e9a515accad7c10e5b3b58cf6e4f2df36a039a00	10974
docs/media/uploads/2020/06/سامر-عازار-5-36x36.jpg	d1accc44fbdf47f884a4ef45ed1800fb10a576fc	1027
docs/media/uploads/2020/06/سامر-عازار-5-546x300.jpg	1420de5ade9e5c8fc6fb36a95f454ca1830e9531	18421
docs/media/uploads/2020/06/سامر-عازار-5-546x365.jpg	a6bae26b62b62a7bf5f7dcf84157f4b332c5f281	21396
docs/media/uploads/2020/06/سامر-عازار-5-576x392.jpg	9606c762b26e65048333a98e13818140eb113168	22928
docs/media/uploads/2020/06/سامر-عازار-5-702x432.jpg	6e47b408666d32f2f9141ce3168ca52fc0d935c1	28531
docs/media/uploads/2020/06/سامر-عازار-5-765x510.jpg	c3e4e51ab2b05180437249af7cb625014c3129e6	34917
docs/media/uploads/2020/06/سامر-عازار-5-80x54.jpg	a3998eccbab2acbf497d7772f1c45c662c866996	1532
docs/media/uploads/2020/06/سامر-عازار-5-81x55.jpg	d53f2b36b0a888cb165001ca2b08f0796c1dcb1c	1577
docs/media/uploads/2020/06/سامر-عازار-5-85x57.jpg	f0eacfb2c3f80cb43588ceb05cbec63a601ec97f	1638
docs/media/uploads/2020/06/سامر-عازار-5.jpg	e98aaf485aff2602136086c849d4c5a22c703c7f	61392
docs/media/uploads/2020/06/سامر-عازار-6-112x75.jpg	270d67bb63167d686835861e6d7e139472bc7290	3256
docs/media/uploads/2020/06/سامر-عازار-6-130x87.jpg	363908341b90b93617edb73d5bbcf71229935439	4052
docs/media/uploads/2020/06/سامر-عازار-6-150x150.jpg	b5e03a68cd4077c0eea3c7aab3e476c482e6a431	6183
docs/media/uploads/2020/06/سامر-عازار-6-165x109.jpg	7addbf245038f8a951017d2758ead904f4ed9bae	5641
docs/media/uploads/2020/06/سامر-عازار-6-170x113.jpg	ee8bb06e06ed7a4824389fcd5d62fb8593dccf2b	6140
docs/media/uploads/2020/06/سامر-عازار-6-179x116.jpg	86080ec8274640885464e78cd439a34a7c52e280	6431
docs/media/uploads/2020/06/سامر-عازار-6-179x120.jpg	e8e0dc1dc5a9e54b69d58c6d3402077f39c1d599	6491
docs/media/uploads/2020/06/سامر-عازار-6-266x179.jpg	b70078137f1e1d6cb0e187b0b5c621e83e9af8f9	12167
docs/media/uploads/2020/06/سامر-عازار-6-274x183.jpg	4f999fd4d1fcc7c3bd6103b3a2424298739a1fcc	12650
docs/media/uploads/2020/06/سامر-عازار-6-300x200.jpg	3f4651c71f5e684fef5b825b552bcd94515b5c31	14442
docs/media/uploads/2020/06/سامر-عازار-6-333x227.jpg	7d4726b7073c898a35626ebc4e0baf8cd851b99b	16918
docs/media/uploads/2020/06/سامر-عازار-6-347x233.jpg	338da6bd206d9c621b58b1760bb3e87ad1fb2ffb	18249
docs/media/uploads/2020/06/سامر-عازار-6-359x240.jpg	8a0c11575cd7831dbafaafd3ebee8b9124fdecb7	18871
docs/media/uploads/2020/06/سامر-عازار-6-364x245.jpg	21eb59263f707cf98ad79437d784db79fcafd586	19483
docs/media/uploads/2020/06/سامر-عازار-6-367x237.jpg	619c02c32bf1452bd561de28ba863c96793a259f	19213
docs/media/uploads/2020/06/سامر-عازار-6-36x36.jpg	9ea5e4bd64f3d6d7324acd73e787e27a2e620517	1097
docs/media/uploads/2020/06/سامر-عازار-6-546x300.jpg	343610daa1adae59b33dc56cf9468c885915ecce	30299
docs/media/uploads/2020/06/سامر-عازار-6-546x365.jpg	f72fa9a5ebdcdda7cf29a217ad17c28d8c9393b4	35679
docs/media/uploads/2020/06/سامر-عازار-6-576x392.jpg	73aa2112e2c2f00e272ecf79d547d29d11abf4e1	38301
docs/media/uploads/2020/06/سامر-عازار-6-702x432.jpg	45d17ce2b462b48343a9c3dc8d5ffde4a27bc04e	47632
docs/media/uploads/2020/06/سامر-عازار-6-765x510.jpg	744554045471ef3f9e39d326b07d62d0d61570c6	57836
docs/media/uploads/2020/06/سامر-عازار-6-80x54.jpg	d1f0d5f297838052019ef053fb1eec29afca70c6	1993
docs/media/uploads/2020/06/سامر-عازار-6-81x55.jpg	f9a8a867d5c168a2645bc4f4e888e1b84706cf3f	2116
docs/media/uploads/2020/06/سامر-عازار-6-85x57.jpg	217021f28965faefa1d048363e9e1647692e451c	2274
docs/media/uploads/2020/06/سامر-عازار-6.jpg	fecc33fee112b6bb5a2b42800b40ecc09652bcdc	77181
docs/media/uploads/2020/06/سامر-عازار-7-112x75.jpg	1b9129fe4683356389fa65d990d341ab35e2b194	3445
docs/media/uploads/2020/06/سامر-عازار-7-130x87.jpg	5d96e14efd172c8e57d0d82dfca976f2fd4d39b5	4331
docs/media/uploads/2020/06/سامر-عازار-7-150x150.jpg	ee41e7f2584f88d6771bf7a8e52d61ebe1cd2c5a	7357
docs/media/uploads/2020/06/سامر-عازار-7-165x109.jpg	ca183d25604e445bc74f1fae1ccb955e5edcf8e1	6357
docs/media/uploads/2020/06/سامر-عازار-7-170x113.jpg	8cb03949585b780247f451d6d5d839281813146d	6823
docs/media/uploads/2020/06/سامر-عازار-7-179x116.jpg	c9f48d7be9a502d18883e04044c60c15d48f6a7b	7280
docs/media/uploads/2020/06/سامر-عازار-7-179x120.jpg	0df17be1577ac4356896231c9d883df9c184e632	7228
docs/media/uploads/2020/06/سامر-عازار-7-266x179.jpg	af3b050d3c90bded100245621cf06ca4a58b3da4	14774
docs/media/uploads/2020/06/سامر-عازار-7-274x183.jpg	3f325a2aca5626a9c0e65db06e17ceb8fa515eb6	15254
docs/media/uploads/2020/06/سامر-عازار-7-300x200.jpg	7f3be7921f873b25a7921a752c050d7324af7818	17487
docs/media/uploads/2020/06/سامر-عازار-7-333x227.jpg	869f1708c5f5c1855e7bada2b73cf0d2983ebae7	21815
docs/media/uploads/2020/06/سامر-عازار-7-347x233.jpg	78ae54ab9d199ca49e3b3c42ef9ce67177b5a3e7	23471
docs/media/uploads/2020/06/سامر-عازار-7-359x240.jpg	de7f5b6dc9b305ca3ecbc0915cd1676593c45076	24124
docs/media/uploads/2020/06/سامر-عازار-7-364x245.jpg	83e963435b5f62dff5be7206dceb4d8147e7f6bd	25329
docs/media/uploads/2020/06/سامر-عازار-7-367x237.jpg	4a500be1f283e9fadde37cf312df68784512c96b	24611
docs/media/uploads/2020/06/سامر-عازار-7-36x36.jpg	98bed0f582ea7d046b952ff1543c83ce0bc02e8c	1100
docs/media/uploads/2020/06/سامر-عازار-7-546x300.jpg	689aac47345703a591dc4ffae33c26305ed50e03	41907
docs/media/uploads/2020/06/سامر-عازار-7-546x365.jpg	8a552170ed8974f001917dc84018aef9f8a3e849	49437
docs/media/uploads/2020/06/سامر-عازار-7-576x392.jpg	62e82c5e92916879ff63c1667cfc869e17bdeea2	53645
docs/media/uploads/2020/06/سامر-عازار-7-702x432.jpg	dc8c240ef8e716fbcce10518657bd9aa8a744718	66729
docs/media/uploads/2020/06/سامر-عازار-7-765x510.jpg	073c48059079b640d813515e9059530702b42395	81325
docs/media/uploads/2020/06/سامر-عازار-7-80x54.jpg	0d899b529cf3e94ec58db18a6d64ca974f9ec8ce	2083
docs/media/uploads/2020/06/سامر-عازار-7-81x55.jpg	b339818e55f75ee259773bf187685cb06944d01b	2204
docs/media/uploads/2020/06/سامر-عازار-7-85x57.jpg	9ce012b610daabadc969da934cbba667cd534ec4	2354
docs/media/uploads/2020/06/سامر-عازار-7.jpg	418c0171d91018e65203c293542753fcb59fbaef	105908
docs/media/uploads/2020/06/سامر-عازار-8-112x75.jpg	d931b7429339e0642171bd191af9e82b268213e1	3579
docs/media/uploads/2020/06/سامر-عازار-8-130x87.jpg	75ed880812f76135c816eb56e772d1f997682b13	4461
docs/media/uploads/2020/06/سامر-عازار-8-150x150.jpg	242f0307bc496eee62db751eae91fec0667bb2c0	6804
docs/media/uploads/2020/06/سامر-عازار-8-165x109.jpg	8805525ecda732798a2168b01d1d96ade7956783	6316
docs/media/uploads/2020/06/سامر-عازار-8-170x113.jpg	a82fe2087c93dde7b1abd77deeb1890704257918	6788
docs/media/uploads/2020/06/سامر-عازار-8-179x116.jpg	bfcb60f6404f0702f1707da4b0af5502732ffdfa	7123
docs/media/uploads/2020/06/سامر-عازار-8-179x120.jpg	6251f1d1ef404f6c8f79bc5792ee791069b18766	7196
docs/media/uploads/2020/06/سامر-عازار-8-266x179.jpg	e6e254c90feff4dff885657ef4b3aaa4dc8b2a9e	13791
docs/media/uploads/2020/06/سامر-عازار-8-274x183.jpg	d754c393f43f357cf8d7bc1f8ceead8457b9dd2f	14217
docs/media/uploads/2020/06/سامر-عازار-8-300x200.jpg	8405176d88c05aad2f98cf90132d4eb9f9d1a43a	16229
docs/media/uploads/2020/06/سامر-عازار-8-333x227.jpg	cb8ea8d91ba012bf8bf2677a53eb5e213e28e9b9	19733
docs/media/uploads/2020/06/سامر-عازار-8-347x233.jpg	eb0d8c300143b9eb227d4eb7068f4b2f469ab10e	21144
docs/media/uploads/2020/06/سامر-عازار-8-359x240.jpg	037bf9baefa22f6ec046905a3d2e4b0dfc556c03	21783
docs/media/uploads/2020/06/سامر-عازار-8-364x245.jpg	28d018d6d1692b15807b1b6cb3c3f845eefa435d	22671
docs/media/uploads/2020/06/سامر-عازار-8-367x237.jpg	389575828499f86fc245fe86ca34591d841dacb6	22148
docs/media/uploads/2020/06/سامر-عازار-8-36x36.jpg	5cb827f618a9b49cc4a33da66c74215839b7639c	1159
docs/media/uploads/2020/06/سامر-عازار-8-546x300.jpg	bcaf94a0f6beb210f1f62a697d6633c97c84496b	35943
docs/media/uploads/2020/06/سامر-عازار-8-546x365.jpg	4a78bd7c7db60004ffe6f0894731c04ec1792312	43154
docs/media/uploads/2020/06/سامر-عازار-8-576x392.jpg	9591d305ba1ffca58a168ffd9040d2a1b9ac77d3	46655
docs/media/uploads/2020/06/سامر-عازار-8-702x432.jpg	82856c2505d407e44af20b76b597c192dc93a21c	57600
docs/media/uploads/2020/06/سامر-عازار-8-765x510.jpg	ccdccea568dd220e45b79612b911f83b35849d8e	70863
docs/media/uploads/2020/06/سامر-عازار-8-80x54.jpg	cf8c8538cd2b5b371008e5ef753aaf41b051a595	2225
docs/media/uploads/2020/06/سامر-عازار-8-81x55.jpg	0ef8162770d4dff995deded67163c0d317f83fae	2359
docs/media/uploads/2020/06/سامر-عازار-8-85x57.jpg	0a7d1d1555300e4981e971d75f06ad2af39ff1a4	2501
docs/media/uploads/2020/06/سامر-عازار-8.jpg	d6fa6b066cd538101bd0a9ee214ee00442fa8dae	93127
docs/media/uploads/2020/06/سامر-عازار-9-112x75.jpg	86d24ebd4af64c0ccb954c4650dcef5e8f0794a7	2670
docs/media/uploads/2020/06/سامر-عازار-9-130x87.jpg	3bae378b7297c35fa05e5e2f271a8788da8945cb	3206
docs/media/uploads/2020/06/سامر-عازار-9-150x150.jpg	6a1942df436930cebbf1cb1fdbea34da3b5b886e	5225
docs/media/uploads/2020/06/سامر-عازار-9-165x109.jpg	23586355ba1fea046801ecdf17332e95ae52814a	4480
docs/media/uploads/2020/06/سامر-عازار-9-170x113.jpg	95dc43b169cba510cc24e4354115f704778d3cca	4715
docs/media/uploads/2020/06/سامر-عازار-9-179x116.jpg	d2469463405324d5bdc14252ad78670fa9c4cff0	5093
docs/media/uploads/2020/06/سامر-عازار-9-179x120.jpg	9d07ca8b44083cc42f3cde1af5c28c0ac47a4ce1	5098
docs/media/uploads/2020/06/سامر-عازار-9-266x179.jpg	cd8c63833b842376fa460cc7d2ffd978cc2fd150	9273
docs/media/uploads/2020/06/سامر-عازار-9-274x183.jpg	45457230aaad0f325cca34b4fa4c94ea2d6b3eb9	9779
docs/media/uploads/2020/06/سامر-عازار-9-300x200.jpg	ec26664074691d75f32228cbf759454fdba8b01c	11082
docs/media/uploads/2020/06/سامر-عازار-9-333x227.jpg	0f7584dea703f01b2e252628dd535883f5341c80	13232
docs/media/uploads/2020/06/سامر-عازار-9-347x233.jpg	c8244ae177435c903bdd9f46813c3d71b2a1709f	14316
docs/media/uploads/2020/06/سامر-عازار-9-359x240.jpg	610ef28abc520bb535c41736c4b312f6bc53ca30	14960
docs/media/uploads/2020/06/سامر-عازار-9-364x245.jpg	b270a38e481d2d50b48b5e941371d55ec7acf6a8	15289
docs/media/uploads/2020/06/سامر-عازار-9-367x237.jpg	5ac3960e2a2dcdd2b29b7a266d5f0074b7212c33	15280
docs/media/uploads/2020/06/سامر-عازار-9-36x36.jpg	02f2952c925ea8133404741254b58ff6f7bb4a56	1052
docs/media/uploads/2020/06/سامر-عازار-9-546x300.jpg	3c67bc34a7bea0a3c299b0bf97257336057dc1cc	26214
docs/media/uploads/2020/06/سامر-عازار-9-546x365.jpg	37f8a61c07856e845d27de38f301c33819c1ae06	28754
docs/media/uploads/2020/06/سامر-عازار-9-576x392.jpg	e04c39531b9871d97bb3175157ae474fb937c599	31096
docs/media/uploads/2020/06/سامر-عازار-9-702x432.jpg	35f93cc61e8c6d1a438e2516ccc1b89c8efaf2fa	39790
docs/media/uploads/2020/06/سامر-عازار-9-765x510.jpg	58886c168fc6979d1b92f59b948ded1f374e0007	46771
docs/media/uploads/2020/06/سامر-عازار-9-80x54.jpg	668675cd174e1590bb724ee30914388b368b9885	1788
docs/media/uploads/2020/06/سامر-عازار-9-81x55.jpg	85772914b1772b3088dfbb165718269e95c174a7	1837
docs/media/uploads/2020/06/سامر-عازار-9-85x57.jpg	ec8e8106daa9c61b14b7efecd86c062c0b39c63d	1961
docs/media/uploads/2020/06/سامر-عازار-9.jpg	ffd852fe78059f51c201786ab7b2a20e9dfa40a1	71664
docs/media/uploads/2020/06/سيرينا-1-112x75.jpg	3a5e0964dab7a9b96b78769ba626030ca9107cdc	4010
docs/media/uploads/2020/06/سيرينا-1-130x87.jpg	d33f9d4a358ce4755dc9db597823fd19c21c88b3	5025
docs/media/uploads/2020/06/سيرينا-1-150x150.jpg	d1b57e2bdffc7d749f9b0d02260d0b773823124a	8506
docs/media/uploads/2020/06/سيرينا-1-165x109.jpg	34f08f7f1b62a1a565950f8a494577b693484ff9	7241
docs/media/uploads/2020/06/سيرينا-1-170x113.jpg	0a906ec5889d5086d7b47b228014174791266fb4	7748
docs/media/uploads/2020/06/سيرينا-1-179x116.jpg	4a92142feb3b117a1a56623ea96bdd92de53e144	8286
docs/media/uploads/2020/06/سيرينا-1-179x120.jpg	58c0c86f947c032acdccd74fe928e30ae2b0d05c	8260
docs/media/uploads/2020/06/سيرينا-1-266x179.jpg	0846b4325bf60a02098a0fa6d41d7a3f4cb08c06	16934
docs/media/uploads/2020/06/سيرينا-1-274x183.jpg	861344af73c97c3435aa568e47b93f6f259be269	17381
docs/media/uploads/2020/06/سيرينا-1-300x200.jpg	9ecffcfde82dbd6c666680c27cd5ef20ac9b4702	19913
docs/media/uploads/2020/06/سيرينا-1-333x227.jpg	1944f4b9fd7b9a7b9d58a79ec52412c76cd25362	25084
docs/media/uploads/2020/06/سيرينا-1-347x233.jpg	4a749252910b53c9927c1d467bdb6b4b443d67a3	26692
docs/media/uploads/2020/06/سيرينا-1-359x240.jpg	1a028a29046b4a81a518ae3e1c92bf280fc4b541	27689
docs/media/uploads/2020/06/سيرينا-1-364x245.jpg	292b8dc2c000137d851f07372981f70ea13575d0	28983
docs/media/uploads/2020/06/سيرينا-1-367x237.jpg	1ab23e2fa48d54631f2187140ef1d3d68b388442	28209
docs/media/uploads/2020/06/سيرينا-1-36x36.jpg	79fe338a10cd55e291ff9fe1bb08d97e296404b5	1290
docs/media/uploads/2020/06/سيرينا-1-546x300.jpg	53cf38e96db509ff18bf06a5214124571e814fec	47458
docs/media/uploads/2020/06/سيرينا-1-546x365.jpg	72ea3ea09afaa7c9254d36f246052d773833d37e	58012
docs/media/uploads/2020/06/سيرينا-1-576x392.jpg	23b2464e7ae5cb4ad4e59ff67117daef530305ec	63951
docs/media/uploads/2020/06/سيرينا-1-702x432.jpg	543ea37eb68b4990aad9914f085ca36f2d2f6b8c	78225
docs/media/uploads/2020/06/سيرينا-1-765x510.jpg	d8bac963eb949d6c94c042fb74f9a128768a97e6	97206
docs/media/uploads/2020/06/سيرينا-1-80x54.jpg	45890027ab85d387f8b4dfe9dde7d50a4605c6bb	2429
docs/media/uploads/2020/06/سيرينا-1-81x55.jpg	38fb304e54014799a8ba99341edaa5830716566e	2551
docs/media/uploads/2020/06/سيرينا-1-85x57.jpg	b710f12b6f1187da9c7fd2c779242e78f4582257	2725
docs/media/uploads/2020/06/سيرينا-1.jpg	a308634752188363f47bc50f6b01cbf7202cf607	170224
docs/media/uploads/2020/06/سيرينا-3-112x75.jpg	4ae6450bdad2e542a17cfee5587974a5ccd8ca6c	3463
docs/media/uploads/2020/06/سيرينا-3-130x87.jpg	2a14e8342a1d77bb89849b58445e0ad9151e612a	4337
docs/media/uploads/2020/06/سيرينا-3-150x150.jpg	e04d984e534b58b72c3c2e84213f083c22d2f4b4	7829
docs/media/uploads/2020/06/سيرينا-3-165x109.jpg	e341699314b3854b444c0e08d3abf4ee4523075c	6417
docs/media/uploads/2020/06/سيرينا-3-170x113.jpg	1932aded8edfc6dd256364c2713842ff8839d51d	6923
docs/media/uploads/2020/06/سيرينا-3-179x116.jpg	16a809a3515752ab52e6fccc0d00ef11f5854b09	7360
docs/media/uploads/2020/06/سيرينا-3-179x120.jpg	ae7d187b00346f8850e7314b983a8f72e9f750be	7423
docs/media/uploads/2020/06/سيرينا-3-266x179.jpg	dbdfdcfd92e55703483cbb731c5bc586243ea364	15742
docs/media/uploads/2020/06/سيرينا-3-274x183.jpg	7a7d576cfded6495b889d829f289856c9ca85cc9	16260
docs/media/uploads/2020/06/سيرينا-3-300x200.jpg	81b0dd558c0f7b23877de51125deffe0d4aa1fce	18834
docs/media/uploads/2020/06/سيرينا-3-333x227.jpg	6f8bf84ae967bc6ca198506c0b9080bf6d8ff6f0	23981
docs/media/uploads/2020/06/سيرينا-3-347x233.jpg	2b3e605fc34c2fc3ebbb82e5d4fb2a799eeef06f	25658
docs/media/uploads/2020/06/سيرينا-3-359x240.jpg	88e9b9e872175351b1b5157f1bc8455d8ff83435	26732
docs/media/uploads/2020/06/سيرينا-3-364x245.jpg	1f06d5ce8d3a49e55a7b44a672429ed3f465ad0c	27941
docs/media/uploads/2020/06/سيرينا-3-367x237.jpg	ff23fdaba51faf624841f02652a4e4a5ed97b89e	27191
docs/media/uploads/2020/06/سيرينا-3-36x36.jpg	5f8434d318b52c3c787a9a52087b014f5f89f78b	1122
docs/media/uploads/2020/06/سيرينا-3-546x300.jpg	c8c6fd1bb3c605092c7885cffd80da7157c2a7a1	47702
docs/media/uploads/2020/06/سيرينا-3-546x365.jpg	3e103f25e08f9a5bb39ed2979e663863ed652762	57065
docs/media/uploads/2020/06/سيرينا-3-576x392.jpg	c257c492467860b74f729297522e4792082db8e9	62965
docs/media/uploads/2020/06/سيرينا-3-702x432.jpg	d6a141bdff65ee0dbae7ddc09af836d210ec54d0	77623
docs/media/uploads/2020/06/سيرينا-3-765x510.jpg	d3d01c1dd88b4c9599799ae99e9b26ad35e72c60	95767
docs/media/uploads/2020/06/سيرينا-3-80x54.jpg	e613f41e41b3e8fd095bb39bda4bd3f046cf5c92	2053
docs/media/uploads/2020/06/سيرينا-3-81x55.jpg	c13bc2ee5aff228906abe68e48693af104956e37	2162
docs/media/uploads/2020/06/سيرينا-3-85x57.jpg	d062e6666817a25be8c1eecc90b9e5ef801215fd	2350
docs/media/uploads/2020/06/سيرينا-3.jpg	a9ed27940e9aa0b8908fb7d90b7862fed327de9e	120653
docs/media/uploads/2020/06/سيرينا-4-112x75.jpg	119089f901df08e035bb08289c123d70c548dccb	3996
docs/media/uploads/2020/06/سيرينا-4-130x87.jpg	062fbc31c11ef2616481d55513dd46272228adce	5130
