path	git_blob_sha	size_bytes
docs/media/uploads/2020/04/قواص-150x150.jpg	ef5d74ca5416769c12d948aee3f4b9f8d07861ee	8722
docs/media/uploads/2020/04/قواص-165x109.jpg	0fbd2d08e7ccb1f9fa866e4113136d8aa589b281	7290
docs/media/uploads/2020/04/قواص-170x113.jpg	35551f21ead86133bdf6ff1793f8351ab3961e7c	7839
docs/media/uploads/2020/04/قواص-179x116.jpg	dc53a70e8b846873d10c3ec390b58f734fef2195	8372
docs/media/uploads/2020/04/قواص-179x120.jpg	d5a0a42c3eeea8f54d1eee90ce5c5d73cb8e7c16	8365
docs/media/uploads/2020/04/قواص-266x179.jpg	822f1ab01ebd4f17082cd0f68cb73778540d257b	16624
docs/media/uploads/2020/04/قواص-274x183.jpg	8328757adefb1cc71fe47b269208c873ea33b1c7	17261
docs/media/uploads/2020/04/قواص-300x200.jpg	fd7e3e4da1e2251df9c45f0fc6c556c965e50e8c	19528
docs/media/uploads/2020/04/قواص-333x227.jpg	f6089ddfecdbdd0a0d81ef6723319bde6ba1d53e	24151
docs/media/uploads/2020/04/قواص-347x233.jpg	e2cd6e44a29386bf439dde0dac70f073b019c2a6	25770
docs/media/uploads/2020/04/قواص-359x240.jpg	6e57e895cef1546aa1d60167f82cb34513a30195	26646
docs/media/uploads/2020/04/قواص-364x245.jpg	8bc4e2729f65b2caae26e3b0c35ec4c1e3128f87	27789
docs/media/uploads/2020/04/قواص-367x237.jpg	67227baac74666983e4ebea978cddef776b70188	27199
docs/media/uploads/2020/04/قواص-36x36.jpg	b9583648fbe0b967c05a84acb425deb9c4d69329	1309
docs/media/uploads/2020/04/قواص-546x300.jpg	5fc1e1158f3854852b5f966c41d9a006fea0430b	45641
docs/media/uploads/2020/04/قواص-546x365.jpg	9e6876662258db4f4872c8816f8f9dbec79d2c85	52952
docs/media/uploads/2020/04/قواص-576x392.jpg	d62f86bf72f11032e01b0117b4bb72085b8da5f4	57358
docs/media/uploads/2020/04/قواص-702x432.jpg	14b509c0d371c6236fc38e54f290d7e2eb59f1f0	71095
docs/media/uploads/2020/04/قواص-765x510.jpg	d1d0613e71d4460e0ef09ccff7bab8aa90b85bd6	85719
docs/media/uploads/2020/04/قواص-80x54.jpg	addad1a18de96f28e2bd1bfc6eca9c996761ea7d	2470
docs/media/uploads/2020/04/قواص-81x55.jpg	a92737f4a08dd1e9f10a5150e8b8789c3784cb36	2562
docs/media/uploads/2020/04/قواص-85x57.jpg	4e635ab9fd5a5bc360aa5b7281c4267fa6ef23b0	2769
docs/media/uploads/2020/04/قواص.jpg	7129e9ef6c0346b3d32f23fa513757072927b26a	109678
docs/media/uploads/2020/04/لوجة-رجاء-عصافير-112x75.jpg	3142d3be47bf8d6e0fc4fce3a8385439aa1a1a21	3657
docs/media/uploads/2020/04/لوجة-رجاء-عصافير-130x87.jpg	3d5b0a641f37409aefd8e4d66506967bfc804ef9	4567
docs/media/uploads/2020/04/لوجة-رجاء-عصافير-150x150.jpg	5b3a3d8f6d9e5b6bd0de4cea2b451c7c51eb8725	7507
docs/media/uploads/2020/04/لوجة-رجاء-عصافير-165x109.jpg	8da6ac3e378f6eb9816b250707c541a0e4d685e4	6626
docs/media/uploads/2020/04/لوجة-رجاء-عصافير-170x113.jpg	5478c6263a0cb09bbffff9485ba16660ea6b86b9	7048
docs/media/uploads/2020/04/لوجة-رجاء-عصافير-179x116.jpg	700315989968b2e72a53c8f6bd0bc349a8dd2e02	7562
docs/media/uploads/2020/04/لوجة-رجاء-عصافير-179x120.jpg	bde6a5d9b6275df8334c46e5de939b3e0c03d498	7626
docs/media/uploads/2020/04/لوجة-رجاء-عصافير-266x179.jpg	d69dbd15ee03938ddd774af15d8cf7bb0ff21f53	14635
docs/media/uploads/2020/04/لوجة-رجاء-عصافير-274x183.jpg	2e7a8679c4b5ac311e2d8230126ef4e98002905f	15136
docs/media/uploads/2020/04/لوجة-رجاء-عصافير-300x300.jpg	78d8fb53f10d995a1ccfa9572d2da1fce6e302f9	23625
docs/media/uploads/2020/04/لوجة-رجاء-عصافير-333x227.jpg	de1f014d89fdb6d59ffce1b11462fd8392754fa4	21278
docs/media/uploads/2020/04/لوجة-رجاء-عصافير-347x233.jpg	18d24794503337f3a142382017f9902b45f7f3ba	22515
docs/media/uploads/2020/04/لوجة-رجاء-عصافير-359x240.jpg	c3d84cc221799242ba66a8e66b493bb463263c47	23535
docs/media/uploads/2020/04/لوجة-رجاء-عصافير-364x245.jpg	5910d9413b900b146f12258b1dd3558fa8b6b062	24055
docs/media/uploads/2020/04/لوجة-رجاء-عصافير-367x237.jpg	e0ab1ce33ccb48d94895e1b3f3480a5cb80dd6b8	23809
docs/media/uploads/2020/04/لوجة-رجاء-عصافير-36x36.jpg	059379a9ed8ecf661c5f8fdd90eedf4c7aeef081	1222
docs/media/uploads/2020/04/لوجة-رجاء-عصافير-546x300.jpg	aeb89b96a11f4b1cd6d77c6bd8f6ca6d9b280fda	38159
docs/media/uploads/2020/04/لوجة-رجاء-عصافير-546x365.jpg	9b08e11bba3842441876dcf26269540e600bc9f9	44467
docs/media/uploads/2020/04/لوجة-رجاء-عصافير-576x392.jpg	4c236bd7f6d83d9ba3c06724e64b81037178f3bd	47936
docs/media/uploads/2020/04/لوجة-رجاء-عصافير-702x432.jpg	1c375f52364e6467e30d5b36ec0a6c72a89764ae	58812
docs/media/uploads/2020/04/لوجة-رجاء-عصافير-765x510.jpg	2e7f769040a3ad34d00b6041678193759d8eee11	70703
docs/media/uploads/2020/04/لوجة-رجاء-عصافير-80x54.jpg	e3cd6f908f21f98f17fb3e2380223881d7713d60	2326
docs/media/uploads/2020/04/لوجة-رجاء-عصافير-81x55.jpg	0a645c38b32fb5923f0c5ebc9b8cc62e211bb863	2389
docs/media/uploads/2020/04/لوجة-رجاء-عصافير-85x57.jpg	f995775698f23dce0ae6100e3f15d9b48babe603	2627
docs/media/uploads/2020/04/لوجة-رجاء-عصافير.jpg	ea2b9ee158faf45b26be452893ebc398f16adaa0	77899
docs/media/uploads/2020/04/مربض-البزال-1-112x75.jpg	64493f200ef339bee216db01c03810decab70b1e	3964
docs/media/uploads/2020/04/مربض-البزال-1-130x87.jpg	7fe188760db87ed2668be0b16ace4a0e4d8af513	5078
docs/media/uploads/2020/04/مربض-البزال-1-150x150.jpg	660754b369ba8b78da87ce410104d932474f1b31	8446
docs/media/uploads/2020/04/مربض-البزال-1-165x109.jpg	bd30423419d29fece92e5e411a11edc0527efcf4	7338
docs/media/uploads/2020/04/مربض-البزال-1-170x113.jpg	372d5ef595ad257ab279c77f6bac7a1cdf189866	7876
docs/media/uploads/2020/04/مربض-البزال-1-179x116.jpg	7036487b7b1a9325a043deb86496d886011f74a7	8350
docs/media/uploads/2020/04/مربض-البزال-1-179x120.jpg	06234cc921e0c7ae8cd7ffa1b63544984bb07f51	8336
docs/media/uploads/2020/04/مربض-البزال-1-266x179.jpg	501db4cf492019798c2ecebcf436d5e754edd889	17446
docs/media/uploads/2020/04/مربض-البزال-1-274x183.jpg	fcc4b03fd58ba9d88caaff600ed72b00e06010fc	18103
docs/media/uploads/2020/04/مربض-البزال-1-300x200.jpg	a65b3456f1ccc5df2a2576c76e773a041a75b05b	20714
docs/media/uploads/2020/04/مربض-البزال-1-333x227.jpg	445bc2ff13700e69d3a0c8ed0a4180bcbcff0648	26398
docs/media/uploads/2020/04/مربض-البزال-1-347x233.jpg	834dd3ff16f74b3481e892a112e03d30d3b06ee5	28157
docs/media/uploads/2020/04/مربض-البزال-1-359x240.jpg	41eaa0159e70776cb48617cfb4c6a6a8f53d244d	29105
docs/media/uploads/2020/04/مربض-البزال-1-364x245.jpg	d598591572ea5d8a1cae00d6d047442170217ae3	30540
docs/media/uploads/2020/04/مربض-البزال-1-367x237.jpg	57d9aaf0e7fcacd1213b35ee2976ba1d84f56f32	29988
docs/media/uploads/2020/04/مربض-البزال-1-36x36.jpg	142c502ded48ddca70b64d82ba8ead06e7619f78	1221
docs/media/uploads/2020/04/مربض-البزال-1-546x300.jpg	3192693e7109cb2af286235bd5fbbb6601c3aa4a	54269
docs/media/uploads/2020/04/مربض-البزال-1-546x365.jpg	e9e02321d56b2056a45e356cea33800ed2302ff3	61904
docs/media/uploads/2020/04/مربض-البزال-1-576x392.jpg	d2a02e1d4f3cd6c61d1630328d3ef2b3a016ea3f	68147
docs/media/uploads/2020/04/مربض-البزال-1-702x432.jpg	766a2dcf76fe54000e1c02c4471e9474a5287337	85775
docs/media/uploads/2020/04/مربض-البزال-1-765x510.jpg	02cd294765eea9aaeb8eba4659be043a02924c5c	103531
docs/media/uploads/2020/04/مربض-البزال-1-80x54.jpg	e020f85d971c1b6e11852d51cf63e34456d169c0	2462
docs/media/uploads/2020/04/مربض-البزال-1-81x55.jpg	bb95d62a57fcf9c83bd918789b73798c747163c3	2579
docs/media/uploads/2020/04/مربض-البزال-1-85x57.jpg	60d70b398a35ffe2c0519f5a1e199c07300cc7f6	2801
docs/media/uploads/2020/04/مربض-البزال-1.jpg	facc298fc4dbfa8e638f997681a32b5bd29656ce	127857
docs/media/uploads/2020/04/نبيل-رضوان-1-112x75.jpg	4171ff94db157411ced3fc1f8641a3adc83c7ede	2626
docs/media/uploads/2020/04/نبيل-رضوان-1-130x87.jpg	e51dc239383e3717342a22a8c3b587125afbd2eb	3157
docs/media/uploads/2020/04/نبيل-رضوان-1-150x150.jpg	041826aa724d06fa9161ac44cde79edc9847232a	5429
docs/media/uploads/2020/04/نبيل-رضوان-1-165x109.jpg	06596138bbe5e0e074bff4c5946f71a7397e1569	4589
docs/media/uploads/2020/04/نبيل-رضوان-1-170x113.jpg	7afb1d8211dd5f1359b920d14963e96b8e4a68b9	4782
docs/media/uploads/2020/04/نبيل-رضوان-1-179x116.jpg	de25d7cf8c5e8982bd3839e62986a03aa9e1bce0	5025
docs/media/uploads/2020/04/نبيل-رضوان-1-179x120.jpg	6ed80635e814793b2c91d0c71b01dcaa2ee43ed5	5106
docs/media/uploads/2020/04/نبيل-رضوان-1-200x300.jpg	bd0c4662c4c3c3932800ba9a4b7fd4539acdd81b	12401
docs/media/uploads/2020/04/نبيل-رضوان-1-266x179.jpg	901d3293f8686690a862b626755c7c6ce86b9fe4	10204
docs/media/uploads/2020/04/نبيل-رضوان-1-274x183.jpg	e048aba103df463e6dc52c5c089a7b20cfd34444	10481
docs/media/uploads/2020/04/نبيل-رضوان-1-333x227.jpg	a59e6db6c7249161f5c00446fead157d3f747b44	14992
docs/media/uploads/2020/04/نبيل-رضوان-1-347x233.jpg	73df31ab4ce88e17c96ec314d0b727cc02188f05	15993
docs/media/uploads/2020/04/نبيل-رضوان-1-359x240.jpg	bc25078727a06fc883653acbfd1944e8e69f2a44	16447
docs/media/uploads/2020/04/نبيل-رضوان-1-364x245.jpg	ef92f485782fd7bee92b82260e03d274abaf2af7	17182
docs/media/uploads/2020/04/نبيل-رضوان-1-367x237.jpg	46b6f18e1819ae55aa6722d95452f156b85fc5b5	16703
docs/media/uploads/2020/04/نبيل-رضوان-1-36x36.jpg	d1733f43b99af0af3308ae3dd0b377666514e010	1065
docs/media/uploads/2020/04/نبيل-رضوان-1-546x300.jpg	f8eb208eb3d7e46c9e85e23fc01f0877c598c2d2	26477
docs/media/uploads/2020/04/نبيل-رضوان-1-546x365.jpg	a2c8a06942bcd9e885ae35bd9bf44d69acc64e1d	32118
docs/media/uploads/2020/04/نبيل-رضوان-1-576x392.jpg	6a3a09dac7549d1d5bdc13f6804251770ee7c8ee	34814
docs/media/uploads/2020/04/نبيل-رضوان-1-702x432.jpg	d6ba702d751c5ab354ed4ce340bdb1cd10096793	41556
docs/media/uploads/2020/04/نبيل-رضوان-1-765x510.jpg	19d70601642b2c08aec1590747cf694603f70b9e	51012
docs/media/uploads/2020/04/نبيل-رضوان-1-80x54.jpg	87e847b861e5220502957c4bfe4111660d00bbad	1704
docs/media/uploads/2020/04/نبيل-رضوان-1-81x55.jpg	f1325b6a2c4dd31e452dbbb9ad75ee726b561291	1750
docs/media/uploads/2020/04/نبيل-رضوان-1-85x57.jpg	f16646f61aa8f9936b164b62a96b5bd4b057988d	1909
docs/media/uploads/2020/04/نبيل-رضوان-1.jpg	e885c80c14725e715c76afd4e8548a3fcaa15610	83020
docs/media/uploads/2020/04/نبيل-رضوان-112x75.jpg	d377ef2fc843965e7fc4c486534bb08c2b431064	4109
docs/media/uploads/2020/04/نبيل-رضوان-130x87.jpg	119eecf26fe19ad66e89699ceb8282715e1b756a	5193
docs/media/uploads/2020/04/نبيل-رضوان-150x150.jpg	c7f72b0c9674cb42b2ba85aed906b59ccd69da17	9133
docs/media/uploads/2020/04/نبيل-رضوان-165x109.jpg	4e18528fc9201a0aa484ddb24367909005a6da80	7733
docs/media/uploads/2020/04/نبيل-رضوان-170x113.jpg	340aee7ff16a7f96094234469ac11d0700766253	8396
docs/media/uploads/2020/04/نبيل-رضوان-179x116.jpg	9200c8f406cf39252cef17f5c56a6f820af6c620	8902
docs/media/uploads/2020/04/نبيل-رضوان-179x120.jpg	1d86166a0a408dbe2cf8fa9721c03d0b2e959576	8935
docs/media/uploads/2020/04/نبيل-رضوان-2-112x75.jpg	acb471d1b78fa416c76aa02917448c0e70962874	3040
docs/media/uploads/2020/04/نبيل-رضوان-2-130x87.jpg	9a1b8f2ae2cb5bd88ab0e79d65f0e55b5b87eff4	3624
docs/media/uploads/2020/04/نبيل-رضوان-2-150x150.jpg	4112c44a357e2f6ede8983a0ec0f4c24de73a085	5826
docs/media/uploads/2020/04/نبيل-رضوان-2-165x109.jpg	ba4d94d6391e35e75b1ada037892566704698f11	5101
docs/media/uploads/2020/04/نبيل-رضوان-2-170x113.jpg	97f8c72776c1cfe7a9bff39257540202b7321e46	5485
docs/media/uploads/2020/04/نبيل-رضوان-2-179x116.jpg	0b1874da1ce4a1e83c888f88cf3bd7091cf736a0	5709
docs/media/uploads/2020/04/نبيل-رضوان-2-179x120.jpg	d2042d6881b9bbdd89cf99c01ceafa4c6a462b7c	5814
docs/media/uploads/2020/04/نبيل-رضوان-2-200x300.jpg	200b17bbbf0b831ceb68293416a6e69ecf03670b	12761
docs/media/uploads/2020/04/نبيل-رضوان-2-266x179.jpg	880a0968bbb555091875c8e9ebe01d9178113a6c	11112
docs/media/uploads/2020/04/نبيل-رضوان-2-274x183.jpg	93b967ca3c30f605b6a5ca9204896efd57469df7	11470
docs/media/uploads/2020/04/نبيل-رضوان-2-333x227.jpg	01d46992b9947b5af71387c5e62f7180cc3a9741	16334
docs/media/uploads/2020/04/نبيل-رضوان-2-347x233.jpg	79d13b4e208516bb6bdc97767dc587ad527a44a3	17218
docs/media/uploads/2020/04/نبيل-رضوان-2-359x240.jpg	2b9d500162003a7ede8e74824d782149d4968f08	17759
docs/media/uploads/2020/04/نبيل-رضوان-2-364x245.jpg	f38f27592940c3f016e8e7f5866530792861a0fc	18622
docs/media/uploads/2020/04/نبيل-رضوان-2-367x237.jpg	85901f210e5fd143b68da4ec754f63e7957ac3e4	18007
docs/media/uploads/2020/04/نبيل-رضوان-2-36x36.jpg	70c9d067edc0bdfedae30cd924e1d910f59f1e6b	1158
docs/media/uploads/2020/04/نبيل-رضوان-2-546x300.jpg	8185781c25c4e7eba201af0c2141d0466b1a6001	28084
docs/media/uploads/2020/04/نبيل-رضوان-2-546x365.jpg	c5fd3677ca767d5a7e07e7cdb13c611d98297b7c	34542
docs/media/uploads/2020/04/نبيل-رضوان-2-576x392.jpg	321cb914aba002d5511f78cd2dfdb16c2676edd0	37342
docs/media/uploads/2020/04/نبيل-رضوان-2-702x432.jpg	209743b7d824211cd7b5984048c0c2c7ce56858e	44542
docs/media/uploads/2020/04/نبيل-رضوان-2-765x510.jpg	d4a9e123c12a308bdaf2181705e92acc7d5928a4	54626
docs/media/uploads/2020/04/نبيل-رضوان-2-80x54.jpg	a23473102f572d7f2c170661899a430b90dfbac5	1989
docs/media/uploads/2020/04/نبيل-رضوان-2-81x55.jpg	30a781932d62dc95271b864373b4591b0b83da89	2097
docs/media/uploads/2020/04/نبيل-رضوان-2-85x57.jpg	a84b552069f6a12a924ed384c38410ea43449508	2228
docs/media/uploads/2020/04/نبيل-رضوان-2.jpg	3a6fb68076069b6e66c2ba976f4e4b715292b474	83277
docs/media/uploads/2020/04/نبيل-رضوان-266x179.jpg	9f1e8ddb0dc9db963aaea1fd68467505960b4148	18836
docs/media/uploads/2020/04/نبيل-رضوان-274x183.jpg	dab40b484de5b32aed7d9861d20e1621d088aff1	19476
docs/media/uploads/2020/04/نبيل-رضوان-3-112x75.jpg	c6c8fb98db23ec535fad2e1021144c587f11578c	2847
docs/media/uploads/2020/04/نبيل-رضوان-3-130x87.jpg	3036d9b394b38349491d7927921da2921704c577	3387
docs/media/uploads/2020/04/نبيل-رضوان-3-150x150.jpg	7e1ce00c07f92bb323c11cdb0bbff4dfa5d0c52d	5794
docs/media/uploads/2020/04/نبيل-رضوان-3-165x109.jpg	e0cb8f305e15dad1ed144431cab4d22b2a3495c0	4751
docs/media/uploads/2020/04/نبيل-رضوان-3-170x113.jpg	d28762c533791c41c97a64eb7616eb7a5f68259f	5154
docs/media/uploads/2020/04/نبيل-رضوان-3-179x116.jpg	d0795d5e5dfbc44ce14fd70f47f2aae1d2f7cbcc	5425
docs/media/uploads/2020/04/نبيل-رضوان-3-179x120.jpg	b923156fd69a2bbb6ccf3ed3893cf72c51827570	5461
docs/media/uploads/2020/04/نبيل-رضوان-3-200x300.jpg	96777a5a12f2da37b5a233269c348abee2e13da4	12538
docs/media/uploads/2020/04/نبيل-رضوان-3-266x179.jpg	33e92d00ebd5248a954b673770747fac55ba6b4b	10449
docs/media/uploads/2020/04/نبيل-رضوان-3-274x183.jpg	e510e90da2efaa19ab80666fadd697e6171f0bdc	10790
docs/media/uploads/2020/04/نبيل-رضوان-3-333x227.jpg	77af898da301261efc7b98cd338fe09c1084d757	15434
docs/media/uploads/2020/04/نبيل-رضوان-3-347x233.jpg	42891c845dbdb7311e56a5a8c061f6b996c1f82c	16355
docs/media/uploads/2020/04/نبيل-رضوان-3-359x240.jpg	03c74d8ccbd0b986d5e4f137783075fee747a405	16984
docs/media/uploads/2020/04/نبيل-رضوان-3-364x245.jpg	6fa1f73d0e67557b6c9e7deb610183caaf659843	17670
docs/media/uploads/2020/04/نبيل-رضوان-3-367x237.jpg	abeaed5e7c3b18779a864ac32e961964455159dd	17210
docs/media/uploads/2020/04/نبيل-رضوان-3-36x36.jpg	27466f953ced3330325c80c2473274398d84dfce	1156
docs/media/uploads/2020/04/نبيل-رضوان-3-546x300.jpg	8af79b828e4b8167bc0c45b13c7d1534a3eab846	27898
docs/media/uploads/2020/04/نبيل-رضوان-3-546x365.jpg	86409c1072791486665106bffdfc1c408a81aaf9	33050
docs/media/uploads/2020/04/نبيل-رضوان-3-576x392.jpg	181db1db6c2d402b0cf18b716b548024ded1c3bd	35922
docs/media/uploads/2020/04/نبيل-رضوان-3-702x432.jpg	44a41633df16d0e4ad9433111a8920cb19b60049	43857
docs/media/uploads/2020/04/نبيل-رضوان-3-765x510.jpg	f3e293be0ecae1a1aeb3e17726544099028948e6	53306
docs/media/uploads/2020/04/نبيل-رضوان-3-80x54.jpg	841b9d4bbb473d11bfe0efe52ec299c8bae339f4	1841
docs/media/uploads/2020/04/نبيل-رضوان-3-81x55.jpg	5292963f661288cb1d85eef39fb55ae542a43f16	1890
docs/media/uploads/2020/04/نبيل-رضوان-3-85x57.jpg	e0d7ff27642d084b877480ee1a30c2f39e33b7a4	2054
docs/media/uploads/2020/04/نبيل-رضوان-3.jpg	02f855779232f868c6deef7fcafd955f77a61b79	78733
docs/media/uploads/2020/04/نبيل-رضوان-300x200.jpg	7225aabbf5ee93aef1821b2b598b969fc882fd67	22480
docs/media/uploads/2020/04/نبيل-رضوان-333x227.jpg	b094e04036d898ebb49f730682071851ccf6ccd9	28406
docs/media/uploads/2020/04/نبيل-رضوان-347x233.jpg	a70037bec61865443a10e68e4496173e621b5ee8	30465
docs/media/uploads/2020/04/نبيل-رضوان-359x240.jpg	2ce8bbec261a883860a1d5c2d2d2beedf5248cb7	31606
docs/media/uploads/2020/04/نبيل-رضوان-364x245.jpg	5a3b3849f6f9fb8e32a2de0b7b7507da062fbde5	33010
docs/media/uploads/2020/04/نبيل-رضوان-367x237.jpg	d003e7c871b4220907e3e914283b2d8c4d08b63b	32174
docs/media/uploads/2020/04/نبيل-رضوان-36x36.jpg	46502bf66b8c2d14f43d43a12b73563fb05d6cc7	1228
docs/media/uploads/2020/04/نبيل-رضوان-4-112x75.jpg	65f88420f5fb94b91e0679a1964bab4855310de7	3071
docs/media/uploads/2020/04/نبيل-رضوان-4-130x87.jpg	54a232dc11a5afd1933e09a23038b9d0889902d7	3773
docs/media/uploads/2020/04/نبيل-رضوان-4-150x150.jpg	e88f957d9ce14bb7e32091779078154b0fdd9bbe	6278
docs/media/uploads/2020/04/نبيل-رضوان-4-165x109.jpg	6d8fe8129c27cffe4041e4c8bfb4f0b1a7160923	5317
docs/media/uploads/2020/04/نبيل-رضوان-4-170x113.jpg	9957a0e1ccd3d305fee5e38c5190780f9984ce3e	5679
docs/media/uploads/2020/04/نبيل-رضوان-4-179x116.jpg	4dea50073dcec55a047c12d952d6abc6e6da0332	5962
docs/media/uploads/2020/04/نبيل-رضوان-4-179x120.jpg	bee509bb715b76e7da3ff06ffc086c4c96792ac8	6010
docs/media/uploads/2020/04/نبيل-رضوان-4-266x179.jpg	16b22865fd22f21f1adb43ccd33e8c31780b9152	11568
docs/media/uploads/2020/04/نبيل-رضوان-4-274x183.jpg	3093fba7680eb239cb4124f25a6cd6362d4870f4	12034
docs/media/uploads/2020/04/نبيل-رضوان-4-300x200.jpg	acb40eee7b3262058774aef3fad0dce149393dc1	13884
docs/media/uploads/2020/04/نبيل-رضوان-4-333x227.jpg	34267ae9ca75c1ea6e59083deac6b7a93975268e	17008
docs/media/uploads/2020/04/نبيل-رضوان-4-347x233.jpg	d0d1f4d8ba153904b2e247fa894ff0bd56efd259	18366
docs/media/uploads/2020/04/نبيل-رضوان-4-359x240.jpg	9e57aec0ea414e60cf03233969af07f8bdd2940e	19071
docs/media/uploads/2020/04/نبيل-رضوان-4-364x245.jpg	0fc7444c5022258cadb210e1f076eb69755fbaf8	19925
docs/media/uploads/2020/04/نبيل-رضوان-4-367x237.jpg	a52cd3d98c9e3b540653421241317e3fac159027	19536
docs/media/uploads/2020/04/نبيل-رضوان-4-36x36.jpg	f164eb68afe28e0d5f3519c7aab314fab1b3414f	1128
docs/media/uploads/2020/04/نبيل-رضوان-4-546x300.jpg	5c868e9a5625fa0f3f8af63f534e361e1a2f1748	35231
docs/media/uploads/2020/04/نبيل-رضوان-4-546x365.jpg	49dbbc48b877ac37111fcce0bad77ae4767d94ca	42106
docs/media/uploads/2020/04/نبيل-رضوان-4-576x392.jpg	08d097f4b1a45a0777ed3c1c15a0909561b03309	46586
docs/media/uploads/2020/04/نبيل-رضوان-4-702x432.jpg	cc78f6e80fe99d6218f47457dd67f166a7d04ebc	59357
docs/media/uploads/2020/04/نبيل-رضوان-4-765x510.jpg	6d443dd256d1f26940ed5ddf564976da7c19eb0a	73724
docs/media/uploads/2020/04/نبيل-رضوان-4-80x54.jpg	1c1875bd78c1f402e2ba92119a1acb5a3e2584e7	1982
docs/media/uploads/2020/04/نبيل-رضوان-4-81x55.jpg	3f8c39c6b8a1ce88cdf335a2798ded08a6ffeafd	2056
docs/media/uploads/2020/04/نبيل-رضوان-4-85x57.jpg	71c7e8809c8f2288cb4a5fbf05d44eb617b33526	2188
docs/media/uploads/2020/04/نبيل-رضوان-4.jpg	7c81e0f9e756a5e98b6cd4665cae3784983f83fe	94775
docs/media/uploads/2020/04/نبيل-رضوان-5-112x75.jpg	030f5a95bfa534db9b5eed2f7a7b2beca2c79a9f	2941
docs/media/uploads/2020/04/نبيل-رضوان-5-130x87.jpg	d58f96609fcd538f41fecae0a73c7bb3dbea3d6c	3672
docs/media/uploads/2020/04/نبيل-رضوان-5-150x150.jpg	b876867fc38c1741d32110758cdbe0c12dca87b9	5943
docs/media/uploads/2020/04/نبيل-رضوان-5-165x109.jpg	30a44e7fb27d93992d79c70379b0aa0e2cda7164	5265
docs/media/uploads/2020/04/نبيل-رضوان-5-170x113.jpg	0ded3315a0e0456fa37ae46bf6d462c14a63190a	5596
docs/media/uploads/2020/04/نبيل-رضوان-5-179x116.jpg	dcabb73164ba56fafde5c182eb266140a211bb26	5944
docs/media/uploads/2020/04/نبيل-رضوان-5-179x120.jpg	2c1ab24aaf7b4de33dc8a8e5ec819fc40f69d8dc	5976
docs/media/uploads/2020/04/نبيل-رضوان-5-266x179.jpg	f8d7289f6c6bef78e11cb588b30d7c12c77b810b	11676
docs/media/uploads/2020/04/نبيل-رضوان-5-274x183.jpg	f1ad9e33c1427c8c30150fe83573bbfe6660390d	12027
docs/media/uploads/2020/04/نبيل-رضوان-5-300x300.jpg	9555db798a91ffbf1d7cd341ad2c2ef364990976	19165
docs/media/uploads/2020/04/نبيل-رضوان-5-333x227.jpg	7092b0ba5725491d4e7c6e59c4454484ea0a1553	17024
docs/media/uploads/2020/04/نبيل-رضوان-5-347x233.jpg	a3cbd2d53b66d3c1fc5788766b4749b9de27313d	17838
docs/media/uploads/2020/04/نبيل-رضوان-5-359x240.jpg	d356551d260a8414e6f22c9d81407c71067393c2	18870
docs/media/uploads/2020/04/نبيل-رضوان-5-364x245.jpg	cedafe63090cd28b7e6ddc9541bdbf767bc9de31	19140
docs/media/uploads/2020/04/نبيل-رضوان-5-367x237.jpg	98535a4c15ddeb39aa52cd27385af5ff1d40d024	19047
docs/media/uploads/2020/04/نبيل-رضوان-5-36x36.jpg	8938f8e719bd345e4a4aad61f36eadc3f9ce56ec	1099
docs/media/uploads/2020/04/نبيل-رضوان-5-546x300.jpg	5b3c0e3a7a36a02b46ba9b7b21acbb92d8c5ab2c	30781
docs/media/uploads/2020/04/نبيل-رضوان-5-546x365.jpg	d1a3c6d3d002d18ed2187f925a74be937665e28a	36004
docs/media/uploads/2020/04/نبيل-رضوان-5-576x392.jpg	07ec640c96d2e0d4432a6b901bc48c4577d53692	38997
docs/media/uploads/2020/04/نبيل-رضوان-5-702x432.jpg	5df6fecfa978a171d9006df5b97410b96be187d7	47638
docs/media/uploads/2020/04/نبيل-رضوان-5-765x510.jpg	0a7a282f6b9e9cc6c76355912d519351fe57f878	57686
docs/media/uploads/2020/04/نبيل-رضوان-5-80x54.jpg	2e1dd1e42659715a98b4713e256ddbd7092b6d02	1936
docs/media/uploads/2020/04/نبيل-رضوان-5-81x55.jpg	193ebf7877edba22c2798c95a288a7d535917828	2012
docs/media/uploads/2020/04/نبيل-رضوان-5-85x57.jpg	1b34271d7a3ac6694d2b36a352cbee90cd013c54	2151
docs/media/uploads/2020/04/نبيل-رضوان-5.jpg	2b4002ab9b0ec28ccc79579444bb2f9982153908	70824
docs/media/uploads/2020/04/نبيل-رضوان-546x300.jpg	09e5245b485ceabd14132e1df346b3d34179488a	54981
docs/media/uploads/2020/04/نبيل-رضوان-546x365.jpg	0752d447101ed6b7311ef94a6d33f58d1ba31ee2	66676
docs/media/uploads/2020/04/نبيل-رضوان-576x392.jpg	392d83547db726d5621ab9dbec5cec908f164d6e	73171
docs/media/uploads/2020/04/نبيل-رضوان-702x432.jpg	cd97f5e8a3d3e0aff2c3f651e44b6e8a2ce0a2f3	90133
docs/media/uploads/2020/04/نبيل-رضوان-765x510.jpg	019e433e84495c549826b0eecd5349d3542150f2	111162
docs/media/uploads/2020/04/نبيل-رضوان-80x54.jpg	56a1a0b41bb378ed77035699ef1e9c4b115a62eb	2416
docs/media/uploads/2020/04/نبيل-رضوان-81x55.jpg	72a1764ced6503e75ce4520705f0ca6f1c3a8f0a	2500
docs/media/uploads/2020/04/نبيل-رضوان-85x57.jpg	f3df47462b670db53fc3d5261d3580f9a447f49c	2737
docs/media/uploads/2020/04/نبيل-رضوان.jpg	7173a75060c6e6a5c690cef1a790379e834bb599	137982
docs/media/uploads/2020/04/نبيل-رضوان6-112x75.jpg	24a14da20e67e8ac2a1b82b7d5b017f15078dd86	3475
docs/media/uploads/2020/04/نبيل-رضوان6-130x87.jpg	d01e2f1dc3d0a197303e7a498580f81c0782049d	4229
docs/media/uploads/2020/04/نبيل-رضوان6-150x150.jpg	0da2d3e38ebf2372f2d894b57c2f3c3f650fb3b4	6919
docs/media/uploads/2020/04/نبيل-رضوان6-165x109.jpg	9f83ffe13f99099d7b195cb8f14efbacb3c9736b	6014
docs/media/uploads/2020/04/نبيل-رضوان6-170x113.jpg	42180d7b2ab1bcdcf4afc63ea8d5cf50d4ea6ea4	6451
docs/media/uploads/2020/04/نبيل-رضوان6-179x116.jpg	86b3cdfd545ddbded5691623f621c46040754843	6936
docs/media/uploads/2020/04/نبيل-رضوان6-179x120.jpg	630fa38bde8f186c0c7ddd4381c5aeb5d31ec38b	6843
docs/media/uploads/2020/04/نبيل-رضوان6-266x179.jpg	ecbe7906ee645c875be41f51a36d4b1fa43a617c	13482
docs/media/uploads/2020/04/نبيل-رضوان6-274x183.jpg	044f670afb9802ed1ee20e2e78bd8044e3cad99a	13873
docs/media/uploads/2020/04/نبيل-رضوان6-300x200.jpg	43c789fa7700967c72c2976bb2ae4d723a21c44e	15944
docs/media/uploads/2020/04/نبيل-رضوان6-333x227.jpg	a7099789cbc2056ced0a8771369bc1026c636eb7	19513
docs/media/uploads/2020/04/نبيل-رضوان6-347x233.jpg	e979cb9b3d82903c7e0565f950ffc9973f8ffadd	21162
docs/media/uploads/2020/04/نبيل-رضوان6-359x240.jpg	70c8da73c7500ca5109bc1469b58abc3e0cc3353	21768
docs/media/uploads/2020/04/نبيل-رضوان6-364x245.jpg	99bc5caecef07fe4a388b50811cebb6e559db5ab	22794
docs/media/uploads/2020/04/نبيل-رضوان6-367x237.jpg	f0ab6f36f249016f43198cea5b1be2be32d765e6	22526
docs/media/uploads/2020/04/نبيل-رضوان6-36x36.jpg	571615a833a04285cb4c465f72672683a29e9d35	1180
docs/media/uploads/2020/04/نبيل-رضوان6-546x300.jpg	9defad2d898909f8269d19923befb13472cbbfec	40384
docs/media/uploads/2020/04/نبيل-رضوان6-546x365.jpg	4f885a1c004d0b1628b6fafd571d6252210974c2	47577
docs/media/uploads/2020/04/نبيل-رضوان6-576x392.jpg	d517f4de3528e8e56351c87b50d70d90e59a3cbc	52272
docs/media/uploads/2020/04/نبيل-رضوان6-702x432.jpg	bcd2f23c3ecc66ad8e2419d590cfe11757ba20c8	66797
docs/media/uploads/2020/04/نبيل-رضوان6-765x510.jpg	ed67851c28673131bea3236f17532d15efda7ace	82209
docs/media/uploads/2020/04/نبيل-رضوان6-80x54.jpg	4f340c9f346771a26001d330d71cc0c28593d75a	2164
docs/media/uploads/2020/04/نبيل-رضوان6-81x55.jpg	9af790cefbde95a950b60466e675b04a2dea355b	2276
docs/media/uploads/2020/04/نبيل-رضوان6-85x57.jpg	e66f306e524da256eeed4b8bc73a7e322a538793	2415
docs/media/uploads/2020/04/نبيل-رضوان6.jpg	c624d8dd50d76f8b3ca43179d92d8ac35852444f	102020
docs/media/uploads/2020/04/هدهد-112x75.jpg	2e8664f225bf945a77cb71f4e4b30509e644b70e	3463
docs/media/uploads/2020/04/هدهد-130x87.jpg	c1c28b4cbe3ccc461c8369b2798510a85fa0a132	4324
docs/media/uploads/2020/04/هدهد-150x150.jpg	e4f53f4edfc23012ade28fd022be1ab85ae66626	6801
docs/media/uploads/2020/04/هدهد-165x109.jpg	dcf426d586f575fd7ae7bb0c9a83f477b39f9349	6118
docs/media/uploads/2020/04/هدهد-170x113.jpg	09beec6d6cd5eb434f000e4a68f8de259986834a	6563
docs/media/uploads/2020/04/هدهد-179x116.jpg	8ae39c86723500bbf36a7eb0112b9ec466a92bcc	7000
docs/media/uploads/2020/04/هدهد-179x120.jpg	26f2a04566db12aa16d3a4f5b494813761614958	6924
docs/media/uploads/2020/04/هدهد-266x179.jpg	8c29ffce8e25fb950c1705271a63365a04a13564	13646
docs/media/uploads/2020/04/هدهد-274x183.jpg	d9aee1b42f532232ac7878785be82e1e1e794c7e	14054
docs/media/uploads/2020/04/هدهد-300x200.jpg	f5d6592690988b3f11c3f8392076d26b7f530d12	16058
docs/media/uploads/2020/04/هدهد-333x227.jpg	8c840bd98b5a0c107fcf3f3dce25831fe5d210ac	19705
docs/media/uploads/2020/04/هدهد-347x233.jpg	43b3bcc7973058fa5f68575d105be8fb691458d5	21061
docs/media/uploads/2020/04/هدهد-359x240.jpg	76ee53ed318c6f33133fa36023ac5a3fc0bed739	21574
docs/media/uploads/2020/04/هدهد-364x245.jpg	d23ed2125eef4d08992ad153afa653037cc9ddda	22578
docs/media/uploads/2020/04/هدهد-367x237.jpg	212fe3aa1c1c5c59da7fce6250a7e28339d381eb	22168
docs/media/uploads/2020/04/هدهد-36x36.jpg	f73646ee795817171d898c68bf9318ee4cb0f168	1139
docs/media/uploads/2020/04/هدهد-546x300.jpg	55cb30f5bf6b941edf4106b777203f85d5a09bb5	35218
docs/media/uploads/2020/04/هدهد-546x365.jpg	4327c0f6ff686976bcdbfa1bf46b2958a560e25e	42929
docs/media/uploads/2020/04/هدهد-576x392.jpg	abea42528a4d542dbc07155b2afd66409c9672e2	46497
docs/media/uploads/2020/04/هدهد-702x432.jpg	38bf6cc16f367d1978bc9f4dcc93ab4e8fe307c9	57229
docs/media/uploads/2020/04/هدهد-765x510.jpg	b40baf78463c1b849a6937cefbb69e8c869ecb14	70242
docs/media/uploads/2020/04/هدهد-80x54.jpg	c653adfa2c8ccb46e1f986ae185ae3f8fc58bbca	2123
docs/media/uploads/2020/04/هدهد-81x55.jpg	5b809e26b35e4859e22af48c89ff010939883642	2251
docs/media/uploads/2020/04/هدهد-85x57.jpg	ad24b5c62143f5e9ef62cd55c0fc49cdb3d0bb40	2390
docs/media/uploads/2020/04/هدهد.jpg	92e0eaf21da2242e9875376390ff2f7699a139ab	91735
docs/media/uploads/2020/04/وحدة-112x75.jpg	98a78bc4aead5ead2e2b435f77e57624bb1db61c	2441
docs/media/uploads/2020/04/وحدة-130x87.jpg	3d2c0d8b7ff89f9e0ab7c1d6686f1329d0395bbb	3206
docs/media/uploads/2020/04/وحدة-150x150.jpg	ba23558952274278ad790bae66d929b38dc8f144	5573
docs/media/uploads/2020/04/وحدة-165x109.jpg	ef88d2db9a68c0919267000c2bee1ca1fe18c52e	4195
docs/media/uploads/2020/04/وحدة-170x113.jpg	eac7f1a02fdaabe568aea9ce55588a64c3e2fa56	4528
docs/media/uploads/2020/04/وحدة-179x116.jpg	b5f927d14be41d02678fa6e2519bd7c0a2c1123e	4850
docs/media/uploads/2020/04/وحدة-179x120.jpg	90be0d8be20b9dbe7178cd6102fbf9aa1833e40c	4720
docs/media/uploads/2020/04/وحدة-266x179.jpg	5078e2d529c59ce8fee41ef451336dc3e2e53b66	8944
docs/media/uploads/2020/04/وحدة-274x183.jpg	671230136be452850397a88ec6af5d9daa065fbf	9548
docs/media/uploads/2020/04/وحدة-300x200.jpg	c9b21246d2f81224ea17d51c43a4a3a742b15fc1	10513
docs/media/uploads/2020/04/وحدة-333x227.jpg	9a50f142c240b554d1d9fa50c4dd0344ce715b4e	12556
docs/media/uploads/2020/04/وحدة-347x233.jpg	58b5e68b16027fff14068d8fb133954dc964ba05	13900
docs/media/uploads/2020/04/وحدة-359x240.jpg	10cefbaf3afa9bfe22d8b9cb56a11a9965afa402	14501
docs/media/uploads/2020/04/وحدة-364x245.jpg	e026c1ec1acf67d95e1ca726a7e964b03dd43632	14704
docs/media/uploads/2020/04/وحدة-367x237.jpg	f9b62f6d6b28c2abf911d14ae2d8058f031ce995	15102
docs/media/uploads/2020/04/وحدة-36x36.jpg	c0a28317c014c81b495faafd59f6c6ab3741faaa	1071
docs/media/uploads/2020/04/وحدة-546x300.jpg	3a4047a02140caf44f21f5f1dc9fbb562c35fb3e	24711
docs/media/uploads/2020/04/وحدة-546x365.jpg	051d3679fff253de812000ac7cd5443362908efa	27734
docs/media/uploads/2020/04/وحدة-576x392.jpg	77c824a3276d46476e354128fce53e4a4509d8fa	29797
docs/media/uploads/2020/04/وحدة-702x432.jpg	96e973c0a2807014a93ebed2e32b0d83c94d39f1	38215
docs/media/uploads/2020/04/وحدة-765x510.jpg	35f731739ce3effe47b41e524f90be9114276402	43391
docs/media/uploads/2020/04/وحدة-80x54.jpg	7cede1369c2f9eb14ebadafe3e2dc34d21589eff	1751
docs/media/uploads/2020/04/وحدة-81x55.jpg	0cec0b15982d9ef261c2d08cf53bc6c7390b229f	1819
docs/media/uploads/2020/04/وحدة-85x57.jpg	498ceec02712d900823c7cd8fe573834d47e627a	1847
docs/media/uploads/2020/04/وحدة.jpg	6319f51694af4c342d3a0690ff62115a3aa40262	76194
docs/media/uploads/2020/04/ولادة-خيل-112x75.jpg	a2179eec32318a0883c497f34d21842b4e7b26ca	3668
docs/media/uploads/2020/04/ولادة-خيل-130x87.jpg	b41b98a690b5757bf89121ff360d328ab85bf1a5	4548
docs/media/uploads/2020/04/ولادة-خيل-150x150.jpg	99f401d743e5b0d24bf4dda160feed83c561900b	7474
docs/media/uploads/2020/04/ولادة-خيل-165x109.jpg	947235cbaa4076cb74c6ae46253e8320901d8cd6	6347
docs/media/uploads/2020/04/ولادة-خيل-170x113.jpg	9f55576b9a84a089b545e569a67fe051432f8d2e	6777
docs/media/uploads/2020/04/ولادة-خيل-179x116.jpg	e966b0ff77cf809f46cdaeb703ceb4fdd65dc3d9	7140
docs/media/uploads/2020/04/ولادة-خيل-179x120.jpg	bed92d9c9ebd0fc9b4e1e2508dad48a12301c69a	7180
docs/media/uploads/2020/04/ولادة-خيل-266x179.jpg	4c1809e0e8514e81a7fc6787815d8ba08f2784d4	13403
docs/media/uploads/2020/04/ولادة-خيل-274x183.jpg	247b887c93bc3cba14bb3a9198ca0ecf10c2c0c5	13714
docs/media/uploads/2020/04/ولادة-خيل-300x300.jpg	3fac51732f71818a9f6a92f368043c322d654b77	22683
docs/media/uploads/2020/04/ولادة-خيل-333x227.jpg	73024b6cfcc0ef0e87a6f03be3a617b13454dbc6	18963
docs/media/uploads/2020/04/ولادة-خيل-347x233.jpg	e7c8ece687962e66283685abd1849b1fb98b1f2b	19979
docs/media/uploads/2020/04/ولادة-خيل-359x240.jpg	8baee2cf9ae89ebd984bd8063db9f83d3fe31afd	20492
docs/media/uploads/2020/04/ولادة-خيل-364x245.jpg	15ed589871020665fc9035a00590faf280b88f03	21355
docs/media/uploads/2020/04/ولادة-خيل-367x237.jpg	32da58983372af9315ba6e671b86e3f0b9053cf8	20745
docs/media/uploads/2020/04/ولادة-خيل-36x36.jpg	04f14d66f0cd11e2392c7dc34ec1070573986b61	1221
docs/media/uploads/2020/04/ولادة-خيل-546x300.jpg	b10e865734118146dd795fa9fe2a17b5bfaa37b4	31468
docs/media/uploads/2020/04/ولادة-خيل-546x365.jpg	09a719e81ad18cfb8aa1aefd7780b0abca403b24	37887
docs/media/uploads/2020/04/ولادة-خيل-576x392.jpg	60d06ad91f1b3dd0310051b5b1a80336f73fc2ab	41058
docs/media/uploads/2020/04/ولادة-خيل-702x432.jpg	ac626e0709b03e665dcfc1922f77f8bf906cb34e	48925
docs/media/uploads/2020/04/ولادة-خيل-765x510.jpg	d7c5cb415ea82600dc8d9d1f797a320e78282c19	59810
docs/media/uploads/2020/04/ولادة-خيل-80x54.jpg	71d4d91c3043232d4e042ef76238fe20d2ba9ede	2303
docs/media/uploads/2020/04/ولادة-خيل-81x55.jpg	641b41739e2ad4716c3d243f01274619a7dd979b	2415
docs/media/uploads/2020/04/ولادة-خيل-85x57.jpg	3422a7eba73891eedec7562bf6d3a8a9f5222705	2600
docs/media/uploads/2020/04/ولادة-خيل.jpg	4d1f2c9d9d0d331896e7a16655aa3f717c728590	76145
docs/media/uploads/2020/04/ولادة-خيل1-112x75.jpg	d93429d8ce9a77a4e8a007a72172d1cf265d6b33	3477
docs/media/uploads/2020/04/ولادة-خيل1-130x87.jpg	e4a97e5cd4c01498d01d17084f50bc1a7f3792e9	4211
docs/media/uploads/2020/04/ولادة-خيل1-150x150.jpg	880a7aad2b057c18c776f14c08450a9c284b30a2	7237
docs/media/uploads/2020/04/ولادة-خيل1-165x109.jpg	234b67b430e18e98187424a3a47cc45401275cf7	6018
docs/media/uploads/2020/04/ولادة-خيل1-170x113.jpg	092ec02f06e52d2a05fbf0b875f514424325cb63	6470
docs/media/uploads/2020/04/ولادة-خيل1-179x116.jpg	7c08d48b7faf3568e099d5db01b7d1aa82deab7f	6752
docs/media/uploads/2020/04/ولادة-خيل1-179x120.jpg	81030cfc7a1ee776876b556109f063b7baea9fac	6758
docs/media/uploads/2020/04/ولادة-خيل1-266x179.jpg	399c2a91a59973965e896f18bdd46cc65310dcb8	12768
docs/media/uploads/2020/04/ولادة-خيل1-274x183.jpg	32c2142e27e5c6b0f84fa15c940abd5f5d5f3fa0	13044
docs/media/uploads/2020/04/ولادة-خيل1-300x300.jpg	421b464ebdfe75d04400c75381016f70d8fe6317	22002
docs/media/uploads/2020/04/ولادة-خيل1-333x227.jpg	4b1d4058a0fa1f134c7b8ed5a4acc15fae04d733	18115
docs/media/uploads/2020/04/ولادة-خيل1-347x233.jpg	d3d6fa7d9120ce73edfc01f92073c1ca5fa69140	19048
docs/media/uploads/2020/04/ولادة-خيل1-359x240.jpg	b1fe67f3ae2eb342e8dc20ec1bae668786f82478	19460
docs/media/uploads/2020/04/ولادة-خيل1-364x245.jpg	819adc270bdeef62ffc4188936771f130f930b44	20427
docs/media/uploads/2020/04/ولادة-خيل1-367x237.jpg	c26b3ce9b29cb3a782738f595dfb64cb40357bd3	19530
docs/media/uploads/2020/04/ولادة-خيل1-36x36.jpg	d3fb5adab7a082b97f84322f5988417a81d1a766	1198
docs/media/uploads/2020/04/ولادة-خيل1-546x300.jpg	bd7a847772022dc24319921e8468c68f8274bff3	28555
docs/media/uploads/2020/04/ولادة-خيل1-546x365.jpg	b8ce0754327c71bc17b4b2e890185feda15bc046	35691
docs/media/uploads/2020/04/ولادة-خيل1-576x392.jpg	541986871a988b3ede99c2fc4b023ec761d9aa5d	38732
docs/media/uploads/2020/04/ولادة-خيل1-702x432.jpg	87196534e43c6bf0e993984704b3a7ec23fbdf00	45044
docs/media/uploads/2020/04/ولادة-خيل1-765x510.jpg	8b0a7735a699c19e75d9135180c96c5f7f6489ba	55974
docs/media/uploads/2020/04/ولادة-خيل1-80x54.jpg	9bf9c11836ec472653f4d0419f4676e27c970369	2197
docs/media/uploads/2020/04/ولادة-خيل1-81x55.jpg	63a8eb51b08da5837ecd81f30837fa5397670f98	2256
docs/media/uploads/2020/04/ولادة-خيل1-85x57.jpg	6c4e53494611af644cecd83827a96148563e9220	2440
docs/media/uploads/2020/04/ولادة-خيل1.jpg	47fc9457cc4ece5936a8111b1d39b333b60bed75	73086
docs/media/uploads/2020/04/ولادة-خيل2-112x75.jpg	49f8b8336602dfef36f7d341c4cfb930b49ce638	3399
docs/media/uploads/2020/04/ولادة-خيل2-130x87.jpg	fff9397120c2da15438e36c546ee3988f9e653e4	4199
docs/media/uploads/2020/04/ولادة-خيل2-150x150.jpg	8971fce3fc12df723596aec92d6f4b2e08271016	7348
docs/media/uploads/2020/04/ولادة-خيل2-165x109.jpg	47be935f67a7c8601f8ec7557b457d7ad14574f6	5913
docs/media/uploads/2020/04/ولادة-خيل2-170x113.jpg	78f6537fe8eec972811b850ee8d7904b56fe4c1c	6414
docs/media/uploads/2020/04/ولادة-خيل2-179x116.jpg	6211d80c621a9672ae91f2a3fbf07a461e9633ff	6650
docs/media/uploads/2020/04/ولادة-خيل2-179x120.jpg	b5da25e82e745ed650e8acd2d31a071f28e23076	6704
docs/media/uploads/2020/04/ولادة-خيل2-266x179.jpg	6b793a1b39728a20caa5703fd811b732e0c4c3c1	12491
docs/media/uploads/2020/04/ولادة-خيل2-274x183.jpg	29199b6531e333dfe27e4f70e33e654e7cce614c	12737
docs/media/uploads/2020/04/ولادة-خيل2-300x300.jpg	9bafd9040f9af3b3efac24aa2f7141475b330cb8	22190
docs/media/uploads/2020/04/ولادة-خيل2-333x227.jpg	c3ad419c44eb17ee3caace830aadee32b783c0d8	17683
docs/media/uploads/2020/04/ولادة-خيل2-347x233.jpg	adfe1f5393a25b72d38464fecc7ac8e056f723ca	18654
docs/media/uploads/2020/04/ولادة-خيل2-359x240.jpg	003dc157ddb4a7ce69833adb201178c038b13d65	18969
docs/media/uploads/2020/04/ولادة-خيل2-364x245.jpg	acd2c412e9027d6a81d0c18676e327cc70ed914d	19866
docs/media/uploads/2020/04/ولادة-خيل2-367x237.jpg	b592c4c1c92e3d798d8cb36ec6d774ebf8a7a2d8	19139
docs/media/uploads/2020/04/ولادة-خيل2-36x36.jpg	b0c0886e701423a86985866ba68da712649b0f14	1220
docs/media/uploads/2020/04/ولادة-خيل2-546x300.jpg	840ceb1a2a309efdf4c588b5d34fdc92d3de917e	27703
docs/media/uploads/2020/04/ولادة-خيل2-546x365.jpg	93d658aa2c16c9fd9e3ed0df10375e0175b9b60e	34932
docs/media/uploads/2020/04/ولادة-خيل2-576x392.jpg	3de71e67256d9d7a07082473e62243053b681761	37765
docs/media/uploads/2020/04/ولادة-خيل2-702x432.jpg	2455baf32eade17189f3f2561379e10e3ec01392	43939
docs/media/uploads/2020/04/ولادة-خيل2-765x510.jpg	91b7969c766a69d218e1391e20d9aeb9540257aa	54504
docs/media/uploads/2020/04/ولادة-خيل2-80x54.jpg	beb4b03f7195e8a22027ac04da5f92540a461231	2172
docs/media/uploads/2020/04/ولادة-خيل2-81x55.jpg	1042ab271fbb1e80a40f25a5c860106500a5a18d	2274
docs/media/uploads/2020/04/ولادة-خيل2-85x57.jpg	580b0d05952898d8fc258b50a57c6251abf5b293	2419
docs/media/uploads/2020/04/ولادة-خيل2.jpg	e1f395293d829b7a6e4190d68ec8fd1a6f1e474f	73009
docs/media/uploads/2020/05/1EAECCB5-62C3-4BB1-93F0F978F953E11E_source-1024x768.jpg	adf99ee691706987f7c509c19afaa2cd5dc884f9	145010
docs/media/uploads/2020/05/1EAECCB5-62C3-4BB1-93F0F978F953E11E_source-112x75.jpg	d05427b48cfa68c0c3ec3524164a0735043dbe10	2676
docs/media/uploads/2020/05/1EAECCB5-62C3-4BB1-93F0F978F953E11E_source-130x87.jpg	093555500497abb16daf7a7db20970318581c33c	3410
docs/media/uploads/2020/05/1EAECCB5-62C3-4BB1-93F0F978F953E11E_source-150x150.jpg	bbd592d4c592e4ace22d4422a8fc4c401728c226	5625
docs/media/uploads/2020/05/1EAECCB5-62C3-4BB1-93F0F978F953E11E_source-1536x1152.jpg	85068b9b88f57f74272d0e33bd7a1f72be856fad	302504
docs/media/uploads/2020/05/1EAECCB5-62C3-4BB1-93F0F978F953E11E_source-165x109.jpg	24e78551502a131a89898af2d7e8d62b5ca5b869	4808
docs/media/uploads/2020/05/1EAECCB5-62C3-4BB1-93F0F978F953E11E_source-170x113.jpg	ec4cd78c0696d89431acf42f9c1b4c706a51550e	5202
docs/media/uploads/2020/05/1EAECCB5-62C3-4BB1-93F0F978F953E11E_source-179x116.jpg	79f49f5f9e59c8f20a1092f89f04284708766f3f	5485
docs/media/uploads/2020/05/1EAECCB5-62C3-4BB1-93F0F978F953E11E_source-179x120.jpg	dfadad4fa237f5542b863b1902bd756124982b16	5551
docs/media/uploads/2020/05/1EAECCB5-62C3-4BB1-93F0F978F953E11E_source-266x179.jpg	6249d4aa29d3060d5388c9437ebfa0b4e83b5329	10970
docs/media/uploads/2020/05/1EAECCB5-62C3-4BB1-93F0F978F953E11E_source-274x183.jpg	4b583f71c61767896130820c42d520f9e8e8c2f4	11459
docs/media/uploads/2020/05/1EAECCB5-62C3-4BB1-93F0F978F953E11E_source-300x225.jpg	beb18b05bf5d62be7291df70b6a4219b3e2af288	14697
docs/media/uploads/2020/05/1EAECCB5-62C3-4BB1-93F0F978F953E11E_source-333x227.jpg	62855f76b2cabd4e93aa16979a112a1eea24f0a9	16478
docs/media/uploads/2020/05/1EAECCB5-62C3-4BB1-93F0F978F953E11E_source-347x233.jpg	f81bfef33b22b521e6f15295d80f7fd83ed6f3c9	17739
docs/media/uploads/2020/05/1EAECCB5-62C3-4BB1-93F0F978F953E11E_source-359x240.jpg	efb71696b8df0da1c824756c66db1c87534fb931	18447
docs/media/uploads/2020/05/1EAECCB5-62C3-4BB1-93F0F978F953E11E_source-364x245.jpg	09ea6c70f1d54cc1083c7713d92660e1935ddab3	19172
docs/media/uploads/2020/05/1EAECCB5-62C3-4BB1-93F0F978F953E11E_source-367x237.jpg	8a195ee334ac1a90e173b32fb52ee2398f8457e8	18820
docs/media/uploads/2020/05/1EAECCB5-62C3-4BB1-93F0F978F953E11E_source-36x36.jpg	820b671abdeeb708e9ae3640cbbfac6c05c2964e	1030
docs/media/uploads/2020/05/1EAECCB5-62C3-4BB1-93F0F978F953E11E_source-546x300.jpg	04e77f4565974c8d1717421115305aad815a692c	35461
docs/media/uploads/2020/05/1EAECCB5-62C3-4BB1-93F0F978F953E11E_source-546x365.jpg	7cec3fecb47258b3c87ddd2d574417c388e8d001	40886
docs/media/uploads/2020/05/1EAECCB5-62C3-4BB1-93F0F978F953E11E_source-576x392.jpg	dcbc23f33f96ec1dad783dfdce43719d849d26a4	45503
docs/media/uploads/2020/05/1EAECCB5-62C3-4BB1-93F0F978F953E11E_source-702x432.jpg	9983aa64c83279867af311c9b4a8b98102ae1215	61657
docs/media/uploads/2020/05/1EAECCB5-62C3-4BB1-93F0F978F953E11E_source-765x510.jpg	1c00c1a0f1ef27c9f5fe6dffc58d4f53fc3a1db0	77366
docs/media/uploads/2020/05/1EAECCB5-62C3-4BB1-93F0F978F953E11E_source-768x576.jpg	7687c5ed7bb4c43075aaeb5e2a621351d45500bf	84489
docs/media/uploads/2020/05/1EAECCB5-62C3-4BB1-93F0F978F953E11E_source-80x54.jpg	04ee35484e6dd9033cf9a90d2ac1e43d3fc79a7b	1773
docs/media/uploads/2020/05/1EAECCB5-62C3-4BB1-93F0F978F953E11E_source-81x55.jpg	87d6427ca050e9d9e42730e1758f4d891707a29b	1836
docs/media/uploads/2020/05/1EAECCB5-62C3-4BB1-93F0F978F953E11E_source-85x57.jpg	09c339e8556f323724c837715ae4ba6a8a7bec37	1948
docs/media/uploads/2020/05/1EAECCB5-62C3-4BB1-93F0F978F953E11E_source.jpg	3917b5ec72c713642eec8213dd8110c6341179c7	386669
docs/media/uploads/2020/05/2-112x75.jpg	43fd85df42a0f10dd3855a38fd75cb18580ddbcb	34154
docs/media/uploads/2020/05/2-130x87.jpg	58a3368a97f818c40cab52806ff067cd9c89e0d0	4668
docs/media/uploads/2020/05/2-150x150.jpg	ca9abcc6c4b6fcc0bc70bf68e3f3f6e45e3e00ad	7523
docs/media/uploads/2020/05/2-165x109.jpg	9da03c4e39a4d4e80f889302bbaadfec378d41ce	6737
docs/media/uploads/2020/05/2-170x113.jpg	da442b91a6cf85dc8b29b5a8e2024b4a2d7e9fd9	37828
docs/media/uploads/2020/05/2-179x116.jpg	019c30fcaa8aede0f379f148877f5ac8d190cc2b	38281
docs/media/uploads/2020/05/2-179x120.jpg	2cd5d6cce39c96aefb6233b2cdbb3794a6d92d69	38251
docs/media/uploads/2020/05/2-266x179.jpg	89c8bd3a6b41b84415a2f1cc74333ac755cf6dbb	15691
docs/media/uploads/2020/05/2-274x183.jpg	dd4deb287955d8288fd154e64f517b811a59fe09	16140
docs/media/uploads/2020/05/2-300x200.jpg	98aecee7759a3757e5f0816f52817ac0bbdbd153	18503
docs/media/uploads/2020/05/2-333x227.jpg	23843d89284545d86ccc6a8bd3c6b8bc92242ca1	54524
docs/media/uploads/2020/05/2-347x233.jpg	40436508967f5388484bf886d30d45865e7d9f82	24949
docs/media/uploads/2020/05/2-359x240.jpg	9d41fe303e1cf14d870f7836b25dd52135f429b3	25850
docs/media/uploads/2020/05/2-364x245.jpg	f6b6ee6a658da45795c929ff7e6b555463c659c2	26904
docs/media/uploads/2020/05/2-367x237.jpg	a989d5df67d4cce8bde59bf323743b83b5df84b9	57707
docs/media/uploads/2020/05/2-36x36.jpg	822986d4778d8f206af232d83dc6fc23f008d4c6	31635
docs/media/uploads/2020/05/2-546x300.jpg	4cf1a27a2e11742b595785694d40f51b9db25828	78851
docs/media/uploads/2020/05/2-546x365.jpg	2cab41511345eea5ffe3acb8e60c2a139aab5944	53763
docs/media/uploads/2020/05/2-576x392.jpg	3f8c10dfb1c3ad5c827bdcae178713e3838c40c5	90987
docs/media/uploads/2020/05/2-702x432.jpg	939538a831d1c975f4ccf8c8c6acb5ff17e0563c	105757
docs/media/uploads/2020/05/2-765x510.jpg	0f40fc9bb50f4754c63ec67a94119a501aad1a5c	121430
docs/media/uploads/2020/05/2-80x54.jpg	84025db019cd914ac624b24e290311d8e390a38a	2234
docs/media/uploads/2020/05/2-81x55.jpg	a44fc22f2bd7be5e3c8e6b2a6d910e9a495a6341	32832
docs/media/uploads/2020/05/2-85x57.jpg	690db7004a0e0f0f12b1b2dc8b9deacfc3ef98e7	2538
docs/media/uploads/2020/05/2.jpg	1e9f00d6925e4d7b5097e404791884eead8f12c7	116484
docs/media/uploads/2020/05/Photo-Aoun-lady-shepered-a-goat-112x75.jpg	2944777bddbe06118ca00327cf2159fecdb8332d	2277
docs/media/uploads/2020/05/Photo-Aoun-lady-shepered-a-goat-130x87.jpg	28e700f915c136cb36e620ae652c0092ad6ae56a	2811
docs/media/uploads/2020/05/Photo-Aoun-lady-shepered-a-goat-150x150.jpg	4caed0bbc6046b79e14362f210a24937e50a47c9	4418
docs/media/uploads/2020/05/Photo-Aoun-lady-shepered-a-goat-165x109.jpg	07c3639cc9c14375d89ea6171633497ab861b499	3808
docs/media/uploads/2020/05/Photo-Aoun-lady-shepered-a-goat-170x113.jpg	4db47d8f0ec5d77b4bb91731c6bbd0b42a99cf57	4069
docs/media/uploads/2020/05/Photo-Aoun-lady-shepered-a-goat-179x116.jpg	ebb87d01a8ed0ee4bf524a8a6984659409e1efc8	4306
docs/media/uploads/2020/05/Photo-Aoun-lady-shepered-a-goat-179x120.jpg	a6a6e4b722fe98806a3d98ab2862ae616bde3699	4325
docs/media/uploads/2020/05/Photo-Aoun-lady-shepered-a-goat-240x300.jpg	aad5a904ced5b37818499fbf79a879d67fefd12e	10149
docs/media/uploads/2020/05/Photo-Aoun-lady-shepered-a-goat-266x179.jpg	32c58ed9c4814cf2b2616008b32dfe790a64f18c	7915
docs/media/uploads/2020/05/Photo-Aoun-lady-shepered-a-goat-274x183.jpg	51988b4122e172f084333dbc98108389cb1d1e0e	8154
docs/media/uploads/2020/05/Photo-Aoun-lady-shepered-a-goat-333x227.jpg	96e719a63f80e2e450866033e77bceb131ac55ea	11260
docs/media/uploads/2020/05/Photo-Aoun-lady-shepered-a-goat-347x233.jpg	6f8ec6bb25b1e50bf94f37b94df4d979e8bd26fe	11949
docs/media/uploads/2020/05/Photo-Aoun-lady-shepered-a-goat-359x240.jpg	e7830b49e3491bc67cab400a397d9cedf90945f7	12462
docs/media/uploads/2020/05/Photo-Aoun-lady-shepered-a-goat-364x245.jpg	6b248fbfe9081b6e11b11d5c7e9093a7e1c2351d	12932
docs/media/uploads/2020/05/Photo-Aoun-lady-shepered-a-goat-367x237.jpg	02e33764cd8495833a9a3c9a8eaa6fa7a0ad5361	12672
docs/media/uploads/2020/05/Photo-Aoun-lady-shepered-a-goat-36x36.jpg	3097d043c6ade08db3cbd37e93c1680091b354d9	983
docs/media/uploads/2020/05/Photo-Aoun-lady-shepered-a-goat-546x300.jpg	d7a890a65f95aa6496d9f89cdb371918269bc52e	22037
docs/media/uploads/2020/05/Photo-Aoun-lady-shepered-a-goat-546x365.jpg	49ce441a75023c100fed8b9b8799c7bb513bd3ee	25199
docs/media/uploads/2020/05/Photo-Aoun-lady-shepered-a-goat-576x392.jpg	cd31c983ca8374cc9eed30cd2a07bb9b672420e1	27498
docs/media/uploads/2020/05/Photo-Aoun-lady-shepered-a-goat-702x432.jpg	40e8948d2b2c1a2c6f4bddab3d9cc5edf47ecf06	35166
docs/media/uploads/2020/05/Photo-Aoun-lady-shepered-a-goat-765x510.jpg	0fc38aff2c5d7afe0487de305530bf716d22c479	42741
docs/media/uploads/2020/05/Photo-Aoun-lady-shepered-a-goat-80x54.jpg	02e10c16519c9b89f366cea07eac3f8ee796698e	1590
docs/media/uploads/2020/05/Photo-Aoun-lady-shepered-a-goat-81x55.jpg	c98758eab71d91bf6a40fdef4d2778dcc61e0456	1652
docs/media/uploads/2020/05/Photo-Aoun-lady-shepered-a-goat-85x57.jpg	22c087e2061bb786f5487a680206f014306df87e	1744
docs/media/uploads/2020/05/Photo-Aoun-lady-shepered-a-goat.jpg	c2a04a3b1c8f8a4816b0d6014e300c42d6f69425	70567
docs/media/uploads/2020/05/WhatsApp-Image-2020-05-04-at-10.31.11-AM-1024x578.jpeg	5b902bb5ea37c01fce49d21017dfc4caa78510d4	140893
docs/media/uploads/2020/05/WhatsApp-Image-2020-05-04-at-10.31.11-AM-112x75.jpeg	f964462ec714886235d927e4b3d6a25b6ef900c6	3165
docs/media/uploads/2020/05/WhatsApp-Image-2020-05-04-at-10.31.11-AM-130x87.jpeg	a796dfa4bfd905f674ed8dedf64205736801e5ab	4161
docs/media/uploads/2020/05/WhatsApp-Image-2020-05-04-at-10.31.11-AM-150x150.jpeg	c127b2da0c32c57c7af196764671f563a5f5e524	7563
docs/media/uploads/2020/05/WhatsApp-Image-2020-05-04-at-10.31.11-AM-165x109.jpeg	37e6f6cc2542ef123d6de3ead3ae3776286cc8e6	6307
docs/media/uploads/2020/05/WhatsApp-Image-2020-05-04-at-10.31.11-AM-170x113.jpeg	8f8164acc33d4ec5ad75c132f0965def55e2307e	6647
docs/media/uploads/2020/05/WhatsApp-Image-2020-05-04-at-10.31.11-AM-179x116.jpeg	b0dda61d23cc7dc97538fc24959bbedbad34650e	7302
docs/media/uploads/2020/05/WhatsApp-Image-2020-05-04-at-10.31.11-AM-179x120.jpeg	e42e04889f7c14d856b4e8ec57d700bd41d57d67	7357
docs/media/uploads/2020/05/WhatsApp-Image-2020-05-04-at-10.31.11-AM-266x179.jpeg	7bcf31a68a669c5a311fa89bea0c9a928607e606	15890
docs/media/uploads/2020/05/WhatsApp-Image-2020-05-04-at-10.31.11-AM-274x183.jpeg	5cd60bed2a226867856524a42c665108ffbbc149	16468
docs/media/uploads/2020/05/WhatsApp-Image-2020-05-04-at-10.31.11-AM-300x169.jpeg	5bdaebb7a4bb344d1b65a14bb3a9bfa073f444cf	15888
docs/media/uploads/2020/05/WhatsApp-Image-2020-05-04-at-10.31.11-AM-333x227.jpeg	c6bd7882a9731e2f36c2efde1dedb592cbb961a7	24306
docs/media/uploads/2020/05/WhatsApp-Image-2020-05-04-at-10.31.11-AM-347x233.jpeg	534c3e628697d4b5f4725b009e87d2bdb7e36285	25711
docs/media/uploads/2020/05/WhatsApp-Image-2020-05-04-at-10.31.11-AM-359x240.jpeg	9958900e8125b43557a0cf9d2defec9aa5c7f142	27114
docs/media/uploads/2020/05/WhatsApp-Image-2020-05-04-at-10.31.11-AM-364x245.jpeg	756f652139b358417c28e9edbb642957c34229d0	28402
docs/media/uploads/2020/05/WhatsApp-Image-2020-05-04-at-10.31.11-AM-367x237.jpeg	bc58aa537dc816cc10616112531d33addb9322fd	27602
docs/media/uploads/2020/05/WhatsApp-Image-2020-05-04-at-10.31.11-AM-36x36.jpeg	e1232e4ea3193fb0bef03195ad3ee9f452290c31	830
docs/media/uploads/2020/05/WhatsApp-Image-2020-05-04-at-10.31.11-AM-546x300.jpeg	8b6db8447ab74276859a0fe284b76e5b12c18bbb	50473
docs/media/uploads/2020/05/WhatsApp-Image-2020-05-04-at-10.31.11-AM-546x365.jpeg	6473091f96027b36792d099cfcf013018e628bae	59099
docs/media/uploads/2020/05/WhatsApp-Image-2020-05-04-at-10.31.11-AM-576x392.jpeg	bc26b5f0981687c17184e89532608210eac50e71	65071
docs/media/uploads/2020/05/WhatsApp-Image-2020-05-04-at-10.31.11-AM-702x432.jpeg	8592e0dc770a5c46d417fc7f3dcd29eaf7eeb976	84887
docs/media/uploads/2020/05/WhatsApp-Image-2020-05-04-at-10.31.11-AM-765x510.jpeg	b7d17711a07656e7cf1304ed9619484ff5e7a4c0	103043
docs/media/uploads/2020/05/WhatsApp-Image-2020-05-04-at-10.31.11-AM-768x434.jpeg	322ec5be74e26950db79e3ab5edcfcd1675d5003	88486
docs/media/uploads/2020/05/WhatsApp-Image-2020-05-04-at-10.31.11-AM-80x54.jpeg	7740ae1323f5ce10a6f68135f73140ec0bb57c27	1742
docs/media/uploads/2020/05/WhatsApp-Image-2020-05-04-at-10.31.11-AM-81x55.jpeg	4c4b208c347bbc7346c359f36ce1fc53bc39a9af	1844
docs/media/uploads/2020/05/WhatsApp-Image-2020-05-04-at-10.31.11-AM-85x57.jpeg	28ce3da940b86aab5ae4094ba054ad6152492473	1954
docs/media/uploads/2020/05/WhatsApp-Image-2020-05-04-at-10.31.11-AM-e1588605070663-112x75.jpeg	f17afe22bbbf1bcb91457917cbc5832ea4eea551	3111
docs/media/uploads/2020/05/WhatsApp-Image-2020-05-04-at-10.31.11-AM-e1588605070663-130x87.jpeg	725c4a414b6befaa6cacab03a97e07c740028272	4113
docs/media/uploads/2020/05/WhatsApp-Image-2020-05-04-at-10.31.11-AM-e1588605070663-150x150.jpeg	cc40d0a0040bcf772f73662383532284951d6242	7596
docs/media/uploads/2020/05/WhatsApp-Image-2020-05-04-at-10.31.11-AM-e1588605070663-165x109.jpeg	579786054c1a0d9d55ce47624919b1fc77e3d9a2	6226
docs/media/uploads/2020/05/WhatsApp-Image-2020-05-04-at-10.31.11-AM-e1588605070663-170x113.jpeg	24fa179087cb292244e8504881011a29a5b707c3	6666
docs/media/uploads/2020/05/WhatsApp-Image-2020-05-04-at-10.31.11-AM-e1588605070663-179x116.jpeg	4e25ebc3b9ac89be6f78af5db341a61e2e8b6715	7205
docs/media/uploads/2020/05/WhatsApp-Image-2020-05-04-at-10.31.11-AM-e1588605070663-179x120.jpeg	0569c262e0a0596e60d66bcbd7f6b7ba1e3d7e6a	7264
docs/media/uploads/2020/05/WhatsApp-Image-2020-05-04-at-10.31.11-AM-e1588605070663-266x179.jpeg	2fe32de401568ee64db9f8069e679061330b9765	15732
docs/media/uploads/2020/05/WhatsApp-Image-2020-05-04-at-10.31.11-AM-e1588605070663-274x183.jpeg	6d40ef6536b8ffdd0d54b8005517efd809562be6	16359
docs/media/uploads/2020/05/WhatsApp-Image-2020-05-04-at-10.31.11-AM-e1588605070663-300x179.jpeg	0413199c33eeff2d18712db92cdc9625edbd4512	17661
docs/media/uploads/2020/05/WhatsApp-Image-2020-05-04-at-10.31.11-AM-e1588605070663-333x227.jpeg	4c109d9f2d0a1d1c2a4efc87927649184f8ee29e	24179
docs/media/uploads/2020/05/WhatsApp-Image-2020-05-04-at-10.31.11-AM-e1588605070663-347x233.jpeg	d9c2f559762d6e31431eead16320b5122d5eeecb	25753
docs/media/uploads/2020/05/WhatsApp-Image-2020-05-04-at-10.31.11-AM-e1588605070663-359x240.jpeg	5aea651d20863f916ebef299ebc8043acd196862	26927
docs/media/uploads/2020/05/WhatsApp-Image-2020-05-04-at-10.31.11-AM-e1588605070663-364x245.jpeg	e230b3c4e7da1bc686f0109c787f827a893ca748	28303
docs/media/uploads/2020/05/WhatsApp-Image-2020-05-04-at-10.31.11-AM-e1588605070663-367x237.jpeg	234bdf23a7bc0df4d110f7ab60b7968779ffbd91	27370
docs/media/uploads/2020/05/WhatsApp-Image-2020-05-04-at-10.31.11-AM-e1588605070663-36x36.jpeg	e77bd836a44a3728635afdcb36ff0b55bd8928bc	818
docs/media/uploads/2020/05/WhatsApp-Image-2020-05-04-at-10.31.11-AM-e1588605070663-546x300.jpeg	196f699f544d61014c6c9970d20ad2b75442d034	50191
docs/media/uploads/2020/05/WhatsApp-Image-2020-05-04-at-10.31.11-AM-e1588605070663-546x365.jpeg	0161ca864d32897767c92ad8e1f1a5ae52c3fc59	58537
docs/media/uploads/2020/05/WhatsApp-Image-2020-05-04-at-10.31.11-AM-e1588605070663-576x392.jpeg	74a47c78f14f2053cd6653230b1fe157d202809c	64489
docs/media/uploads/2020/05/WhatsApp-Image-2020-05-04-at-10.31.11-AM-e1588605070663-702x432.jpeg	507f7085b27e28dc406cf2b691efad4163be07dc	83920
docs/media/uploads/2020/05/WhatsApp-Image-2020-05-04-at-10.31.11-AM-e1588605070663-765x510.jpeg	d2d220b877160511f7b61ba25306c7f1b279743b	101611
docs/media/uploads/2020/05/WhatsApp-Image-2020-05-04-at-10.31.11-AM-e1588605070663-768x458.jpeg	e4f79aa016d51714f39ca16074eeaef3833713fd	95752
docs/media/uploads/2020/05/WhatsApp-Image-2020-05-04-at-10.31.11-AM-e1588605070663-80x54.jpeg	301e124b909429e491e2fddd64aed7c70e81c3f5	1722
docs/media/uploads/2020/05/WhatsApp-Image-2020-05-04-at-10.31.11-AM-e1588605070663-81x55.jpeg	685ea4f5099b23b05d1d850a9a048e75beade1e5	1826
docs/media/uploads/2020/05/WhatsApp-Image-2020-05-04-at-10.31.11-AM-e1588605070663-85x57.jpeg	894ac1ec04f4281003e16f7435ff9a11ea2aecf0	1983
docs/media/uploads/2020/05/WhatsApp-Image-2020-05-04-at-10.31.11-AM-e1588605070663.jpeg	b3f6b0e2f708f0d4f208a0229e9d17591c8bffca	155933
docs/media/uploads/2020/05/WhatsApp-Image-2020-05-04-at-10.31.11-AM.jpeg	dd6b921a32d114bf771ec794a45715ac12083900	335399
docs/media/uploads/2020/05/WhatsApp-Image-2020-05-04-at-10.31.11-AM1-1024x479.jpeg	ee9674ea6d3ecbd01a6350fa824d0a4bcf5814c9	103410
docs/media/uploads/2020/05/WhatsApp-Image-2020-05-04-at-10.31.11-AM1-112x75.jpeg	e4ea995e2ee1ecf3bf90f2f5d3af7d30f0fef3f2	3789
docs/media/uploads/2020/05/WhatsApp-Image-2020-05-04-at-10.31.11-AM1-130x87.jpeg	287c1dfa79eb2759cdecf2a8c9b4c317fe152081	4853
docs/media/uploads/2020/05/WhatsApp-Image-2020-05-04-at-10.31.11-AM1-150x150.jpeg	c13c572f6d3fa22fa2e3ae09bee161eae27ba586	7907
docs/media/uploads/2020/05/WhatsApp-Image-2020-05-04-at-10.31.11-AM1-165x109.jpeg	61046a930ca7f3db889ed805e309deaf588e0ac8	6999
docs/media/uploads/2020/05/WhatsApp-Image-2020-05-04-at-10.31.11-AM1-170x113.jpeg	25f3d912307036400a3696549756f3825c315e23	7661
docs/media/uploads/2020/05/WhatsApp-Image-2020-05-04-at-10.31.11-AM1-179x116.jpeg	911e090285338ec15f1bbd7ade8e00baa45e2e3a	7993
docs/media/uploads/2020/05/WhatsApp-Image-2020-05-04-at-10.31.11-AM1-179x120.jpeg	191cd736f200a84dd4c641e553e34393fe2366f1	7984
docs/media/uploads/2020/05/WhatsApp-Image-2020-05-04-at-10.31.11-AM1-266x179.jpeg	df09dccf982c29aa372b3d672183f68637ca0362	15446
docs/media/uploads/2020/05/WhatsApp-Image-2020-05-04-at-10.31.11-AM1-274x183.jpeg	08fe28e60351e960cb1de339465b51fea09fb92b	15918
docs/media/uploads/2020/05/WhatsApp-Image-2020-05-04-at-10.31.11-AM1-300x140.jpeg	78a8f89d3b8170cf700500a206f7ee0992dc83ed	14555
docs/media/uploads/2020/05/WhatsApp-Image-2020-05-04-at-10.31.11-AM1-333x227.jpeg	b10ce45e9d6b55f837b7948db8b83cbc3b283b44	23160
docs/media/uploads/2020/05/WhatsApp-Image-2020-05-04-at-10.31.11-AM1-347x233.jpeg	fa7303a0ad8f83585fe3631106607fa57f7146bd	23588
docs/media/uploads/2020/05/WhatsApp-Image-2020-05-04-at-10.31.11-AM1-359x240.jpeg	52a2844e4e00c8c14b5d7ce7536763792b504d9b	24313
docs/media/uploads/2020/05/WhatsApp-Image-2020-05-04-at-10.31.11-AM1-364x245.jpeg	ce6a605ea3b85800069e076562d58d4a5f7232f1	25232
docs/media/uploads/2020/05/WhatsApp-Image-2020-05-04-at-10.31.11-AM1-367x237.jpeg	107392077e06958725f2c90573dc2c492a13d44a	25885
docs/media/uploads/2020/05/WhatsApp-Image-2020-05-04-at-10.31.11-AM1-36x36.jpeg	179427471646ebde618f5a98c1222b57eacc7bab	998
docs/media/uploads/2020/05/WhatsApp-Image-2020-05-04-at-10.31.11-AM1-546x300.jpeg	2b4500ffd8e9a3ef4d9cbc7d4466c159d4b72112	43172
docs/media/uploads/2020/05/WhatsApp-Image-2020-05-04-at-10.31.11-AM1-546x365.jpeg	450f2d89c1b04531040d462dd863c8b0c0968989	47369
docs/media/uploads/2020/05/WhatsApp-Image-2020-05-04-at-10.31.11-AM1-576x392.jpeg	a09e1c6fbcae96e7c5f3d03aaf549e7823298af7	53198
docs/media/uploads/2020/05/WhatsApp-Image-2020-05-04-at-10.31.11-AM1-702x432.jpeg	adc229d68218ec22999875a12876b2bda61a229f	68639
docs/media/uploads/2020/05/WhatsApp-Image-2020-05-04-at-10.31.11-AM1-765x510.jpeg	18688d86a2a16ba1083469a9c39fce66e01f6caf	80598
docs/media/uploads/2020/05/WhatsApp-Image-2020-05-04-at-10.31.11-AM1-768x359.jpeg	6254d786e320efb976d807a2c1fb62951486f934	67034
docs/media/uploads/2020/05/WhatsApp-Image-2020-05-04-at-10.31.11-AM1-80x54.jpeg	24e8970acf0817c042593ffb93a8878f64bba359	2197
docs/media/uploads/2020/05/WhatsApp-Image-2020-05-04-at-10.31.11-AM1-81x55.jpeg	dbeac1db62f51e25fab0d769142b90faf4939b93	2296
docs/media/uploads/2020/05/WhatsApp-Image-2020-05-04-at-10.31.11-AM1-85x57.jpeg	6a3e062544d0ccc58d2bfcb3c828710a70cfe303	2477
docs/media/uploads/2020/05/WhatsApp-Image-2020-05-04-at-10.31.11-AM1-e1588604860871-1024x449.jpeg	295a8483c1932798dcc6bd0dfbe15b63af739d1d	101313
docs/media/uploads/2020/05/WhatsApp-Image-2020-05-04-at-10.31.11-AM1-e1588604860871-112x75.jpeg	1aa71ec8b73dc730209ea55d473be289cb9134e8	3791
docs/media/uploads/2020/05/WhatsApp-Image-2020-05-04-at-10.31.11-AM1-e1588604860871-130x87.jpeg	be5d11e016412e02ebff84038a3aafaedabf2b4a	4809
docs/media/uploads/2020/05/WhatsApp-Image-2020-05-04-at-10.31.11-AM1-e1588604860871-150x150.jpeg	a0925ce35ea0ebe1d720bb7116662109e5d3efbf	7835
docs/media/uploads/2020/05/WhatsApp-Image-2020-05-04-at-10.31.11-AM1-e1588604860871-165x109.jpeg	723986ca1bb49f4cafcbad1b042df17620ea6bff	7058
docs/media/uploads/2020/05/WhatsApp-Image-2020-05-04-at-10.31.11-AM1-e1588604860871-170x113.jpeg	1a6bf402056dc9e98d1593b8dc64a0fe5ba6e96b	7411
docs/media/uploads/2020/05/WhatsApp-Image-2020-05-04-at-10.31.11-AM1-e1588604860871-179x116.jpeg	f6edfaa5b725723846605f7023ae18a31b1216a0	8025
docs/media/uploads/2020/05/WhatsApp-Image-2020-05-04-at-10.31.11-AM1-e1588604860871-179x120.jpeg	7e87196ab3d65c4a2e387fa33e63ef9f8d35bc8e	8023
docs/media/uploads/2020/05/WhatsApp-Image-2020-05-04-at-10.31.11-AM1-e1588604860871-266x179.jpeg	8cb98b10f2ac24177f958f05dafd3a306822299d	15637
docs/media/uploads/2020/05/WhatsApp-Image-2020-05-04-at-10.31.11-AM1-e1588604860871-274x183.jpeg	13419dda688296cc3a0c7c1adf28aa859eb44c26	16093
docs/media/uploads/2020/05/WhatsApp-Image-2020-05-04-at-10.31.11-AM1-e1588604860871-300x131.jpeg	8ca6940a5b634d818d9b711bfe29e4f36d9ecda9	14428
docs/media/uploads/2020/05/WhatsApp-Image-2020-05-04-at-10.31.11-AM1-e1588604860871-333x227.jpeg	2e7ef213d2200e1db19cc15bf649f70c99b4a54e	22526
docs/media/uploads/2020/05/WhatsApp-Image-2020-05-04-at-10.31.11-AM1-e1588604860871-347x233.jpeg	edae756205fba574932013d4af560c847ff5a15e	23740
docs/media/uploads/2020/05/WhatsApp-Image-2020-05-04-at-10.31.11-AM1-e1588604860871-359x240.jpeg	75cfb1384e23b1fd83cc844a3478324d213ec334	24701
docs/media/uploads/2020/05/WhatsApp-Image-2020-05-04-at-10.31.11-AM1-e1588604860871-364x245.jpeg	59e799122c463467e60e6d9259c97a0cfbf178ce	25731
docs/media/uploads/2020/05/WhatsApp-Image-2020-05-04-at-10.31.11-AM1-e1588604860871-367x237.jpeg	0e6b6f94f7f1a30792c3670daf552314abfda70a	25059
docs/media/uploads/2020/05/WhatsApp-Image-2020-05-04-at-10.31.11-AM1-e1588604860871-36x36.jpeg	06553d7514acac8e9afd8759e82777cf49cc0783	987
docs/media/uploads/2020/05/WhatsApp-Image-2020-05-04-at-10.31.11-AM1-e1588604860871-546x300.jpeg	fd70b33a9142186202e957efc15fdacba2b11b3c	43725
docs/media/uploads/2020/05/WhatsApp-Image-2020-05-04-at-10.31.11-AM1-e1588604860871-546x365.jpeg	5ca817b29d72c64a7f2a65eddfb6e8df72b04573	47398
docs/media/uploads/2020/05/WhatsApp-Image-2020-05-04-at-10.31.11-AM1-e1588604860871-576x392.jpeg	fce0d3544850acb3232ff0a86241001421230ab6	51259
docs/media/uploads/2020/05/WhatsApp-Image-2020-05-04-at-10.31.11-AM1-e1588604860871-702x432.jpeg	00740534f591144d501365425811cc46dd043b1e	65751
docs/media/uploads/2020/05/WhatsApp-Image-2020-05-04-at-10.31.11-AM1-e1588604860871-765x510.jpeg	bd503eb76338cc8e99b3cfd64428e5e61448f119	76538
docs/media/uploads/2020/05/WhatsApp-Image-2020-05-04-at-10.31.11-AM1-e1588604860871-768x337.jpeg	14c4d95fb17b4bc2ad9604c0b479e689fee53e21	65946
docs/media/uploads/2020/05/WhatsApp-Image-2020-05-04-at-10.31.11-AM1-e1588604860871-80x54.jpeg	353c58cae20f88b7ab4a4581409b4b9bdb72e6f1	2172
docs/media/uploads/2020/05/WhatsApp-Image-2020-05-04-at-10.31.11-AM1-e1588604860871-81x55.jpeg	5ac1eea45f45c9e95a0c62b47bff752b9046458d	2262
docs/media/uploads/2020/05/WhatsApp-Image-2020-05-04-at-10.31.11-AM1-e1588604860871-85x57.jpeg	c8ecd13a3f24b201ff9ca0e9771e72dfb59d8154	2410
docs/media/uploads/2020/05/WhatsApp-Image-2020-05-04-at-10.31.11-AM1-e1588604860871.jpeg	de0a31d01e583cc13cd3c5c7e679680755d5e1f2	117364
docs/media/uploads/2020/05/WhatsApp-Image-2020-05-04-at-10.31.11-AM1.jpeg	797a7c13d3ff0558d9eae60c5de9a123ed4e947f	250937
docs/media/uploads/2020/05/WhatsApp-Image-2020-05-04-at-10.31.12-AM-1024x590.jpeg	55a6f4c2d921be6101bb1e735bba10353fe55a14	105184
docs/media/uploads/2020/05/WhatsApp-Image-2020-05-04-at-10.31.12-AM-112x75.jpeg	c22169f6cc0045c01897e0a214cfa8c97fc55eb9	2865
docs/media/uploads/2020/05/WhatsApp-Image-2020-05-04-at-10.31.12-AM-130x87.jpeg	c0d49b933bc5b2f573a569855e9ff4b6fa830140	3808
docs/media/uploads/2020/05/WhatsApp-Image-2020-05-04-at-10.31.12-AM-150x150.jpeg	7a3c5840f2527b26cfa3a53d50253d2c289a41d4	6985
docs/media/uploads/2020/05/WhatsApp-Image-2020-05-04-at-10.31.12-AM-165x109.jpeg	ba3767c8e8d95d470ded41554dfc8b7ab79a0666	5748
docs/media/uploads/2020/05/WhatsApp-Image-2020-05-04-at-10.31.12-AM-170x113.jpeg	00f74a76a64b62d82e58914f18f2c809efc09154	6150
docs/media/uploads/2020/05/WhatsApp-Image-2020-05-04-at-10.31.12-AM-179x116.jpeg	9da4528d1a4776b05bc59e459df5194cc5a0558f	6593
docs/media/uploads/2020/05/WhatsApp-Image-2020-05-04-at-10.31.12-AM-179x120.jpeg	2e0da942f03170b772f16439a6d464fe8fc5ae30	6628
docs/media/uploads/2020/05/WhatsApp-Image-2020-05-04-at-10.31.12-AM-266x179.jpeg	3857582da84aeda742e78cd250c225d22fd410d1	13679
docs/media/uploads/2020/05/WhatsApp-Image-2020-05-04-at-10.31.12-AM-274x183.jpeg	be258f6a499b482270aab5c2cb8adff179294b95	14181
docs/media/uploads/2020/05/WhatsApp-Image-2020-05-04-at-10.31.12-AM-300x173.jpeg	92fbf0a842be19bcdb39e4dea0bfbfcb9de24ae4	14701
docs/media/uploads/2020/05/WhatsApp-Image-2020-05-04-at-10.31.12-AM-333x227.jpeg	eefc5a479030513265aef3a270ad07834baf6c57	20455
docs/media/uploads/2020/05/WhatsApp-Image-2020-05-04-at-10.31.12-AM-347x233.jpeg	95a2bade9833531ba006694287ea1d9eb1ad6a69	21535
docs/media/uploads/2020/05/WhatsApp-Image-2020-05-04-at-10.31.12-AM-359x240.jpeg	93980666cbd54fe0bde61ba7d48c12e42a1cd0a6	22389
docs/media/uploads/2020/05/WhatsApp-Image-2020-05-04-at-10.31.12-AM-364x245.jpeg	e219d5ae5c55c90abe7daf1a2f5a3f3365e513ff	23470
docs/media/uploads/2020/05/WhatsApp-Image-2020-05-04-at-10.31.12-AM-367x237.jpeg	06a625a50f87fe399c450a046fa8742ddf59afed	22846
docs/media/uploads/2020/05/WhatsApp-Image-2020-05-04-at-10.31.12-AM-36x36.jpeg	75dcbc585b59640ee3134a94280d4f2d0f8b83f9	790
docs/media/uploads/2020/05/WhatsApp-Image-2020-05-04-at-10.31.12-AM-546x300.jpeg	559131157d3fefb63674cf35c2245863f27b299e	39444
docs/media/uploads/2020/05/WhatsApp-Image-2020-05-04-at-10.31.12-AM-546x365.jpeg	79aefe53c04b7d6d136dd0c7d5470757b113912e	45175
docs/media/uploads/2020/05/WhatsApp-Image-2020-05-04-at-10.31.12-AM-576x392.jpeg	fe5a259104346d96f363a52f872a43cb67af6933	48897
docs/media/uploads/2020/05/WhatsApp-Image-2020-05-04-at-10.31.12-AM-702x432.jpeg	f10114e62f82077005d363372361c2e484c905d3	62454
docs/media/uploads/2020/05/WhatsApp-Image-2020-05-04-at-10.31.12-AM-765x510.jpeg	dd0480d22282714384b7b402f6fde5457f4b98f2	74488
docs/media/uploads/2020/05/WhatsApp-Image-2020-05-04-at-10.31.12-AM-768x442.jpeg	9f27878b5e3581b1979e59085bb441f829566960	69643
docs/media/uploads/2020/05/WhatsApp-Image-2020-05-04-at-10.31.12-AM-80x54.jpeg	8c1c49d88e19f89c398c583dbd870d13d5df87a6	1611
docs/media/uploads/2020/05/WhatsApp-Image-2020-05-04-at-10.31.12-AM-81x55.jpeg	f423cf5a2eebac31bd26bc96e2a0131f5762fdfc	1712
docs/media/uploads/2020/05/WhatsApp-Image-2020-05-04-at-10.31.12-AM-85x57.jpeg	e3683e33382f5e3098c51bd62b405abe40df7730	1856
docs/media/uploads/2020/05/WhatsApp-Image-2020-05-04-at-10.31.12-AM-e1588604912982-112x75.jpeg	516fab8140237f313309ccfbcdba222121370be8	2858
docs/media/uploads/2020/05/WhatsApp-Image-2020-05-04-at-10.31.12-AM-e1588604912982-130x87.jpeg	a1cb27ab3a78c2ab55fc889878e01e3fbb6c255e	3783
docs/media/uploads/2020/05/WhatsApp-Image-2020-05-04-at-10.31.12-AM-e1588604912982-150x150.jpeg	3ac1f541453cc254f98e530b0e26bdafcd656859	7085
docs/media/uploads/2020/05/WhatsApp-Image-2020-05-04-at-10.31.12-AM-e1588604912982-165x109.jpeg	07aa9925dd603300d73969f873da6af1907b3f1d	5736
docs/media/uploads/2020/05/WhatsApp-Image-2020-05-04-at-10.31.12-AM-e1588604912982-170x113.jpeg	f91875999b9014c298699a34b1be5c34b3b49895	6152
docs/media/uploads/2020/05/WhatsApp-Image-2020-05-04-at-10.31.12-AM-e1588604912982-179x116.jpeg	8bb9f93e262bf9b07607af1834b8795389dcacd4	6623
docs/media/uploads/2020/05/WhatsApp-Image-2020-05-04-at-10.31.12-AM-e1588604912982-179x120.jpeg	c9d82eafc1b74bd8b26eaf6c870260d867cb2ed7	6618
docs/media/uploads/2020/05/WhatsApp-Image-2020-05-04-at-10.31.12-AM-e1588604912982-266x179.jpeg	3a90165775dbcfeeee408b0c642fd333ebb597a0	14107
docs/media/uploads/2020/05/WhatsApp-Image-2020-05-04-at-10.31.12-AM-e1588604912982-274x183.jpeg	11bd4b33bc75b39c14420e1f97122820496329df	14525
docs/media/uploads/2020/05/WhatsApp-Image-2020-05-04-at-10.31.12-AM-e1588604912982-300x191.jpeg	1dd981ebeff58b6cada472192e5c7a18de3dcead	16315
docs/media/uploads/2020/05/WhatsApp-Image-2020-05-04-at-10.31.12-AM-e1588604912982-333x227.jpeg	e1e781edb11ad82a17d0ffccdc825722bfbf9b91	21065
docs/media/uploads/2020/05/WhatsApp-Image-2020-05-04-at-10.31.12-AM-e1588604912982-347x233.jpeg	231be17213c4844f9cd985994b4910a39dcaed22	22288
docs/media/uploads/2020/05/WhatsApp-Image-2020-05-04-at-10.31.12-AM-e1588604912982-359x240.jpeg	4eb51d0351d41bf123a31e82e6de73739820502b	23066
docs/media/uploads/2020/05/WhatsApp-Image-2020-05-04-at-10.31.12-AM-e1588604912982-364x245.jpeg	fd5acd56df63826e99d03d32e9411e0d3fde20ab	24289
docs/media/uploads/2020/05/WhatsApp-Image-2020-05-04-at-10.31.12-AM-e1588604912982-367x237.jpeg	8756c6d3bd137bc07a3fd79f9112c93edcfb8090	23574
docs/media/uploads/2020/05/WhatsApp-Image-2020-05-04-at-10.31.12-AM-e1588604912982-36x36.jpeg	b0df6036f0b0552d05b87e47ade186d05e14e3d8	809
docs/media/uploads/2020/05/WhatsApp-Image-2020-05-04-at-10.31.12-AM-e1588604912982-546x300.jpeg	624d691c4b05ee714faa234aabaef70c7f327c2e	39619
docs/media/uploads/2020/05/WhatsApp-Image-2020-05-04-at-10.31.12-AM-e1588604912982-546x365.jpeg	6cb35e7f7b66daac81e6b52dd50af71579f0b01a	46666
docs/media/uploads/2020/05/WhatsApp-Image-2020-05-04-at-10.31.12-AM-e1588604912982-576x392.jpeg	511d6a4942f0ded55412746d0c4b5ac62167f08c	50461
docs/media/uploads/2020/05/WhatsApp-Image-2020-05-04-at-10.31.12-AM-e1588604912982-702x432.jpeg	95e94156f207b960f36464034f484dbf2598cfaf	64037
docs/media/uploads/2020/05/WhatsApp-Image-2020-05-04-at-10.31.12-AM-e1588604912982-765x510.jpeg	6ad939ebec534c5437ae56a8907e2c9e2316709c	76829
docs/media/uploads/2020/05/WhatsApp-Image-2020-05-04-at-10.31.12-AM-e1588604912982-768x488.jpeg	0eddb0f63f0b7684f533f5d79233125e6c8ecb14	75204
docs/media/uploads/2020/05/WhatsApp-Image-2020-05-04-at-10.31.12-AM-e1588604912982-80x54.jpeg	224ae24ada38b8cd9ff47c233798331c22104936	1648
docs/media/uploads/2020/05/WhatsApp-Image-2020-05-04-at-10.31.12-AM-e1588604912982-81x55.jpeg	7757613be41971175ebe739b39c9de021a875b3b	1746
docs/media/uploads/2020/05/WhatsApp-Image-2020-05-04-at-10.31.12-AM-e1588604912982-85x57.jpeg	c867512cd9b80195269f796903e10c2a43292888	1880
docs/media/uploads/2020/05/WhatsApp-Image-2020-05-04-at-10.31.12-AM-e1588604912982.jpeg	df6f1d4d55319897cd52be1e1bfc47d1ac2c8403	109088
docs/media/uploads/2020/05/WhatsApp-Image-2020-05-04-at-10.31.12-AM.jpeg	d042cf6f7c77738136dc4a3afa57df9aa3834f91	245505
docs/media/uploads/2020/05/clown-beetle-1024x683.jpg	7ba35e024a63c51611b615e3662d3792c452de39	106423
docs/media/uploads/2020/05/clown-beetle-112x75.jpg	a229caf9dc80a3b6af70ed3a6c75617e09fa6fca	3015
docs/media/uploads/2020/05/clown-beetle-130x87.jpg	b20009543dd1ea0a176e276967f2636a20718737	3656
docs/media/uploads/2020/05/clown-beetle-150x150.jpg	83cc5e89a58a3937941806a63db19d237cfdfa65	6685
docs/media/uploads/2020/05/clown-beetle-165x109.jpg	b159737c5e1410083502d3b287a5c7ba181987c1	5337
docs/media/uploads/2020/05/clown-beetle-170x113.jpg	28304221bf049acb6d66ea7b1c821b3d790efab9	5711
docs/media/uploads/2020/05/clown-beetle-179x116.jpg	bdff9fec1c3e8e5a1e9c3c24370b4052be990fb2	6013
docs/media/uploads/2020/05/clown-beetle-179x120.jpg	411fabbe8ba72e9b0f4a751ff1871d9fac083e89	5949
docs/media/uploads/2020/05/clown-beetle-266x179.jpg	4e7b8f39f02ec2181e048d178b308b6f13b4e229	11859
docs/media/uploads/2020/05/clown-beetle-274x183.jpg	e7c41cc7ccb2f23f482c250d6131825dcfafab4b	12004
docs/media/uploads/2020/05/clown-beetle-300x200.jpg	824458f9ce185f7e4843cbce85202d23e421d710	13936
docs/media/uploads/2020/05/clown-beetle-333x227.jpg	1fd8f927163e50f90e712f0a293942f244804391	17240
docs/media/uploads/2020/05/clown-beetle-347x233.jpg	d3a654a826d8f3a15188ee47baa8beff5b7cb2fd	18291
docs/media/uploads/2020/05/clown-beetle-359x240.jpg	41ce3e52f1fa053f70df50ec1f6aa37f9a0f503e	18672
docs/media/uploads/2020/05/clown-beetle-364x245.jpg	5e5e19ed7e942ac1feb909db978743b07c7d2f1a	19738
docs/media/uploads/2020/05/clown-beetle-367x237.jpg	f8e44c41cbf10d6748420258526516e495824a40	18990
docs/media/uploads/2020/05/clown-beetle-36x36.jpg	d5995318c317f53400cf60626827552650d2ff2f	1111
docs/media/uploads/2020/05/clown-beetle-546x300.jpg	a539c7cae1da9d0b75081f0849536099c4cdac4e	31466
docs/media/uploads/2020/05/clown-beetle-546x365.jpg	e9b1b0a150a7624a9eb629251b03d6dede30de98	38450
docs/media/uploads/2020/05/clown-beetle-576x392.jpg	155d23c153cf75127b4407d3e4481c1338e65289	42072
docs/media/uploads/2020/05/clown-beetle-702x432.jpg	839868dfe0bc0b5559dfb9b54cfa9d34e417d4b1	53169
docs/media/uploads/2020/05/clown-beetle-765x510.jpg	2a2977d2125b0c9106c94739344f797fd858a9ef	66495
docs/media/uploads/2020/05/clown-beetle-768x512.jpg	f9cde911837511834c6f793c3829e6cff3ce89e1	66452
docs/media/uploads/2020/05/clown-beetle-80x54.jpg	a8bfe7635c43b2e177aee0e501eab7886ca1e001	1900
docs/media/uploads/2020/05/clown-beetle-81x55.jpg	1cdfada5a05d517307c03fd85011743e0375654e	1971
docs/media/uploads/2020/05/clown-beetle-85x57.jpg	d0146ef0751aea8c370c7b2cf54230fe5678b1af	2133
docs/media/uploads/2020/05/clown-beetle-e1588767976234-1024x609.jpg	2d1f580838ff4ee225dc355d6c053cd27eebf0b5	99323
docs/media/uploads/2020/05/clown-beetle-e1588767976234-112x75.jpg	9387d95bfc81ab47beb379b56d799248a23f0443	12298
docs/media/uploads/2020/05/clown-beetle-e1588767976234-130x87.jpg	98c820cff772c6c1caa996c527d638df0efdb6e1	12895
docs/media/uploads/2020/05/clown-beetle-e1588767976234-150x150.jpg	a93c2dd738bf7d8247e727591dbc267054d21b48	15894
docs/media/uploads/2020/05/clown-beetle-e1588767976234-165x109.jpg	8dd0721ebe3dbc67673b7c293aa8fd7926b20936	14482
docs/media/uploads/2020/05/clown-beetle-e1588767976234-170x113.jpg	6ba4d6f02bc6750866c75ccf3dcf175541d1a5d1	14862
docs/media/uploads/2020/05/clown-beetle-e1588767976234-179x116.jpg	e4c11129ad67e82b01919abd46ccb60fb7c983ad	15077
docs/media/uploads/2020/05/clown-beetle-e1588767976234-179x120.jpg	8c540531cf85d1e7bb116e78f58453fb66c48feb	15127
docs/media/uploads/2020/05/clown-beetle-e1588767976234-266x179.jpg	833bb609649f6c7d6b2fde00b505df5e133bb709	20714
docs/media/uploads/2020/05/clown-beetle-e1588767976234-274x183.jpg	97b57fea54143933a68d1af20521099aca94d49e	20836
docs/media/uploads/2020/05/clown-beetle-e1588767976234-300x179.jpg	5e476c7d73406e69985289584302ee46eb875503	21538
docs/media/uploads/2020/05/clown-beetle-e1588767976234-333x227.jpg	c1601ca9b9602c2a49357e35963430abef273688	25760
docs/media/uploads/2020/05/clown-beetle-e1588767976234-347x233.jpg	6f9143c67b1c8f32584ff3dae87876e5bb15967b	26720
docs/media/uploads/2020/05/clown-beetle-e1588767976234-359x240.jpg	c37d9d6c659ae5f73f394c49e62340eb4e0e85f6	27052
docs/media/uploads/2020/05/clown-beetle-e1588767976234-364x245.jpg	90fdbab93827f8ef3025d413f873ae8607473491	28031
docs/media/uploads/2020/05/clown-beetle-e1588767976234-367x237.jpg	04a5f65c8abbaae5647820f4ffdf5c6f0c2ad2f0	27446
docs/media/uploads/2020/05/clown-beetle-e1588767976234-36x36.jpg	8ecc928630133c5296150dcf3a3babd3612d5056	10426
docs/media/uploads/2020/05/clown-beetle-e1588767976234-546x300.jpg	aefd11b13da2fba2bc8005714bc49f4dc6d9dc53	39109
docs/media/uploads/2020/05/clown-beetle-e1588767976234-546x365.jpg	3841c498443da5fe2b61c7f63fed586a5de3d957	45701
docs/media/uploads/2020/05/clown-beetle-e1588767976234-576x392.jpg	e6016559b937f8dc91d08566aa59030c6e293b76	49319
docs/media/uploads/2020/05/clown-beetle-e1588767976234-702x432.jpg	1d469ac54b1569ae640357e346925ed44a8f065a	59332
docs/media/uploads/2020/05/clown-beetle-e1588767976234-765x510.jpg	0b039493db222159d0508ca850580e4d2d05e61e	72284
docs/media/uploads/2020/05/clown-beetle-e1588767976234-768x457.jpg	51a7669f9ba19fb2e2c738e5cd81f23ebbeab213	66267
docs/media/uploads/2020/05/clown-beetle-e1588767976234-80x54.jpg	84e5cf6c8b33f7a88d00210379185dfc0ee4768d	11217
docs/media/uploads/2020/05/clown-beetle-e1588767976234-81x55.jpg	9d29afaf7b95610d44723d25690dc1a690792802	11273
docs/media/uploads/2020/05/clown-beetle-e1588767976234-85x57.jpg	710d76e7ba020fe05ef631829086e3ff1739c5f4	11415
docs/media/uploads/2020/05/clown-beetle-e1588767976234.jpg	1dc188bc181adccdb0e3159915db16c67e954ec9	136746
docs/media/uploads/2020/05/clown-beetle.jpg	39554b0e153f6546f8beadd4275f56b980735ab6	535965
docs/media/uploads/2020/05/الادهم-1-112x75.jpg	4cb7bd8215309be73c8ce8a2c7c22f0ace3fd9c8	3772
docs/media/uploads/2020/05/الادهم-1-130x87.jpg	35bd59c731c652991759b72bccd159e3126ee671	4556
docs/media/uploads/2020/05/الادهم-1-150x150.jpg	f094bf336346a9c155d027ca63288e1b8aa9a036	9050
docs/media/uploads/2020/05/الادهم-1-165x109.jpg	aa076e41218cd371138f55c3d8d1e09769dfd473	6547
docs/media/uploads/2020/05/الادهم-1-170x113.jpg	0e6be5a414deb4c35a89d25dd51e65062b82c184	6777
docs/media/uploads/2020/05/الادهم-1-179x116.jpg	c08f864fa5eb7ec5185390287e102ca0056ca895	7228
docs/media/uploads/2020/05/الادهم-1-179x120.jpg	720309b1cd861e9c1ab9ed9ca385a0e7c7381c6a	7203
docs/media/uploads/2020/05/الادهم-1-266x179.jpg	389d39b5f78978ca789831a7ee2cb97d11c58835	13842
docs/media/uploads/2020/05/الادهم-1-274x183.jpg	98d384665ee938422b72078fe5aa402082de8d9f	14274
docs/media/uploads/2020/05/الادهم-1-300x200.jpg	285ef4c738958bcb6326b52029bbec90ee885fa1	16053
docs/media/uploads/2020/05/الادهم-1-333x227.jpg	2dae5410b69627a6af7d8fceda82071c55633fb5	19728
docs/media/uploads/2020/05/الادهم-1-347x233.jpg	520cbe0a914d4004c8fb59f4129c7b2590d2955c	20787
docs/media/uploads/2020/05/الادهم-1-359x240.jpg	b520dee7584170fe05eec784f785ac89c3b3475d	21738
docs/media/uploads/2020/05/الادهم-1-364x245.jpg	f5519d5130f74894a96530e1c30b3aac3283ad4a	22481
docs/media/uploads/2020/05/الادهم-1-367x237.jpg	78a36b7bb7657aacc49bc739c35566da140cd723	22192
docs/media/uploads/2020/05/الادهم-1-36x36.jpg	55ca6095fa971c50601d5682f673807d9aea24de	1363
docs/media/uploads/2020/05/الادهم-1-546x300.jpg	d8859dcfff8858172de34fc87fe707313c3bee45	35416
docs/media/uploads/2020/05/الادهم-1-546x365.jpg	97a0797638f0c20b7afcfeb53421dfef5a86f74d	41531
docs/media/uploads/2020/05/الادهم-1-576x392.jpg	6695d0e8bc97697d3ec993e57c0db8b171fd1ef1	45197
docs/media/uploads/2020/05/الادهم-1-702x432.jpg	3e1db1b473461e77f4ecf8be871aa9bc6b502bce	55715
docs/media/uploads/2020/05/الادهم-1-765x510.jpg	83cbd8958efdd6e791e414a0bded67b44777fac0	66144
docs/media/uploads/2020/05/الادهم-1-80x54.jpg	1b177eadbee1a1d91e20e2778daa3af604584292	2395
docs/media/uploads/2020/05/الادهم-1-81x55.jpg	453c4c9fbc3bab5a2885ea962a1264e4dc9af6ab	2441
docs/media/uploads/2020/05/الادهم-1-85x57.jpg	f75269bcdf46b440e3eedad3ecacb0cf411a6801	2565
docs/media/uploads/2020/05/الادهم-1.jpg	77511076f1818dda61030ebfb467ae446fe5cca9	92455
docs/media/uploads/2020/05/الادهم-2-112x75.jpg	89be7de0e83d7b585814042502913edcc90b5541	4148
docs/media/uploads/2020/05/الادهم-2-130x87.jpg	5604b8065334ca60e6a64764c53271c94e17dca1	5256
docs/media/uploads/2020/05/الادهم-2-150x150.jpg	a257bc6dfb5ae5212e8ec6fa61b46042dc4f1ba2	8609
docs/media/uploads/2020/05/الادهم-2-165x109.jpg	6e022211be9c04342cfc56c2c6d7a82705bf9356	7673
docs/media/uploads/2020/05/الادهم-2-170x113.jpg	37340bf5f2fcc0ce4b3f07549fcbdc2b1f49fdac	8196
docs/media/uploads/2020/05/الادهم-2-179x116.jpg	6fc3ca4f7992cf5b544635762b9974d2e76f7105	8727
docs/media/uploads/2020/05/الادهم-2-179x120.jpg	5ab97a43c161d7357c1bf62a15d0885ff08ebbc2	8758
docs/media/uploads/2020/05/الادهم-2-266x179.jpg	287a723c21c3311929546f03e0e34874066921bc	18177
docs/media/uploads/2020/05/الادهم-2-274x183.jpg	e292a95e65c41d422d5c39dfdc20f8cee6c06622	18660
docs/media/uploads/2020/05/الادهم-2-300x200.jpg	9d12204c852a12b8c8c6235650b1fa8ee8209158	21349
docs/media/uploads/2020/05/الادهم-2-333x227.jpg	f86cbfd373a7e0cb5267131d2ebbe8e4614f7f1b	26891
docs/media/uploads/2020/05/الادهم-2-347x233.jpg	87158421be62b56311ba72a0b8a74c253f2aa459	28834
docs/media/uploads/2020/05/الادهم-2-359x240.jpg	a0fa9c23b2e16d8048ec23357a682121007a1698	29756
docs/media/uploads/2020/05/الادهم-2-364x245.jpg	b64a6934ed02f2dd8ccaef366d886f4d8e5390b1	31172
docs/media/uploads/2020/05/الادهم-2-367x237.jpg	71256cc6dad01aaab8e8e8466fe3aa1184390c91	30352
docs/media/uploads/2020/05/الادهم-2-36x36.jpg	2fdfa12436ec340bdb6cb07d2fbf2d9273b24602	1248
docs/media/uploads/2020/05/الادهم-2-546x300.jpg	79c854a5c20bfe54cd83ace9de3a150b408b8268	52744
docs/media/uploads/2020/05/الادهم-2-546x365.jpg	9ba5f70847381a6651ba726ccf10caf456b494c0	61987
docs/media/uploads/2020/05/الادهم-2-576x392.jpg	a55c297b42ff23ada2adeebf144ef0125d4060cb	67928
docs/media/uploads/2020/05/الادهم-2-702x432.jpg	31ddd55340c842f06b30d0621b29af93951d2f7f	84298
docs/media/uploads/2020/05/الادهم-2-765x510.jpg	7f30588878b7e8dea891a2d2dd5454e56d1fb652	102808
docs/media/uploads/2020/05/الادهم-2-80x54.jpg	eb499f2d346b853a47185148cc7838fb1013fcaf	2457
docs/media/uploads/2020/05/الادهم-2-81x55.jpg	14201950110e301dfc960d3a4d4de82f8a55426f	2607
docs/media/uploads/2020/05/الادهم-2-85x57.jpg	b94923b8263de857e74f6dac75548649b54039ab	2785
docs/media/uploads/2020/05/الادهم-2.jpg	f1abcf42a6dbfd17874fbbbce098fbd98e43e025	128928
docs/media/uploads/2020/05/الادهم-3-112x75.jpg	041f64e3cdb5e5eded37fdd6c60018f48dc8a678	4344
docs/media/uploads/2020/05/الادهم-3-130x87.jpg	3cbdef3c892271e49aac436206ffdf44f96ddb26	5428
docs/media/uploads/2020/05/الادهم-3-150x150.jpg	176be5d5891b6e8f23446b1f01d1bdc4c1485997	8976
docs/media/uploads/2020/05/الادهم-3-165x109.jpg	85295f07ae499ff8107b36f21d3dbac9468c0bfb	7915
docs/media/uploads/2020/05/الادهم-3-170x113.jpg	e21613ee8ee91a79f8e0bb909b54200aa4813f4b	8401
docs/media/uploads/2020/05/الادهم-3-179x116.jpg	5e0ed838fe0a164675f4583ddb82738f07f02a37	9087
docs/media/uploads/2020/05/الادهم-3-179x120.jpg	b3b601ca14126cf392a418f2e89f3e4e1e115fc5	8988
docs/media/uploads/2020/05/الادهم-3-266x179.jpg	3de282a3d74dacae4539c2a333942a4455cecd2d	18584
docs/media/uploads/2020/05/الادهم-3-274x183.jpg	fe8f2ddadb76d7f08d3bc7bbaaa521f9510901b4	19197
docs/media/uploads/2020/05/الادهم-3-300x200.jpg	fd7e62b7c14e3984a22947ab849c6731d4fd2da0	21969
docs/media/uploads/2020/05/الادهم-3-333x227.jpg	9cae82649fea3275356597ffb4eded7264db4ba5	27275
docs/media/uploads/2020/05/الادهم-3-347x233.jpg	3168cdd4595ec4cc37bed994db0b663ba9509c9c	29253
docs/media/uploads/2020/05/الادهم-3-359x240.jpg	0ed8fa929fe8967750d4c9e1f56bed39c5f7f0fb	30426
docs/media/uploads/2020/05/الادهم-3-364x245.jpg	51ae2a18f5aaff43bede759e1154086efecc54b5	31643
docs/media/uploads/2020/05/الادهم-3-367x237.jpg	402bab9d84b7dd74fb783759d44fed3521b3137c	31320
docs/media/uploads/2020/05/الادهم-3-36x36.jpg	6b7f59be8aad94c17a76520a044873c4491c8e6f	1323
docs/media/uploads/2020/05/الادهم-3-546x300.jpg	fde599c644d169daeee865e041fd0dc2805ce17d	55047
docs/media/uploads/2020/05/الادهم-3-546x365.jpg	708eea62610d94c70d33d0f7dcd4d95f5e40c3f9	63407
docs/media/uploads/2020/05/الادهم-3-576x392.jpg	52afb807198716a9de1dac70cba7a9542ce2a09f	69454
docs/media/uploads/2020/05/الادهم-3-702x432.jpg	8bd6a4dbbf2baeef1c4f158023a0de97d65b4985	88202
docs/media/uploads/2020/05/الادهم-3-765x510.jpg	70eb982311fa65d20c7d4e0d6246a96834c8cbe3	105796
docs/media/uploads/2020/05/الادهم-3-80x54.jpg	894d29f316d115cb53c4ba9c082cd2601226b52b	2565
docs/media/uploads/2020/05/الادهم-3-81x55.jpg	29729728529568211ff2085a2ac205cbaada6da1	2673
docs/media/uploads/2020/05/الادهم-3-85x57.jpg	5acd6bbe328e1d369e0724a8eca8b938d1c62b18	2904
docs/media/uploads/2020/05/الادهم-3.jpg	bd96435005ffc7525391dd2b935e8bb2c373dd40	132344
docs/media/uploads/2020/05/الان-موسى-2-112x75.jpg	a473c2778a47b311f89c3d87e12e5c7b5e499750	4808
docs/media/uploads/2020/05/الان-موسى-2-130x87.jpg	c21090f306b763ff1b0ca76b2125fd101702778a	6168
docs/media/uploads/2020/05/الان-موسى-2-150x150.jpg	1e3567a3343b1b3ecaa17ac05d5fe1a03f916854	9536
docs/media/uploads/2020/05/الان-موسى-2-165x109.jpg	8b0456c08af0b15e23245c2737949d5f3ce63901	8672
docs/media/uploads/2020/05/الان-موسى-2-170x113.jpg	7a5233cc47bd2b343c9789f50466fe01984187f8	9178
docs/media/uploads/2020/05/الان-موسى-2-179x116.jpg	6f6fa7dbae7aceaaa55bc89d16b73239f19eee05	9847
docs/media/uploads/2020/05/الان-موسى-2-179x120.jpg	b363eb87eb8474c1a9ab6e7286446bd303b2ba1d	10030
docs/media/uploads/2020/05/الان-موسى-2-266x179.jpg	a09334cef49dbde6de94accbdde2f5ab4c6c277e	19329
docs/media/uploads/2020/05/الان-موسى-2-274x183.jpg	55ea5e021a3fc5a490165da1dd308d07f0108e3c	20018
docs/media/uploads/2020/05/الان-موسى-2-300x200.jpg	62cc132736ea20a2cb425ad18b0d2e447b0a9697	22792
docs/media/uploads/2020/05/الان-موسى-2-333x227.jpg	47a71919ca64a6b7c9df13f10f55f51983041749	27736
docs/media/uploads/2020/05/الان-موسى-2-347x233.jpg	009b05fad3be1d9281067b46f182a1054d52a034	29411
docs/media/uploads/2020/05/الان-موسى-2-359x240.jpg	b013c29751fa6087c79e6e5ddd943c0284fb37b7	30708
docs/media/uploads/2020/05/الان-موسى-2-364x245.jpg	f4d65382cc69a6cf55bdacb4f3b7f165ae06fcff	31691
docs/media/uploads/2020/05/الان-موسى-2-367x237.jpg	3da4c75f18a978f7fa5ce4e710d7aeb167f88d16	31073
docs/media/uploads/2020/05/الان-موسى-2-36x36.jpg	42a438ee24a8cb5c6af771ba3292fc9c1ef6b324	1408
docs/media/uploads/2020/05/الان-موسى-2-546x300.jpg	4903075f489c722b450b76eaa231fcde8b189e57	52217
docs/media/uploads/2020/05/الان-موسى-2-546x365.jpg	eb909e2ac047982f483bf4bf2f5f047eab951a30	59792
docs/media/uploads/2020/05/الان-موسى-2-576x392.jpg	43db5428f7c00ea6e73af93b2694f60828d81122	64948
docs/media/uploads/2020/05/الان-موسى-2-702x432.jpg	4d65f28d65431476098192befa22802f5536d492	80597
docs/media/uploads/2020/05/الان-موسى-2-765x510.jpg	8846b82f0145cd34429b8df037ed5d2d99a278c3	96948
docs/media/uploads/2020/05/الان-موسى-2-80x54.jpg	e94d4786198a059f9250ee50746f1d03e342ce2c	2910
docs/media/uploads/2020/05/الان-موسى-2-81x55.jpg	ccb54a97284b2307f9fca6ff61153ea0a10e8571	3035
docs/media/uploads/2020/05/الان-موسى-2-85x57.jpg	c925f159619fdf264c55da572d7c8127aee82775	3225
docs/media/uploads/2020/05/الان-موسى-2.jpg	e4ccade74391a6132be2725797f8a4b994157e64	122045
docs/media/uploads/2020/05/الان-موسى-3-112x75.jpg	2f5313f11a3ff868dda63b6cfed5476bbb5e08b1	4237
docs/media/uploads/2020/05/الان-موسى-3-130x87.jpg	2855aefba98e8bc7c192abd5af56b8c6d654d4ed	5237
docs/media/uploads/2020/05/الان-موسى-3-150x150.jpg	ee5c2486627c86bc6e593c60ba9ba2169b917af7	8889
docs/media/uploads/2020/05/الان-موسى-3-165x109.jpg	d9f692b98432add223ae956db3bc8266ce4386e1	7486
docs/media/uploads/2020/05/الان-موسى-3-170x113.jpg	00352aeddb4f8ebecac0bf1a98da895fa0cc3752	8036
docs/media/uploads/2020/05/الان-موسى-3-179x116.jpg	3d1c5ab381f48424fd145abc01905e54a204f1de	8438
docs/media/uploads/2020/05/الان-موسى-3-179x120.jpg	dae00c4ab9fd22851db878e0abdad9b2a1f674f2	8545
docs/media/uploads/2020/05/الان-موسى-3-266x179.jpg	e29000193ed707cfbd22e96d6920b8012d070ce8	16371
docs/media/uploads/2020/05/الان-موسى-3-274x183.jpg	cf526c9283c649508781b3f680d7dd45cff4a99c	16957
docs/media/uploads/2020/05/الان-موسى-3-300x200.jpg	a5d96ac8edcd7bca0aee33185860377db281469f	19356
docs/media/uploads/2020/05/الان-موسى-3-333x227.jpg	9c061d2e93de123fe90e2e8e23c762baad91b445	23405
docs/media/uploads/2020/05/الان-موسى-3-347x233.jpg	f0ed5a6ed421e209dba28e258a61676b32267049	25018
docs/media/uploads/2020/05/الان-موسى-3-359x240.jpg	730a5d6831272ec167f080b6fc7600ac78e8bea4	26110
docs/media/uploads/2020/05/الان-موسى-3-364x245.jpg	61351816781fb147986e73c71ef9934afd06e9dd	26850
docs/media/uploads/2020/05/الان-موسى-3-367x237.jpg	4a095d549fdccb636234a42dc13c320b7b9b3154	26463
docs/media/uploads/2020/05/الان-موسى-3-36x36.jpg	29a4f18392eb149bc401ba926d6a2fc165c4efb1	1347
docs/media/uploads/2020/05/الان-موسى-3-546x300.jpg	26478a5f33e84fb27060d728c73c88c99bb4da3a	45445
docs/media/uploads/2020/05/الان-موسى-3-546x365.jpg	0f5b4e134d84d17a2a15c2a90d0c9c937e607ea4	50934
docs/media/uploads/2020/05/الان-موسى-3-576x392.jpg	5d66ab67ce0f5057cff966e9a30748f531261d84	55129
docs/media/uploads/2020/05/الان-موسى-3-702x432.jpg	c31b676d4e8b61a3626071841e3674cf575acf63	69493
docs/media/uploads/2020/05/الان-موسى-3-765x510.jpg	2b3753ddbd7e4e5145df0d60690e2bb63331d957	82588
docs/media/uploads/2020/05/الان-موسى-3-80x54.jpg	693512657ab71848f459794836553f58be77d411	2623
docs/media/uploads/2020/05/الان-موسى-3-81x55.jpg	d279193c352473bc21d0bfe57a9b0169d45d9099	2718
docs/media/uploads/2020/05/الان-موسى-3-85x57.jpg	7d4517da0a3e7ffbd3a615abe05c293f81118a2a	2949
docs/media/uploads/2020/05/الان-موسى-3.jpg	b501aba64d59838df1b9153139cc5dceead2574a	107803
docs/media/uploads/2020/05/الان-موسى-4-112x75.jpg	7a6435c1b59674e0e7e636ead91604b69cc600f6	3993
docs/media/uploads/2020/05/الان-موسى-4-130x87.jpg	14652841bcd88dfe51611c2bcc873f2ff1bdc75e	5023
docs/media/uploads/2020/05/الان-موسى-4-150x150.jpg	5e80ff04081c34911c2beadea2d54f0406eeda5d	8046
docs/media/uploads/2020/05/الان-موسى-4-165x109.jpg	a525141896ddd17d5d9e78c4f8bc246aea47b993	7133
docs/media/uploads/2020/05/الان-موسى-4-170x113.jpg	bc04a4659f65fd7e7d5525032357c40ff5578f47	7616
docs/media/uploads/2020/05/الان-موسى-4-179x116.jpg	831a2b3066f1a6877d545dde36750148379862ae	8110
docs/media/uploads/2020/05/الان-موسى-4-179x120.jpg	6635e2a8d8595bea737f653a593bf924dff950f6	8071
docs/media/uploads/2020/05/الان-موسى-4-266x179.jpg	002917f34c286a54fbe7e5906258203991d89a38	15668
docs/media/uploads/2020/05/الان-موسى-4-274x183.jpg	07fd009546f0cc13b6672aae844adf7ed9a0d42b	16152
docs/media/uploads/2020/05/الان-موسى-4-300x200.jpg	8f3fd142b9384ae405663a0d9146c1d77755c4cb	18713
docs/media/uploads/2020/05/الان-موسى-4-333x227.jpg	861b76db919915173af9785a4ab48e7033f0b331	22835
docs/media/uploads/2020/05/الان-موسى-4-347x233.jpg	7f3262c322b25741b0c64ca7a73e83f6100baa2a	24433
docs/media/uploads/2020/05/الان-موسى-4-359x240.jpg	b96bc9e98dbd6e742e1c6edfab1032e9a298986c	25256
docs/media/uploads/2020/05/الان-موسى-4-364x245.jpg	d7420b2ebf946d874376fd62b2363ad9bd9df4c7	26132
docs/media/uploads/2020/05/الان-موسى-4-367x237.jpg	1f1a7f48ada988d4fbb62907439aa1a00723b4cb	26130
docs/media/uploads/2020/05/الان-موسى-4-36x36.jpg	c568bae208efb14df270275c81fd3d7286be1d6b	1299
docs/media/uploads/2020/05/الان-موسى-4-546x300.jpg	006055b9437053dce3ccd38b5440a6ce1d3e6eec	44572
docs/media/uploads/2020/05/الان-موسى-4-546x365.jpg	df4cfec7f32fa76ea4e8633e6afdc0969db9a52b	50863
docs/media/uploads/2020/05/الان-موسى-4-576x392.jpg	9209dfddb5f2c286c21ce90952782f402d993bb4	55711
docs/media/uploads/2020/05/الان-موسى-4-702x432.jpg	4b772823e3e7c9bfb17d06148e8a6432b16d40c6	70624
docs/media/uploads/2020/05/الان-موسى-4-765x510.jpg	5a4f4e11ea684395825f2f84de3483e238c6e376	83695
docs/media/uploads/2020/05/الان-موسى-4-80x54.jpg	2eed178b78ea310bd32da9eee9e77f127d181320	2422
docs/media/uploads/2020/05/الان-موسى-4-81x55.jpg	f1f7c86fda71ceb5d43892cac8f54ba178ab41d8	2568
docs/media/uploads/2020/05/الان-موسى-4-85x57.jpg	f093fdc40c5092e9019f4440412f22efdb9e4736	2747
docs/media/uploads/2020/05/الان-موسى-4.jpg	21dbdad231559bd11c9168bf0d23e8e88294cacb	106644
docs/media/uploads/2020/05/الان-موسى-5-112x75.jpg	d93652c025c6ad348ac67f8a780267339da47ab2	5456
docs/media/uploads/2020/05/الان-موسى-5-130x87.jpg	c50c84b9f4645928d7649141e645510019db98d2	6782
docs/media/uploads/2020/05/الان-موسى-5-150x150.jpg	757e53d0d48dbb0a8f997dc135392ed67b5fd8ae	10498
docs/media/uploads/2020/05/الان-موسى-5-165x109.jpg	c062aa521d3d6abf2c2620c4f19cdea0420a93ae	9812
docs/media/uploads/2020/05/الان-موسى-5-170x113.jpg	90267bb17bea496608a59521bdcd67b27587102d	10428
docs/media/uploads/2020/05/الان-موسى-5-179x116.jpg	dcd5643d1115c7b430620a2595b8c987433d5503	11103
docs/media/uploads/2020/05/الان-موسى-5-179x120.jpg	24125bd114e91cb6d0fa7f916132cc78937e5d72	11150
docs/media/uploads/2020/05/الان-موسى-5-266x179.jpg	fb6e7c30493c39f61a389310df6ad5d526bb2fcc	21583
docs/media/uploads/2020/05/الان-موسى-5-274x183.jpg	c46950b6d01a9c356c9a1dd1d2c9789f73d9e662	22304
docs/media/uploads/2020/05/الان-موسى-5-300x200.jpg	01c1814c6133e9dc69a2c7eff6f584ba8699fa4b	25525
docs/media/uploads/2020/05/الان-موسى-5-333x227.jpg	43b1a6f7b74325568f89ac4a9991614e85d3abd1	30914
docs/media/uploads/2020/05/الان-موسى-5-347x233.jpg	408ba3ee8734ee8af7533eb3e1237651f11cacea	33244
docs/media/uploads/2020/05/الان-موسى-5-359x240.jpg	718f00a524d90da95c9d56648846f67eac894ed2	34369
docs/media/uploads/2020/05/الان-موسى-5-364x245.jpg	9c381603e77541544a2c0770350c1ff7b0731242	35671
docs/media/uploads/2020/05/الان-موسى-5-367x237.jpg	2f7fb2a59f17ae059067da0600a10854638687b9	35311
docs/media/uploads/2020/05/الان-موسى-5-36x36.jpg	919b806c37af28d042441629456b60ca49732688	1585
docs/media/uploads/2020/05/الان-موسى-5-546x300.jpg	1f41df0ec488b246d4c6c8b156c4e50fe4d086f9	59888
docs/media/uploads/2020/05/الان-موسى-5-546x365.jpg	7fdbda955b2fb02fb6ebb471187e5ae1e557b991	67358
docs/media/uploads/2020/05/الان-موسى-5-576x392.jpg	18e6616cd00cad3d57b3283b35e9edf286dd6328	72832
docs/media/uploads/2020/05/الان-موسى-5-702x432.jpg	12c82eb21f87ed36fb2a6aa3a59579e763884a78	92098
docs/media/uploads/2020/05/الان-موسى-5-765x510.jpg	8ce587ccdeccde70054cec8170015ba0c324964e	109285
docs/media/uploads/2020/05/الان-موسى-5-80x54.jpg	4c6dc42296897b5859eb78d1aed810115538dda2	3295
docs/media/uploads/2020/05/الان-موسى-5-81x55.jpg	cd07abd364350bfd2ddc95c182d1ddfbb2363506	3437
docs/media/uploads/2020/05/الان-موسى-5-85x57.jpg	6dfe63f6c1ece32ea5283041bedeff3b91028673	3737
docs/media/uploads/2020/05/الان-موسى-5.jpg	cdec3aea619368883194b9dae09b666d25053474	131598
docs/media/uploads/2020/05/الان-موسى-6-112x75.jpg	ed0c859407ccef3133f658ce351e692a861ff231	4017
docs/media/uploads/2020/05/الان-موسى-6-130x87.jpg	c6e6860b1524ae4fa4b86d0284fc5bb0c351c88a	4985
docs/media/uploads/2020/05/الان-موسى-6-150x150.jpg	8916cbdb89c1dd060a0541078237b841c7bb69c8	8835
docs/media/uploads/2020/05/الان-موسى-6-165x109.jpg	020660d831aee674460d7fefd0498d5e8fdbeee4	7219
docs/media/uploads/2020/05/الان-موسى-6-170x113.jpg	8e7161916c73cdbfa96c0ec7157d0ba769431b03	7574
docs/media/uploads/2020/05/الان-موسى-6-179x116.jpg	25e49dae39839e8291cc7f1d1df18e6a58a3ea16	8005
docs/media/uploads/2020/05/الان-موسى-6-179x120.jpg	a9020a343c95f0b5dae911433d098142cc843405	8053
docs/media/uploads/2020/05/الان-موسى-6-200x300.jpg	67903f4d9bb0f4a5c10b9b858c1826f8fc932d3f	18356
docs/media/uploads/2020/05/الان-موسى-6-266x179.jpg	73d230e0c9d235f00c0dcfdd04f57d1c96146769	15133
docs/media/uploads/2020/05/الان-موسى-6-274x183.jpg	b506c7776bca2b68326f2a8e706b387741be9ed2	15557
docs/media/uploads/2020/05/الان-موسى-6-333x227.jpg	6c77bdeb3c050c880ecafca983ec84e5bf17a1c8	21329
docs/media/uploads/2020/05/الان-موسى-6-347x233.jpg	53a0a1d58867dc9415528d903cac17ae253a02ca	22207
docs/media/uploads/2020/05/الان-موسى-6-359x240.jpg	33a149b7b6f11d1206a54de73beee5cd65eb5460	22974
docs/media/uploads/2020/05/الان-موسى-6-364x245.jpg	397ffb51fa488e51ebe53376874aaa04e693c628	23768
docs/media/uploads/2020/05/الان-موسى-6-367x237.jpg	62c7c4a0b7f15c698f2973e030850142a28fad1a	23023
docs/media/uploads/2020/05/الان-موسى-6-36x36.jpg	c4c2078fd455361adf88ef9a141d146d9d63a37c	1361
docs/media/uploads/2020/05/الان-موسى-6-546x300.jpg	5b35ee24e93acd4b9f4ce567268797388fe69e7b	34802
docs/media/uploads/2020/05/الان-موسى-6-546x365.jpg	d1a512b1735ba2918030bde97db110d43f270697	41772
docs/media/uploads/2020/05/الان-موسى-6-576x392.jpg	92dd6fc7e96700dfef6738ec3196d5d9027134f8	44932
docs/media/uploads/2020/05/الان-موسى-6-702x432.jpg	021a8f501a1a538f1caec49f897665bc229613b6	53579
docs/media/uploads/2020/05/الان-موسى-6-765x510.jpg	c227ab8f5485c6514d6c9830aaa2429892a8be4c	65598
docs/media/uploads/2020/05/الان-موسى-6-80x54.jpg	f5d3244b20d3b88b4a684e52c2b3fcbb83716e9b	2559
docs/media/uploads/2020/05/الان-موسى-6-81x55.jpg	552e9cc9802c3d7c90cf8c7f0c39d646fa1a0007	2619
docs/media/uploads/2020/05/الان-موسى-6-85x57.jpg	fb03abe39bf643486054cefe36a55d92161ad0f5	2900
docs/media/uploads/2020/05/الان-موسى-6.jpg	b0c69e9a1bbcac01d4d14bc0e60aaba9b6558208	89838
docs/media/uploads/2020/05/الان-موسي-1-112x75.jpg	d8caf9b59a0bfda791e9491baf358b5fd89ff729	4201
docs/media/uploads/2020/05/الان-موسي-1-130x87.jpg	306675ff80dec1e51c46f9ea1ea6e893f221194f	5134
docs/media/uploads/2020/05/الان-موسي-1-150x150.jpg	c7dfc2f376729cc5c706fd34c1ffdfd468b83066	7975
docs/media/uploads/2020/05/الان-موسي-1-165x109.jpg	3e3c60e5e9274f724b2a96f333e4660cdc5aad55	7341
docs/media/uploads/2020/05/الان-موسي-1-170x113.jpg	85003f6d13617734fad1e0baa6b87e42be868683	7881
docs/media/uploads/2020/05/الان-موسي-1-179x116.jpg	2bb6b0f63eba648c96dec28bfa0a953090fac0fc	8350
docs/media/uploads/2020/05/الان-موسي-1-179x120.jpg	0f98c7f38b9b6fa8411b642dbd7d431f30d54d7c	8286
docs/media/uploads/2020/05/الان-موسي-1-266x179.jpg	540b885326152ac1342674bf5f0bff2c61f8a575	15903
docs/media/uploads/2020/05/الان-موسي-1-274x183.jpg	d7d2d145a1c1d61ee0c5b63e576953860557eb7e	16383
docs/media/uploads/2020/05/الان-موسي-1-300x200.jpg	03be81af080f68c027644ecec6ec4769a259dc25	18629
docs/media/uploads/2020/05/الان-موسي-1-333x227.jpg	8f63f325ef4002d1fd38e5954b77a38b2a9ec32d	22671
docs/media/uploads/2020/05/الان-موسي-1-347x233.jpg	7df43c0e265650dd086ff1efe53e6685a93b11ac	24174
docs/media/uploads/2020/05/الان-موسي-1-359x240.jpg	021b8fa7b48ece2526b11c470191a1f04357ee76	25067
docs/media/uploads/2020/05/الان-موسي-1-364x245.jpg	42d1540cf4a71d7a59bd4da8585c4d6064d4e2cf	25773
docs/media/uploads/2020/05/الان-موسي-1-367x237.jpg	62c2c7381bd054fc857fabe4eb6a102d5a24e3ba	25756
docs/media/uploads/2020/05/الان-موسي-1-36x36.jpg	0fe1ccb8f041db4aceb2446c83de141b38b60a87	1349
docs/media/uploads/2020/05/الان-موسي-1-546x300.jpg	8a3cac7ded032ac767a171b30fa92c78089903d5	43194
docs/media/uploads/2020/05/الان-موسي-1-546x365.jpg	e3d55983f8deab5a8bd69a0d0b0bec7c918aecd0	48925
docs/media/uploads/2020/05/الان-موسي-1-576x392.jpg	54660ecd81656341628fbae9b223bc0a290ea936	53212
docs/media/uploads/2020/05/الان-موسي-1-702x432.jpg	b95305c6c88add1ab26e974a2669676653dcbb5e	66754
docs/media/uploads/2020/05/الان-موسي-1-765x510.jpg	0f8e8ce5c351ea327dbd47471e1c578e23794894	80030
docs/media/uploads/2020/05/الان-موسي-1-80x54.jpg	cbcd907420a3927e71b0044a533112ccbeb66edd	2661
docs/media/uploads/2020/05/الان-موسي-1-81x55.jpg	c969d63f3478857dd63cb9484e91c250ddf00a78	2768
docs/media/uploads/2020/05/الان-موسي-1-85x57.jpg	887c68eac536f3396e596116bfae5ac3ff4c840b	2931
docs/media/uploads/2020/05/الان-موسي-1.jpg	306887e71bce47e3fd2d9ae3892b20b9fa3eda2f	102402
docs/media/uploads/2020/05/الان-موسي-7-112x75.jpg	0fdeea5e88c98c0c324309a805a941f473414864	4344
docs/media/uploads/2020/05/الان-موسي-7-130x87.jpg	c509c1c3096cc8d3f7c3c20f6d5420cc0dcb33a6	5394
docs/media/uploads/2020/05/الان-موسي-7-150x150.jpg	259b08c549303b6e4c31a5b626de336573e18267	8590
docs/media/uploads/2020/05/الان-موسي-7-165x109.jpg	d8f2088ce0663f3cd15c4f6d65a1f85e29e3e5da	7633
docs/media/uploads/2020/05/الان-موسي-7-170x113.jpg	db7ce4c07e63f606795555f08942bb84605ccdab	8215
docs/media/uploads/2020/05/الان-موسي-7-179x116.jpg	b21fc00b8be84fa9d198e73cbfcbc986fc85733d	8872
docs/media/uploads/2020/05/الان-موسي-7-179x120.jpg	576bdef63b0db0634731db77276d80360646e576	8660
docs/media/uploads/2020/05/الان-موسي-7-266x179.jpg	abdf2e7c9657e780a6a8fea1d041de00af9ee657	17006
docs/media/uploads/2020/05/الان-موسي-7-274x183.jpg	b5cd5316258e86ac2eae6d965e57a633ecf3697f	17542
docs/media/uploads/2020/05/الان-موسي-7-300x200.jpg	4aa6585e9d6f70e668313ca4f0590441acc76a1b	19956
docs/media/uploads/2020/05/الان-موسي-7-333x227.jpg	d4ee3de13ad9f4e9f2b518bdd82892fd884f921b	24120
docs/media/uploads/2020/05/الان-موسي-7-347x233.jpg	f1adf21d958e6379c7ccdf067706dda90b14f943	26417
docs/media/uploads/2020/05/الان-موسي-7-359x240.jpg	027487fed239d1f2f9cdebbf06d5a06466652cb2	26710
docs/media/uploads/2020/05/الان-موسي-7-364x245.jpg	c9adfca111053339e1d692e2b7de2fc4c820f223	27667
docs/media/uploads/2020/05/الان-موسي-7-367x237.jpg	0ca441b803e7c979a4613ab9c9f2eb1bf927fd5a	27538
docs/media/uploads/2020/05/الان-موسي-7-36x36.jpg	926cb34680ee1f0b99afba47de7bc4116a796810	1396
docs/media/uploads/2020/05/الان-موسي-7-546x300.jpg	7fcedc57c5b81368b578e5c9fad9b5d4314f5d8b	44196
docs/media/uploads/2020/05/الان-موسي-7-546x365.jpg	86c584e64e340e19f7c5df3b2f46c223e11d809b	52248
docs/media/uploads/2020/05/الان-موسي-7-576x392.jpg	ab97922e415cb7ab18a963d4f3581c7002f27ef5	56717
docs/media/uploads/2020/05/الان-موسي-7-702x432.jpg	ba6004e229586733eb53e4248a898561a199df3f	69713
docs/media/uploads/2020/05/الان-موسي-7-765x510.jpg	5164e37c8f513a034b4431f67468a72d0cdaf670	84835
docs/media/uploads/2020/05/الان-موسي-7-80x54.jpg	942f476db5047be5c601dc5338a0b42b4bdafd56	2738
docs/media/uploads/2020/05/الان-موسي-7-81x55.jpg	aac199a41f4cba53604014aa266fabe4a9410663	2877
docs/media/uploads/2020/05/الان-موسي-7-85x57.jpg	7567c1f2f10c0294446edbcbf0c6bcdfe2923b11	3048
docs/media/uploads/2020/05/الان-موسي-7.jpg	a9158658c08ecfce4b423ad7214ccf9f63902651	110201
docs/media/uploads/2020/05/الونسو-1-112x75.jpg	89e56f1666b44e1912b84c746bfc758eae004b41	3274
docs/media/uploads/2020/05/الونسو-1-130x87.jpg	a6c50dc19b04247fc682a745c6c2ccc6e757d472	4032
docs/media/uploads/2020/05/الونسو-1-150x150.jpg	ba8f32e9e98495f03aac65d115d0538ef04d3132	6343
docs/media/uploads/2020/05/الونسو-1-165x109.jpg	612b43e5bb8e87a78fc12a5a6bf2650db022c71f	5566
docs/media/uploads/2020/05/الونسو-1-170x113.jpg	2e393cf1b7f302fb41bb86c823321d552fc63bc1	34989
docs/media/uploads/2020/05/الونسو-1-179x116.jpg	649a952890f6a7a94f03984d30e8ec4714439bdf	35322
docs/media/uploads/2020/05/الونسو-1-179x120.jpg	23ca7066bcf819e8087cd87d0abe70551cf8f4fb	6433
docs/media/uploads/2020/05/الونسو-1-266x179.jpg	744ca26e43eb58d99f70e840ec90e4cdeb39ccf0	12467
docs/media/uploads/2020/05/الونسو-1-274x183.jpg	878aedaf1ff5fcd788380bbf4909a58e1d56b136	12981
docs/media/uploads/2020/05/الونسو-1-300x200.jpg	6fbcac1eb08a30b5b0748c2918341f6618700904	14819
docs/media/uploads/2020/05/الونسو-1-333x227.jpg	e7bae1de5a7e1116b380a5409cf47d436da18df0	47426
docs/media/uploads/2020/05/الونسو-1-347x233.jpg	e1fb0e8a77e3862fe0e6a48b4d57b07ee02f7a5d	19368
docs/media/uploads/2020/05/الونسو-1-359x240.jpg	3ef6534bcb0c4c81f9e36b80226baabf1a94fd93	20260
docs/media/uploads/2020/05/الونسو-1-364x245.jpg	bc8a430bfe61f5395197cb2315e4565dac6cdbe5	20832
docs/media/uploads/2020/05/الونسو-1-367x237.jpg	afbe53ee94a2e5d3d299289d2d5394f51f09dc33	50019
docs/media/uploads/2020/05/الونسو-1-36x36.jpg	0a927585cf4f835cb318cd20e0ece8576e217490	1127
docs/media/uploads/2020/05/الونسو-1-546x300.jpg	0d8210bedce7b0d8e8ed8321fe25049766c767b5	35755
docs/media/uploads/2020/05/الونسو-1-546x365.jpg	7f92434b127c5dc8f2bc782f4e279f63520c66cc	41206
docs/media/uploads/2020/05/الونسو-1-576x392.jpg	23dbb83739f248d4a1df45f2a120ea18b1e4644c	74562
docs/media/uploads/2020/05/الونسو-1-702x432.jpg	a955646b22cb4820ccb76c39bb04f239de7ebc5c	85363
docs/media/uploads/2020/05/الونسو-1-765x510.jpg	7c6cff4829778a81a32c358cad457e8f60b19e14	97173
docs/media/uploads/2020/05/الونسو-1-80x54.jpg	d56411a1cfbbe62a151299a7a85eea70ab585f45	2029
docs/media/uploads/2020/05/الونسو-1-81x55.jpg	65547f3ee3d4acd8eccaf07cb137512edd797c26	31075
docs/media/uploads/2020/05/الونسو-1-85x57.jpg	5abaab0c42d33ec10978e9e90d719b1d3328c23e	2281
docs/media/uploads/2020/05/الونسو-1.jpg	d39313ff052d1aef82682c219089012e1292681c	94574
docs/media/uploads/2020/05/الونسو-3-112x75.jpg	4f4faa0acc51814d53e91ded5851282543bb6fb4	3578
docs/media/uploads/2020/05/الونسو-3-130x87.jpg	c509244c0e51c41ddc102535cef769b94080a77c	4307
docs/media/uploads/2020/05/الونسو-3-150x150.jpg	f8f6f16b2085dcd83502f091f246e351c963e82b	6570
docs/media/uploads/2020/05/الونسو-3-165x109.jpg	6aa5472d453303caa2e42f1ca0b97bc4ae3c117e	6064
docs/media/uploads/2020/05/الونسو-3-170x113.jpg	e8aa7d40486ac3cba05b2b56dcd5da8f2bc51fc2	6518
docs/media/uploads/2020/05/الونسو-3-179x116.jpg	0f04dc69703de0926c3ba064d2b8c160a4adec0f	6810
docs/media/uploads/2020/05/الونسو-3-179x120.jpg	fcc5484780d0f41ddb79a37dbae0816d6d938aff	6787
docs/media/uploads/2020/05/الونسو-3-266x179.jpg	83c3a8acfaebace3e75a5c349ddd515074590cbf	12774
docs/media/uploads/2020/05/الونسو-3-274x183.jpg	1fb222e2b99ee2e2a15ffcd9eee61888bfa5678f	13187
docs/media/uploads/2020/05/الونسو-3-300x200.jpg	05ec6bc7fe0a218add5e118b42a4a3b0efb4d5c8	14907
docs/media/uploads/2020/05/الونسو-3-333x227.jpg	9e67ee3d54d230adc64d11fc7aeaeeeec55483bb	17959
docs/media/uploads/2020/05/الونسو-3-347x233.jpg	377145e22f278ac563f527f0b25862162f9451e8	19187
docs/media/uploads/2020/05/الونسو-3-359x240.jpg	fd138499f42d66e8fbc04f58b35d76f5e29064fe	19774
docs/media/uploads/2020/05/الونسو-3-364x245.jpg	b55a9a686de8e694230e8bb56bad45a6041df483	20578
docs/media/uploads/2020/05/الونسو-3-367x237.jpg	c44c58bee3ab9848bbcf0be933a5603caab3b33c	20367
docs/media/uploads/2020/05/الونسو-3-36x36.jpg	887c2e9d010f73d564d7d0bdc8588f3b5eb41a0f	1261
docs/media/uploads/2020/05/الونسو-3-546x300.jpg	bc4a69eae17d72a50e5adf3e944a66cdb10bc4cf	33091
docs/media/uploads/2020/05/الونسو-3-546x365.jpg	f47f5cc02284003c5b938a12e18a69810d0cd802	38348
docs/media/uploads/2020/05/الونسو-3-576x392.jpg	8aaaa8c08d6db25868e69d961dc3059b1ada7cdc	41745
docs/media/uploads/2020/05/الونسو-3-702x432.jpg	0e4aeb19fd6b9cbcf0dde02869048162f3f37ad3	51326
docs/media/uploads/2020/05/الونسو-3-765x510.jpg	1fa1a0480a6c0bf11c6eaa2ae31d44d40b49a78c	62128
docs/media/uploads/2020/05/الونسو-3-80x54.jpg	ae3425c452cd4cefcc2148205cf395894251f791	2266
docs/media/uploads/2020/05/الونسو-3-81x55.jpg	8720c33adfcce98cf52a5ebf21ad0f49e73e3bcb	2355
docs/media/uploads/2020/05/الونسو-3-85x57.jpg	0ad0b63ddf85b4f3399d5199f52cda5d6b833235	2551
docs/media/uploads/2020/05/الونسو-3.jpg	f78791868c123d5d5f8c1cc3fdee098c7f4a9340	86455
docs/media/uploads/2020/05/الونسو-4-112x75.jpg	fd9f2de665357868fa482fea8e80ed9ac2ec0cfa	3017
docs/media/uploads/2020/05/الونسو-4-130x87.jpg	1988246b9752f07666ad837b42750db3b9290413	3653
docs/media/uploads/2020/05/الونسو-4-150x150.jpg	da8db56668c65ecdbfdff78e6d264abb421fec83	5748
docs/media/uploads/2020/05/الونسو-4-165x109.jpg	bc1e06fc3705529e959c007487ee43a55afbdfb4	5117
docs/media/uploads/2020/05/الونسو-4-170x113.jpg	909a738f664d9cc150de2b4dd315e735b2fedba9	33607
docs/media/uploads/2020/05/الونسو-4-179x116.jpg	c89936f59424763d8c7951aa78efaefe252c82c7	33948
docs/media/uploads/2020/05/الونسو-4-179x120.jpg	4e7017acffc62308482b9c601972423c9460ed31	33962
docs/media/uploads/2020/05/الونسو-4-266x179.jpg	b3ce636201998c5c1bb9ad9441a0a07448231f41	10775
docs/media/uploads/2020/05/الونسو-4-274x183.jpg	fdbbe04c20636e53fdfa57ab855e99cc3685a84d	11145
docs/media/uploads/2020/05/الونسو-4-300x200.jpg	49efdc0416c4e5c6d1a2ebcbda5495f0c706650e	12833
docs/media/uploads/2020/05/الونسو-4-333x227.jpg	aa2cd8ab5888075632c09838e8ec8fd9a6c47b9a	43814
docs/media/uploads/2020/05/الونسو-4-347x233.jpg	326877e33031c5899f480b556a7c0117829fe4c6	16730
docs/media/uploads/2020/05/الونسو-4-359x240.jpg	120f42f1cd1e1b45025c207f8f579e6809b75007	17499
docs/media/uploads/2020/05/الونسو-4-364x245.jpg	27018b9894109f16a0168379b13f87961175c689	18034
docs/media/uploads/2020/05/الونسو-4-367x237.jpg	f4d32dec4b2f66394ab061ca68369971179a6e49	46104
docs/media/uploads/2020/05/الونسو-4-36x36.jpg	70bc9e8a2fded726be6dcf521f7d25c9a97070d8	1121
docs/media/uploads/2020/05/الونسو-4-546x300.jpg	adea4b4c45b546e2831851a25e391ca1f18f8569	58797
docs/media/uploads/2020/05/الونسو-4-546x365.jpg	f070462c6cc3b03258f63554e18b7eefef432b87	34760
docs/media/uploads/2020/05/الونسو-4-576x392.jpg	65e26ab9843335ebc35c0706c49110c442b765e5	66603
docs/media/uploads/2020/05/الونسو-4-702x432.jpg	207261c5e5830ea4f1219724d5baf92e356375e8	76132
docs/media/uploads/2020/05/الونسو-4-765x510.jpg	3d9139b7ee15e7f4795c3681d8c279b31014851a	85677
docs/media/uploads/2020/05/الونسو-4-80x54.jpg	740f69fa230c75ff24b1f546e815ad4e66c60ed3	1927
docs/media/uploads/2020/05/الونسو-4-81x55.jpg	44cc9c6ba966829ca87cfbce4eac41c13f6c6d8d	30220
docs/media/uploads/2020/05/الونسو-4-85x57.jpg	bd0fcd4df096c011c34aabbc0595cda1f16637ac	2200
docs/media/uploads/2020/05/الونسو-4.jpg	e9cff92e42ddcfb35e6f2ee3482931564716486a	81726
docs/media/uploads/2020/05/الونسو-5-112x75.jpg	b4e67675476444d4ca9502e0db3e263183c28b20	4038
docs/media/uploads/2020/05/الونسو-5-130x87.jpg	b3ee6f2fd5e3bab9545ad344bc9aa24bab8d2e84	5077
docs/media/uploads/2020/05/الونسو-5-150x150.jpg	56f66dc72f6ef2252f5b24e4889498c2a3b73bbe	9005
docs/media/uploads/2020/05/الونسو-5-165x109.jpg	a4e0a33f8120bfcba6cc84956393c8976e1d7bd4	7383
docs/media/uploads/2020/05/الونسو-5-170x113.jpg	24d98f3ae7bd021123bb451cacb1b45c5282391c	7927
docs/media/uploads/2020/05/الونسو-5-179x116.jpg	ae78a01874f4f4d0c97bd8e8db57b876f106efff	8449
docs/media/uploads/2020/05/الونسو-5-179x120.jpg	d43349ca11a8a3f16e9f37af738fe44e73785581	8410
docs/media/uploads/2020/05/الونسو-5-266x179.jpg	5955c4a0796e2c02581645a3c9f6fe82f375e0a1	16804
docs/media/uploads/2020/05/الونسو-5-274x183.jpg	d50c8c45d4865ff38a3051c39bcd563328ac78f3	17321
docs/media/uploads/2020/05/الونسو-5-300x200.jpg	294c33d0d8223a16fc02b6c5ef96f10cb0f5a165	19795
docs/media/uploads/2020/05/الونسو-5-333x227.jpg	9f203f774ab270914268eac8570f44066c08af13	24325
docs/media/uploads/2020/05/الونسو-5-347x233.jpg	07de36d1cc7e589cfb05be3d62e26264e7b8e8f0	26054
docs/media/uploads/2020/05/الونسو-5-359x240.jpg	be2c44a03e068f4de560cd61eb198aaa74b286c1	26995
docs/media/uploads/2020/05/الونسو-5-364x245.jpg	a0e6ba14f891ac574bd868c7204604feca97591b	28197
docs/media/uploads/2020/05/الونسو-5-367x237.jpg	94e4abcfb7f775b02306ffb89292e53b657f5d6c	27660
docs/media/uploads/2020/05/الونسو-5-36x36.jpg	e1fd1f76e4c663a56bd5c2dce08acd879bfdff94	1257
docs/media/uploads/2020/05/الونسو-5-546x300.jpg	313984e42d02ee17aabbb008c97170267d5940d7	46670
docs/media/uploads/2020/05/الونسو-5-546x365.jpg	453d14407a66f6c7e7d90cc59323755a1faaf290	53786
docs/media/uploads/2020/05/الونسو-5-576x392.jpg	961e5fb99c209a2ebda78d9b43d125664df937ee	58720
docs/media/uploads/2020/05/الونسو-5-702x432.jpg	75f9def482693c550b3887aaa474902e812935d8	73433
docs/media/uploads/2020/05/الونسو-5-765x510.jpg	adcddb0f58321f86cb71cca69c8942bb5b4b02dd	88039
docs/media/uploads/2020/05/الونسو-5-80x54.jpg	fb8d804b1195ae394cc9af1c33e51efef729f5ea	2435
docs/media/uploads/2020/05/الونسو-5-81x55.jpg	9eaa7298fc1b5532453fd8610c69b611e2299d10	2553
docs/media/uploads/2020/05/الونسو-5-85x57.jpg	7ee61bd6f4f386c53b8796c3f5fca764fa6d2294	2718
docs/media/uploads/2020/05/الونسو-5.jpg	c240cd2a90ddef1efaafaa719f3953f900aebeb7	114435
docs/media/uploads/2020/05/الونسو-6-112x75.jpg	c906e95b9812fb99dc2cdd16fbc517da69c31ce5	34875
docs/media/uploads/2020/05/الونسو-6-130x87.jpg	2209f3c567006559494c3cabdae16d1e409c17eb	35765
docs/media/uploads/2020/05/الونسو-6-150x150.jpg	d47ac0501659878cdebaa91a7deef5f23c304147	39328
docs/media/uploads/2020/05/الونسو-6-165x109.jpg	03d75b1c37246a9910c067b48c158d50df4bffe3	38082
docs/media/uploads/2020/05/الونسو-6-170x113.jpg	7a5d6cc82ae0c873776b2bfa8a5e3945db61627a	38632
docs/media/uploads/2020/05/الونسو-6-179x116.jpg	bec9733cef12e2377c2c9309236c1069acfc45e4	39080
docs/media/uploads/2020/05/الونسو-6-179x120.jpg	1b3148fdf757e3f079b93bfee831a6d3a3355d28	39054
docs/media/uploads/2020/05/الونسو-6-266x179.jpg	62742e62a099423e66f4689a094085bfa080b148	47821
docs/media/uploads/2020/05/الونسو-6-274x183.jpg	645fa57db77d924bd7f2f569b5727f3addb39d47	48422
docs/media/uploads/2020/05/الونسو-6-300x200.jpg	f0f1101df349f0aaeaec7c23747ed01d57b5a836	50770
docs/media/uploads/2020/05/الونسو-6-333x227.jpg	b0bfb31a116db6ea68ae4dc9f39681387dad989a	55722
docs/media/uploads/2020/05/الونسو-6-347x233.jpg	3d01773ef2ef0f9aa9ab25d38685b61db3366527	57469
docs/media/uploads/2020/05/الونسو-6-359x240.jpg	4801dc767e9010ad36275533f9178b52659a57d1	58330
docs/media/uploads/2020/05/الونسو-6-364x245.jpg	ffdc55de269a687aaf6820f6c255ab2b035d8b65	59611
docs/media/uploads/2020/05/الونسو-6-367x237.jpg	acc0aa95c10a63543881ce91faaa1e88ec76588f	58861
docs/media/uploads/2020/05/الونسو-6-36x36.jpg	c366763cddfce314aeec836399cfc2dcaaf71703	32193
docs/media/uploads/2020/05/الونسو-6-546x300.jpg	4c2abd11b0d3b2a7dd89ee62b76bbdbb7471349c	76259
docs/media/uploads/2020/05/الونسو-6-546x365.jpg	b1a0e81393a79ae9f757aeae525e132fd024a703	85193
docs/media/uploads/2020/05/الونسو-6-576x392.jpg	b97441d5b2b23a2f297b91b63f62cf5a5be701a7	89862
docs/media/uploads/2020/05/الونسو-6-702x432.jpg	2478e5be9611911becd7eba0d07d9bf56613c0cb	101809
docs/media/uploads/2020/05/الونسو-6-765x510.jpg	3c3dda66673ba190c9501446d418c1be28d8f7ce	117807
docs/media/uploads/2020/05/الونسو-6-80x54.jpg	de114da7e2fa1a5be24512b533c0186a085f314e	33320
docs/media/uploads/2020/05/الونسو-6-81x55.jpg	18078c28da434dc8fd2ad0338e63c5082beecee8	33401
docs/media/uploads/2020/05/الونسو-6-85x57.jpg	ba7588ed1b731391ec89f1df2861d0d777685228	33615
docs/media/uploads/2020/05/الونسو-6.jpg	a2fc2399327d1f541bc6a879f49ee743d15ad996	111342
docs/media/uploads/2020/05/امن-داخلي-شب-112x75.jpg	97193467ef0d8393b9349fca87a4ce2ec1742bca	4083
docs/media/uploads/2020/05/امن-داخلي-شب-130x87.jpg	328337db07acab47ea92549411706173c93f77a7	5244
docs/media/uploads/2020/05/امن-داخلي-شب-150x150.jpg	b54ff578aabb0f5c5c836d3e3517173d4cfdd813	9058
docs/media/uploads/2020/05/امن-داخلي-شب-165x109.jpg	f32c6c5dc615cb6315e06810db5f4937bbd75694	7732
docs/media/uploads/2020/05/امن-داخلي-شب-170x113.jpg	debfb5ce00773778b1dffe79f36b2f45343b8cee	8347
docs/media/uploads/2020/05/امن-داخلي-شب-179x116.jpg	20c335e2e8abffcf5ad5442d5336acd16647b985	8879
docs/media/uploads/2020/05/امن-داخلي-شب-179x120.jpg	a2cfb105b233efa02505f9ab647f44fbac8409b7	8844
docs/media/uploads/2020/05/امن-داخلي-شب-266x179.jpg	463c30a8274aab0a51fd0aa4a08e49fdf4b8e488	18724
docs/media/uploads/2020/05/امن-داخلي-شب-274x183.jpg	0979291b1914ec5311f452cb4f5e0025d6eb509c	19378
docs/media/uploads/2020/05/امن-داخلي-شب-300x200.jpg	7529c485e5a3207fc0eaf32ab1ad37fd13d77c74	22224
docs/media/uploads/2020/05/امن-داخلي-شب-333x227.jpg	b49b03a9fafa841109b631058b3035fea6076362	28288
docs/media/uploads/2020/05/امن-داخلي-شب-347x233.jpg	224d2952bf09c4bb652060a8b340e826f2c06c3c	30215
docs/media/uploads/2020/05/امن-داخلي-شب-359x240.jpg	320cc85e671c11a27d3d5f4bbd2201c2dc3fc82f	31282
docs/media/uploads/2020/05/امن-داخلي-شب-364x245.jpg	44c19a00c8d5fa058ebc0446ec6626e7726602b0	32703
docs/media/uploads/2020/05/امن-داخلي-شب-367x237.jpg	232edf099bd0941e157f97b9973881069ce7870f	32076
docs/media/uploads/2020/05/امن-داخلي-شب-36x36.jpg	d6240d69052cce7de6d6558e012bae77b0d56da3	1237
docs/media/uploads/2020/05/امن-داخلي-شب-546x300.jpg	00f0b646e36d8419d18f2c6c26c0c3e654f6a14d	55412
docs/media/uploads/2020/05/امن-داخلي-شب-546x365.jpg	32bf877e04836572bcab0b5a362b5517c5f58fdc	66765
docs/media/uploads/2020/05/امن-داخلي-شب-576x392.jpg	2c13a83e63ee1b23440c90b5efc9e1299e8a4308	73554
docs/media/uploads/2020/05/امن-داخلي-شب-702x432.jpg	102516bb8a12e3e3c5ea8947b1af71680f44cfff	90765
docs/media/uploads/2020/05/امن-داخلي-شب-765x510.jpg	31d25df608f447764ee5c7135002433a3e90db44	111907
docs/media/uploads/2020/05/امن-داخلي-شب-80x54.jpg	b3c0c075a2a1c964f43300199a792eb419b58f95	2411
docs/media/uploads/2020/05/امن-داخلي-شب-81x55.jpg	8a154081c93e8dbae8d7c67764ad23ec967ab4c8	2522
docs/media/uploads/2020/05/امن-داخلي-شب-85x57.jpg	f02f469bc2ddc2599a29927fcbcb343e1046b697	2745
docs/media/uploads/2020/05/امن-داخلي-شب.jpg	f210a86aeee8297e2d7ea4fc2c458c14dfe3cb90	142234
docs/media/uploads/2020/05/بيار-داغر-1-112x75.jpg	839c9a44fb0b64501c48eaa20bde954ed8f50dc2	3153
docs/media/uploads/2020/05/بيار-داغر-1-130x87.jpg	4807b3b1637a26657f0af3548c24ee03105f4700	3732
docs/media/uploads/2020/05/بيار-داغر-1-150x150.jpg	acb13fd3820a0269d5845729c4aea846d41d3440	5895
docs/media/uploads/2020/05/بيار-داغر-1-165x109.jpg	dc04346145ebdb1f9f22d2e1c01dba331c15c2b0	5019
docs/media/uploads/2020/05/بيار-داغر-1-170x113.jpg	5502c7b06111540dde89f6a5ba18fcf9e9763ced	5393
docs/media/uploads/2020/05/بيار-داغر-1-179x116.jpg	cb2e3804c23cfb9fd835255b7c7852fc97238244	5729
docs/media/uploads/2020/05/بيار-داغر-1-179x120.jpg	7814fdabc48e5408d1ce733604727c934949ec84	5653
docs/media/uploads/2020/05/بيار-داغر-1-266x179.jpg	72338f617717368278c5854e293cb03f2eb5278d	10506
docs/media/uploads/2020/05/بيار-داغر-1-274x183.jpg	294a513ad14a99bed4494f4144ab0be79d9fcbdd	10860
docs/media/uploads/2020/05/بيار-داغر-1-300x200.jpg	8e9e265b8dd78af7f7b995e5391542b04df42f1f	12324
docs/media/uploads/2020/05/بيار-داغر-1-333x227.jpg	473ae456074e2fcb3f53be42b8dbe136aebebeb8	14895
docs/media/uploads/2020/05/بيار-داغر-1-347x233.jpg	c70e8ebca47b60e134fee4c6f38e14b8a8cbdad5	15768
docs/media/uploads/2020/05/بيار-داغر-1-359x240.jpg	65542eb690ee898f9c97b0e8af9a1eaebfe86d9f	16384
docs/media/uploads/2020/05/بيار-داغر-1-364x245.jpg	0736be40d272d7df0d9944aff08f6562df0383c5	16856
docs/media/uploads/2020/05/بيار-داغر-1-367x237.jpg	ac2f8a3e8717d39f28a84e43954babe65ef4b6b8	16896
docs/media/uploads/2020/05/بيار-داغر-1-36x36.jpg	68c67c09567f55d878d40ca30a878d56b8c364a8	1190
docs/media/uploads/2020/05/بيار-داغر-1-546x300.jpg	783303562dd5bcc1b50a4b753927e299ea08c115	27948
docs/media/uploads/2020/05/بيار-داغر-1-546x365.jpg	6d1c21febaac8dbb694ed267c313e817f096f022	31670
docs/media/uploads/2020/05/بيار-داغر-1-576x392.jpg	3d74deebe20fc5eb044a96eea399226294ce8477	34585
docs/media/uploads/2020/05/بيار-داغر-1-702x432.jpg	723b69c588c534e46170d57d9ce9489951e67b02	43122
docs/media/uploads/2020/05/بيار-داغر-1-765x510.jpg	ead39cd6d464668344dc768324a7d33d287ff469	51372
docs/media/uploads/2020/05/بيار-داغر-1-80x54.jpg	da951749e7bb04eedb3affc5c55470c96dd90b22	2089
docs/media/uploads/2020/05/بيار-داغر-1-81x55.jpg	604e2e9d426b2fd56d7edd55ae9cf06e614c315e	2112
docs/media/uploads/2020/05/بيار-داغر-1-85x57.jpg	aa754b855afbd913c4871dc0e6cee9d86fe32a19	2294
docs/media/uploads/2020/05/بيار-داغر-1.jpg	045a74036c6e08526eaba5ecae65bd55574f1c2f	78001
docs/media/uploads/2020/05/بيار-داغر-2-112x75.jpg	47119ba0626849b28a714042661f7b3800cff47c	3942
docs/media/uploads/2020/05/بيار-داغر-2-130x87.jpg	8ef363f0aa351fbdad001d151a934085c779ca93	4924
docs/media/uploads/2020/05/بيار-داغر-2-150x150.jpg	56f59e3b4371329a9c37b18fc52ac28b502bb70a	7500
docs/media/uploads/2020/05/بيار-داغر-2-165x109.jpg	4add23c66e1e91474125dfe3621b27c3be1607a9	7001
docs/media/uploads/2020/05/بيار-داغر-2-170x113.jpg	6bd2ee1971e1fb2a704bc484b965faed64ba1092	7412
docs/media/uploads/2020/05/بيار-داغر-2-179x116.jpg	acf3623a3ac44eadadd53d93e976e65071fc63a2	7926
docs/media/uploads/2020/05/بيار-داغر-2-179x120.jpg	247935b0fefba441bd1dc4cab9b8065635e7f8ca	7894
docs/media/uploads/2020/05/بيار-داغر-2-266x179.jpg	f9a87c34d64b28a50d0a11e0b3e81401fa28388d	14844
docs/media/uploads/2020/05/بيار-داغر-2-274x183.jpg	071a6c3d0c252282458eac2977ac072b047cfd9a	15213
docs/media/uploads/2020/05/بيار-داغر-2-300x200.jpg	d6dd82524ce38e6930f3507058dc535061759432	17345
docs/media/uploads/2020/05/بيار-داغر-2-333x227.jpg	950cb72c41345003d011b1ea53bab0f36371d411	20720
docs/media/uploads/2020/05/بيار-داغر-2-347x233.jpg	599631457594ecb92eec05b9a62baeef1ec4d024	22173
docs/media/uploads/2020/05/بيار-داغر-2-359x240.jpg	1fa2482748a9bb98d6fc0f3c4a01e98090205c71	22585
docs/media/uploads/2020/05/بيار-داغر-2-364x245.jpg	96b32dd5cbe9139a995f02192122608448d2c854	23622
docs/media/uploads/2020/05/بيار-داغر-2-367x237.jpg	22004a351604f419cbe5045a95d538c66e16dc37	23097
docs/media/uploads/2020/05/بيار-داغر-2-36x36.jpg	07fa623af8d0acb0278d3df41fbb3df8c8382094	1262
docs/media/uploads/2020/05/بيار-داغر-2-546x300.jpg	b3a083d1161fbf0bf51efa3b1a2bcb42f0af0e43	35272
docs/media/uploads/2020/05/بيار-داغر-2-546x365.jpg	3b9d6892a07567ab812c80f45019f78897f5cb51	41931
docs/media/uploads/2020/05/بيار-داغر-2-576x392.jpg	f372c73cda3fedf9eeb8bcc6173a07e3de82ef7b	44848
docs/media/uploads/2020/05/بيار-داغر-2-702x432.jpg	16766422b0706d00351c05eaf56500d0b0bd7d66	54071
docs/media/uploads/2020/05/بيار-داغر-2-765x510.jpg	03167d6e912919eba1235f3aa5770dcf3b13e98a	65747
docs/media/uploads/2020/05/بيار-داغر-2-80x54.jpg	62b22b94ee3ce7664fe43b65c7268c41b6815aa0	2405
docs/media/uploads/2020/05/بيار-داغر-2-81x55.jpg	a7d3fa8d2dd7385ced74a5b6f0e5a040c65427e8	2515
docs/media/uploads/2020/05/بيار-داغر-2-85x57.jpg	0d3690568fae2f2024ecf0e24d2fa13812538a18	2714
docs/media/uploads/2020/05/بيار-داغر-2.jpg	eb163ade288dc4acaa754c0d554353ba7c27912e	91842
docs/media/uploads/2020/05/بيار-داغر-3-112x75.jpg	43e0a75c4da1e4f02b1bb74fb9de87f5f2a1a7e4	4064
docs/media/uploads/2020/05/بيار-داغر-3-130x87.jpg	b0e6a10106e01eedf9c0ee6be76ae1be8089553e	5073
docs/media/uploads/2020/05/بيار-داغر-3-150x150.jpg	2662985fe8e503df93b32d666c791976b3625057	9008
docs/media/uploads/2020/05/بيار-داغر-3-165x109.jpg	fa723fd1b949363ca1272c048a689f5b02f6de74	7572
docs/media/uploads/2020/05/بيار-داغر-3-170x113.jpg	5df6ce9c09653d76dd19099179e79f9e31c035c1	7966
docs/media/uploads/2020/05/بيار-داغر-3-179x116.jpg	52f7b4c3fb23de51c85c9c16a92a8d8bdcf153e3	8464
docs/media/uploads/2020/05/بيار-داغر-3-179x120.jpg	4e014b0f115e2a9a3e852efcff9ef6a1d3d3cf22	8497
docs/media/uploads/2020/05/بيار-داغر-3-200x300.jpg	165e7a87ac2d1272ab898bfdd517e86cfa4d1a2e	20798
docs/media/uploads/2020/05/بيار-داغر-3-266x179.jpg	e94bdeeaef1cfde70eb171a372f2cd8dbf14b9c7	17114
docs/media/uploads/2020/05/بيار-داغر-3-274x183.jpg	85d72d71b3fb005c9ed823dc3e394e9f6a4a26d4	17671
docs/media/uploads/2020/05/بيار-داغر-3-333x227.jpg	50893da7edee4fa2e1679e3c135d6c84a3177bf4	25112
docs/media/uploads/2020/05/بيار-داغر-3-347x233.jpg	467719969222bc4fa6be77b10f416a7c7ddb07e5	26277
docs/media/uploads/2020/05/بيار-داغر-3-359x240.jpg	3482afd8df3015e99a62c6cbd89a8f354c173090	27403
docs/media/uploads/2020/05/بيار-داغر-3-364x245.jpg	d6cf64cf68360316228e169b3c0084f7c8d1efc1	28393
docs/media/uploads/2020/05/بيار-داغر-3-367x237.jpg	bc5c3941ba02a70288e47b46d7f40dce0d53ed0c	27578
docs/media/uploads/2020/05/بيار-داغر-3-36x36.jpg	e0322c3556149e6976b0e6f92dbceb5b2e06ce76	1204
docs/media/uploads/2020/05/بيار-داغر-3-546x300.jpg	7388f69fcdc251da56b93cada8c7171b3a8d678d	42555
docs/media/uploads/2020/05/بيار-داغر-3-546x365.jpg	ab0db0557caf0d1df96ea468009c4f578cfdb087	51640
docs/media/uploads/2020/05/بيار-داغر-3-576x392.jpg	9466e21597fd92af5f48c70adafb1bc1a5ff0a31	56060
docs/media/uploads/2020/05/بيار-داغر-3-702x432.jpg	7966c6fdfdee83a1f7df4be4e8b1c25e0da11fea	66752
docs/media/uploads/2020/05/بيار-داغر-3-765x510.jpg	c751d930e88252ce34fbfc7b3b9da9fba6646218	81991
docs/media/uploads/2020/05/بيار-داغر-3-80x54.jpg	254acdef2988c2532254a856e975510ceceb534c	2456
docs/media/uploads/2020/05/بيار-داغر-3-81x55.jpg	b341404b34387238719e87ab1f813e84c748a172	2524
docs/media/uploads/2020/05/بيار-داغر-3-85x57.jpg	50563979ef26edc9e31e211fd3c419a39e891c29	2759
docs/media/uploads/2020/05/بيار-داغر-3.jpg	ae35f76042ba930f6ae92e4a7619b7d7bfe25c08	122821
docs/media/uploads/2020/05/بيار-داغر-4-112x75.jpg	ccde7e30e19675d06a753944efee25b9f17d0a78	4418
docs/media/uploads/2020/05/بيار-داغر-4-130x87.jpg	d2e3eb2b8e7d15253794178dd9c6b45690c38b5a	5601
docs/media/uploads/2020/05/بيار-داغر-4-150x150.jpg	42f18b4e882b9548b451b08cc3fb9322f6147a15	9974
docs/media/uploads/2020/05/بيار-داغر-4-165x109.jpg	fa335beec1f494dad35dc0cd1467badc0f2dc532	8534
docs/media/uploads/2020/05/بيار-داغر-4-170x113.jpg	adfc1ce5a333541c3177043980b4273ca6361d06	9105
docs/media/uploads/2020/05/بيار-داغر-4-179x116.jpg	68bbcf23b8c3c4c772de0024dfc91605e0a295fc	9707
docs/media/uploads/2020/05/بيار-داغر-4-179x120.jpg	4307969a516a8a9e1448eb6e4f0c84b7d736e8f2	9773
docs/media/uploads/2020/05/بيار-داغر-4-200x300.jpg	906d1d50d4a47b30426b0be9452f5f529902df25	22186
docs/media/uploads/2020/05/بيار-داغر-4-266x179.jpg	6200273673b0ebcc9d600e2c83fcf7cfe7abbb63	20742
docs/media/uploads/2020/05/بيار-داغر-4-274x183.jpg	157d0bd871fd9dd4f8e06d7fd91ff63f31187167	21412
docs/media/uploads/2020/05/بيار-داغر-4-333x227.jpg	42b103b2ead7b49b0189cff409bc8e7c35c05e74	30977
docs/media/uploads/2020/05/بيار-داغر-4-347x233.jpg	c4b995512a1bd1909a29be81da1336b7924f960a	32827
docs/media/uploads/2020/05/بيار-داغر-4-359x240.jpg	a0c566c38ee6802c1290817a150ccbce7bf1cb54	34138
docs/media/uploads/2020/05/بيار-داغر-4-364x245.jpg	d6eac0c6f0a0ec625262f92689f371c852cabd8b	35496
docs/media/uploads/2020/05/بيار-داغر-4-367x237.jpg	7507eccc86fb36d5739df70c5a18bfdc4845542b	34563
docs/media/uploads/2020/05/بيار-داغر-4-36x36.jpg	0e3fadae4568f940726763657d0f81ad48e21ced	1296
docs/media/uploads/2020/05/بيار-داغر-4-546x300.jpg	e1cf0723ef909114c8bb15d1e57130025fd5d3c0	55091
docs/media/uploads/2020/05/بيار-داغر-4-546x365.jpg	323a8db6f0f90d946e9be013e1b30d1dd6e135df	65613
docs/media/uploads/2020/05/بيار-داغر-4-576x392.jpg	e14a74549703ceef420ba8333c9a7ff4d44d4fb3	71083
docs/media/uploads/2020/05/بيار-داغر-4-702x432.jpg	842c7fc596484f8aa87be6c69d4aaaa9e3678cb1	85496
docs/media/uploads/2020/05/بيار-داغر-4-765x510.jpg	1554071a161163a2f4b7a422fa7d192938775099	104032
docs/media/uploads/2020/05/بيار-داغر-4-80x54.jpg	26df38ddd568179b7f6557f0c32c9242b7ce038e	2564
docs/media/uploads/2020/05/بيار-داغر-4-81x55.jpg	800a10e50680639ace5e742196b05de68ee7a2e4	2632
docs/media/uploads/2020/05/بيار-داغر-4-85x57.jpg	0b784d6fc3198024251b66f13c05e9bb47683e4f	2909
docs/media/uploads/2020/05/بيار-داغر-4.jpg	930cc4c7e78eb37e7f7cbff32f0979ab719a2833	136788
docs/media/uploads/2020/05/بيار-داغر-5-112x75.jpg	5f896b1490cf95612946e0e03102bb6e9c93cad0	3861
docs/media/uploads/2020/05/بيار-داغر-5-130x87.jpg	016248eb788f114fb9dd3d58d4446f50218ab26d	4675
docs/media/uploads/2020/05/بيار-داغر-5-150x150.jpg	84a6fc277164e0a654f4868a592832f9e1594f49	8120
docs/media/uploads/2020/05/بيار-داغر-5-165x109.jpg	71cdd89fea1b863860fff2082e4b028a50aad7d7	6588
docs/media/uploads/2020/05/بيار-داغر-5-170x113.jpg	52d18a1634d86e2cd54dd2f384bf124b5564ecfe	6989
docs/media/uploads/2020/05/بيار-داغر-5-179x116.jpg	96b98126d363b917bcf0708d008f5731134946c1	7405
docs/media/uploads/2020/05/بيار-داغر-5-179x120.jpg	e130d0d0b587453c81f1484351ea67677bdd98cd	7387
docs/media/uploads/2020/05/بيار-داغر-5-266x179.jpg	32530e13ae3f7d7f1041298cf34f610063999cb5	14096
docs/media/uploads/2020/05/بيار-داغر-5-274x183.jpg	d355e4dd4d0d8398c57322c718d5bdda7097137b	14583
docs/media/uploads/2020/05/بيار-داغر-5-300x200.jpg	627fe5139b2d6ebc1959f9bc87ed0475aa9a7dc7	16531
docs/media/uploads/2020/05/بيار-داغر-5-333x227.jpg	5feb17470606f7fb3ef2c7a169e9f6069900be48	20250
docs/media/uploads/2020/05/بيار-داغر-5-347x233.jpg	f1e8f3b5042438de542e5f2e15b72a945db37d93	21417
docs/media/uploads/2020/05/بيار-داغر-5-359x240.jpg	cfe249d97c163723561ce44f80b762d723ed0efb	22298
docs/media/uploads/2020/05/بيار-داغر-5-364x245.jpg	e357b00da7f8c07eb89e0e820664f8a7ec7ea1b4	22980
docs/media/uploads/2020/05/بيار-داغر-5-367x237.jpg	55cd5af3844da99a4c19cd3aed601cf70b36d2c0	22826
docs/media/uploads/2020/05/بيار-داغر-5-36x36.jpg	e9fda307afdb87d88cece1b48d1b270cfe92e3b8	1314
docs/media/uploads/2020/05/بيار-داغر-5-546x300.jpg	4acc706a6b74e96b6fd318d36e63f28e60a4cc60	38127
docs/media/uploads/2020/05/بيار-داغر-5-546x365.jpg	556b44060edd455d1d63cd91868689ed66928a43	43873
docs/media/uploads/2020/05/بيار-داغر-5-576x392.jpg	1f9494275f92a6e1049a7fe7ff6b0e6329bfa7c9	48114
docs/media/uploads/2020/05/بيار-داغر-5-702x432.jpg	757a0d294e49002a4a3022d082cddeebe4972bc4	59683
docs/media/uploads/2020/05/بيار-داغر-5-765x510.jpg	64ef0593b0e27416ee13c12cb8a6d957dc0bbad6	71535
docs/media/uploads/2020/05/بيار-داغر-5-80x54.jpg	6a8d61d55902b773cbf59305bc3eca5799a92cbf	2439
docs/media/uploads/2020/05/بيار-داغر-5-81x55.jpg	873241f448dda36a0ba61ea2fea97325c4a35fd7	2530
docs/media/uploads/2020/05/بيار-داغر-5-85x57.jpg	021719ab74756fdd6849d65d29c3ce6cce3156e0	2714
docs/media/uploads/2020/05/بيار-داغر-5.jpg	ae860e2ff6f2f1278e2dbe33daaad5b4d997b58d	96950
docs/media/uploads/2020/05/بيار-داغر-6-112x75.jpg	97c26e588e9fd175dc4899fbd19a9d007f9386a4	3685
docs/media/uploads/2020/05/بيار-داغر-6-130x87.jpg	317d89391dee3fa022bb771ce7b82b1f73414699	4557
docs/media/uploads/2020/05/بيار-داغر-6-150x150.jpg	de29d9b57e83b5f5edb4407bc67477830aade614	7187
docs/media/uploads/2020/05/بيار-داغر-6-165x109.jpg	24eb197d976bad14aafc7d19529ce258935e0f90	6421
docs/media/uploads/2020/05/بيار-داغر-6-170x113.jpg	662ac4e51866cecccca1b1caf969f3866a92ec9c	6851
docs/media/uploads/2020/05/بيار-داغر-6-179x116.jpg	12c8e84317ba28913388477841db76bb3d22ff6b	7229
docs/media/uploads/2020/05/بيار-داغر-6-179x120.jpg	496babf6904f9b5bbd69c13c3089e84a26df3e8d	7274
docs/media/uploads/2020/05/بيار-داغر-6-266x179.jpg	9cf664af5b84b961ffec244454fe5cb56014f613	13824
docs/media/uploads/2020/05/بيار-داغر-6-274x183.jpg	d7bf5c0d92535ac810ec362e954d0418b6c2c232	14286
docs/media/uploads/2020/05/بيار-داغر-6-300x200.jpg	f84f4957b5288faac196756f8f1e6a85f1031ebf	16253
