path	git_blob_sha	size_bytes
docs/media/uploads/2020/06/سيرينا-4-150x150.jpg	9aa17a4f9d9419aa40260483aeae2e0031b33281	9219
docs/media/uploads/2020/06/سيرينا-4-165x109.jpg	1d1757370d83e4131b091cb8450458462bc28a37	7724
docs/media/uploads/2020/06/سيرينا-4-170x113.jpg	aee33cb107a81793d1a13b16f5b1681cd82cf738	40460
docs/media/uploads/2020/06/سيرينا-4-179x116.jpg	560e757c2deed440a95f0fb8b15be0c303dc1ca0	8901
docs/media/uploads/2020/06/سيرينا-4-179x120.jpg	71a8d9c679d5c3f56b555554c553e50cea0dfb49	8914
docs/media/uploads/2020/06/سيرينا-4-266x179.jpg	04f479e024ce1f5df98c0b3119e216b09cef0f75	19142
docs/media/uploads/2020/06/سيرينا-4-274x183.jpg	573f67e2632602b04eec9c078d49090b2f71054f	19863
docs/media/uploads/2020/06/سيرينا-4-300x200.jpg	4f386c081c5e4f720b9167905cfde627995afb34	22955
docs/media/uploads/2020/06/سيرينا-4-333x227.jpg	db37eb07462d5f415a12a9b1a4e03d112c6d6159	62442
docs/media/uploads/2020/06/سيرينا-4-347x233.jpg	777c7e1508400e77b990eeca779b8e72970e9466	31274
docs/media/uploads/2020/06/سيرينا-4-359x240.jpg	3514ba58f19cd756d9fb754c4517323663f39522	32544
docs/media/uploads/2020/06/سيرينا-4-364x245.jpg	8dedafb8dd0eb389e30595de46770cca69548ead	34014
docs/media/uploads/2020/06/سيرينا-4-367x237.jpg	2150ffbe13da5b361c73257a6f97a544f141139e	33036
docs/media/uploads/2020/06/سيرينا-4-36x36.jpg	d826d987d5abcd6d54d14a06cd4535f99dbdbf3e	1213
docs/media/uploads/2020/06/سيرينا-4-546x300.jpg	6bbc7bf9f916437b50f4d0fea1a23a0a23315af4	57568
docs/media/uploads/2020/06/سيرينا-4-546x365.jpg	0776e032331951f0d81bc8cc674153773a893fb1	68978
docs/media/uploads/2020/06/سيرينا-4-576x392.jpg	d9a255df296a584e5addb881406d55654e3250e6	75880
docs/media/uploads/2020/06/سيرينا-4-702x432.jpg	01c0d1cdeb9821bc1543ecd0a9ceca3d3a28cb07	128825
docs/media/uploads/2020/06/سيرينا-4-765x510.jpg	46468feee3920bcd610ed90f923a7920f50f5a19	151386
docs/media/uploads/2020/06/سيرينا-4-80x54.jpg	e0e3cf30ffd4caba6782e510f52ab19d13e5b74e	2341
docs/media/uploads/2020/06/سيرينا-4-81x55.jpg	b8de17511311cbc6952edbdea02d4ed0e7d7fd9f	34351
docs/media/uploads/2020/06/سيرينا-4-85x57.jpg	62a75384c9db3fbd86c7462deb3d70bec4b1b463	2675
docs/media/uploads/2020/06/سيرينا-4.jpg	2162b7184d86f49c56b53c1322540124d7254b01	141633
docs/media/uploads/2020/06/سيرينا-55-112x75.jpg	311feb4ffda9a011b4a57949bd68242b755f57ea	3646
docs/media/uploads/2020/06/سيرينا-55-130x87.jpg	2ef2c7bf191e0efc6a4c30197d3c8797123a3629	4625
docs/media/uploads/2020/06/سيرينا-55-150x150.jpg	395563e5e0a7212f1c7d63fd8333a4c0d81f42ca	7816
docs/media/uploads/2020/06/سيرينا-55-165x109.jpg	e227790984fe062032477c966747628fa7215fdd	6766
docs/media/uploads/2020/06/سيرينا-55-170x113.jpg	331424311abed6b890bfdfe5686c1816ec208a51	7314
docs/media/uploads/2020/06/سيرينا-55-179x116.jpg	57947b5e82bc7b5afd84a89f8757d611a4c22d26	7790
docs/media/uploads/2020/06/سيرينا-55-179x120.jpg	5c6f111acf1fe1531ea594b2291cc48f8de08492	7778
docs/media/uploads/2020/06/سيرينا-55-266x179.jpg	078a008735759916230f5405554861204396411f	16408
docs/media/uploads/2020/06/سيرينا-55-274x183.jpg	6b339a830bbf38414438ae546dd991bc2b601607	16982
docs/media/uploads/2020/06/سيرينا-55-300x200.jpg	880853b0dd6e5ca87e8847f1bec50c43c01be287	19501
docs/media/uploads/2020/06/سيرينا-55-333x227.jpg	f635de90053694da24d65e05ae05c71a66b2bdd4	24779
docs/media/uploads/2020/06/سيرينا-55-347x233.jpg	de8c5566630db7c39a9a80f9cc34f33afb251471	26560
docs/media/uploads/2020/06/سيرينا-55-359x240.jpg	b6ccfd5e081d7c0531c1da9be9555ce14add3427	27651
docs/media/uploads/2020/06/سيرينا-55-364x245.jpg	ea6908509107eb68fc6425b2e2a9028537c24288	28881
docs/media/uploads/2020/06/سيرينا-55-367x237.jpg	438c2721488745d9b3f9a906491fe53a3d475ed8	28322
docs/media/uploads/2020/06/سيرينا-55-36x36.jpg	e55353bfafe5bfcc63590dafcb5c9ace9988c44a	1192
docs/media/uploads/2020/06/سيرينا-55-546x300.jpg	88eb5a3d73e6c6581b7e4f50ed40b39732996d02	51257
docs/media/uploads/2020/06/سيرينا-55-546x365.jpg	1256eb6111c1a297ae2ae93dbb99f0a163d1760f	59794
docs/media/uploads/2020/06/سيرينا-55-576x392.jpg	2bb2a6771a349c233afcec3765a145cdc2e9e53e	65973
docs/media/uploads/2020/06/سيرينا-55-702x432.jpg	5ecb2eeef0d904a8c99553e1e381393b63aef340	83415
docs/media/uploads/2020/06/سيرينا-55-765x510.jpg	2ee707d41451e94459cffeecb98e6be5295fec62	101904
docs/media/uploads/2020/06/سيرينا-55-80x54.jpg	56d2a4b63baa51f55a0614fe5126eeec01fa42de	2222
docs/media/uploads/2020/06/سيرينا-55-81x55.jpg	68ea2966171f22d12405b789451feb38c81648b9	2321
docs/media/uploads/2020/06/سيرينا-55-85x57.jpg	4968e82abc7127495a0d9aa36f0104979f5ecefe	2515
docs/media/uploads/2020/06/سيرينا-55.jpg	169e518d1dd2bf5ac8244276c14c483d9b7b64ff	133931
docs/media/uploads/2020/06/سيرينا-6-112x75.jpg	e5584a02c07e84751da0839d73a3480f9024ea92	3919
docs/media/uploads/2020/06/سيرينا-6-130x87.jpg	23e350610a2e58bc8c016368849c9a69dd8e83af	4922
docs/media/uploads/2020/06/سيرينا-6-150x150.jpg	9dad0c18bf9534a434a5d895ac953f5f4687d261	9155
docs/media/uploads/2020/06/سيرينا-6-165x109.jpg	e48dcf92afc9e0d3ddb293564de4cf40d3dab1ff	7401
docs/media/uploads/2020/06/سيرينا-6-170x113.jpg	a3ec29f5604cc89b3fc9b557f8e1610d3fbbd795	7948
docs/media/uploads/2020/06/سيرينا-6-179x116.jpg	73e5528b5653a55c0ef6b07a4a58acb5e75f6a19	8526
docs/media/uploads/2020/06/سيرينا-6-179x120.jpg	c90e97573fdf17d3f0411db4c1aa1154aed087e9	8510
docs/media/uploads/2020/06/سيرينا-6-266x179.jpg	50e16649eda64dcd042a90003536ae9a01ed2ce9	18040
docs/media/uploads/2020/06/سيرينا-6-274x183.jpg	06ad27f5f39848e5f2cd867657faf0f4130be212	18626
docs/media/uploads/2020/06/سيرينا-6-300x200.jpg	06bf37f2b2ae803ee7b51b0a6fcb5a4bebdec2f5	21465
docs/media/uploads/2020/06/سيرينا-6-333x227.jpg	b78655b495ad7b0fa74e732ad6c263c2ffc549bd	27256
docs/media/uploads/2020/06/سيرينا-6-347x233.jpg	687feccbf7b62eeae494561fe3990c5e1c829cfb	29076
docs/media/uploads/2020/06/سيرينا-6-359x240.jpg	0884add26a6bc48cd2e38ba56894e6e403006c5a	30247
docs/media/uploads/2020/06/سيرينا-6-364x245.jpg	51115f7f535e4b652ae4c939e281d2da6195529b	31632
docs/media/uploads/2020/06/سيرينا-6-367x237.jpg	ffe224398e810f7bc267db9ad75a8c366e0c2796	30864
docs/media/uploads/2020/06/سيرينا-6-36x36.jpg	eda6e440ffa5298510ddc8129da4a11981417562	1215
docs/media/uploads/2020/06/سيرينا-6-546x300.jpg	45a7ddd5f73dacc88076bac243aabf2a9c23da75	52450
docs/media/uploads/2020/06/سيرينا-6-546x365.jpg	d96b030156754f0551f15584bc62419f8a538ff3	63259
docs/media/uploads/2020/06/سيرينا-6-576x392.jpg	bb7237f2a050d06338828f3c19cea93031f7eada	69442
docs/media/uploads/2020/06/سيرينا-6-702x432.jpg	e101bc216474aef0c2258eca3a25da36379134cd	84997
docs/media/uploads/2020/06/سيرينا-6-765x510.jpg	1c77b13795bfa3769b84081aab498cb82916d2a5	104033
docs/media/uploads/2020/06/سيرينا-6-80x54.jpg	eaa8afd7af38559c96d7ef527ff119669ffeec13	2297
docs/media/uploads/2020/06/سيرينا-6-81x55.jpg	63a0cbef2842b2053020715c94f8427c43660f74	2418
docs/media/uploads/2020/06/سيرينا-6-85x57.jpg	8175458b189cb73564687acf2e947d9dc63030bc	2612
docs/media/uploads/2020/06/سيرينا-6.jpg	6122da89a5c4e29c5bbeb0c3519fd25abf9c3995	133199
docs/media/uploads/2020/06/شرشور-الكرز-1-112x75.jpg	2367f29fc4f5e57b867b7375747260dbc038f02e	3777
docs/media/uploads/2020/06/شرشور-الكرز-1-130x87.jpg	3ec36ef4ddd19952b3541d46e197216909eb3436	4666
docs/media/uploads/2020/06/شرشور-الكرز-1-150x150.jpg	64cf15d395b77874c7b19ec1b44325e5c8bc8a35	7769
docs/media/uploads/2020/06/شرشور-الكرز-1-165x109.jpg	fd698a7d888cbb507aad9a11d413ce96a399ca5a	6581
docs/media/uploads/2020/06/شرشور-الكرز-1-170x113.jpg	f54f9277acee79fe3ce20ab3c6bff03f6cbb1e9a	6983
docs/media/uploads/2020/06/شرشور-الكرز-1-179x116.jpg	e5aa5c52814e563e4f4bc58556607f7a2e067c80	7571
docs/media/uploads/2020/06/شرشور-الكرز-1-179x120.jpg	d3bb83f73be8a6d2d00d5db788ca06c4add712b8	7474
docs/media/uploads/2020/06/شرشور-الكرز-1-266x179.jpg	ece654e53e99cef5a90e9f7c6785e85d3a1309ea	14661
docs/media/uploads/2020/06/شرشور-الكرز-1-274x183.jpg	d04a586cb041663865d7db299707f1380eb7a256	15019
docs/media/uploads/2020/06/شرشور-الكرز-1-300x200.jpg	82963608ec201a182cb235a784c6e02c17b52b9c	17168
docs/media/uploads/2020/06/شرشور-الكرز-1-333x227.jpg	f0962ce5dcc736b8d12f72e1f6f73f741005c422	20881
docs/media/uploads/2020/06/شرشور-الكرز-1-347x233.jpg	bc41bf69f2eab10830e93c19740bd317e292eaf5	22255
docs/media/uploads/2020/06/شرشور-الكرز-1-359x240.jpg	171aabd61e60926ea6f921de8a1b9c205c30a35d	23059
docs/media/uploads/2020/06/شرشور-الكرز-1-364x245.jpg	4729b0754b1ffe8910fbf9412fc98cb2fad459e4	23912
docs/media/uploads/2020/06/شرشور-الكرز-1-367x237.jpg	40f1bcd84ae9148d57b56c81e1a0c22fe456f97a	23523
docs/media/uploads/2020/06/شرشور-الكرز-1-36x36.jpg	f107a6733dfd15fe9ed814cf06b0accc7d422b5a	1263
docs/media/uploads/2020/06/شرشور-الكرز-1-546x300.jpg	12b1ba06cf76605bdd37b3dd06d5fae4bb93014c	39515
docs/media/uploads/2020/06/شرشور-الكرز-1-546x365.jpg	47990a1c5f5d14fc33907c7520464572f9a9c218	44788
docs/media/uploads/2020/06/شرشور-الكرز-1-576x392.jpg	8f6cce65b5ab01ba69bd8b8409f5b7c84af2ab91	48728
docs/media/uploads/2020/06/شرشور-الكرز-1-702x432.jpg	3457a8bb046da1700318a57436d18ffa90964ec4	61392
docs/media/uploads/2020/06/شرشور-الكرز-1-765x510.jpg	bbf65c72be24cc93d577048ee65c919dad39abf3	72996
docs/media/uploads/2020/06/شرشور-الكرز-1-80x54.jpg	1446d5bac827d39dca7915c13dcf6576b45e953d	2349
docs/media/uploads/2020/06/شرشور-الكرز-1-81x55.jpg	296143ec29b731724626ba71362a8d4a4fd25361	2475
docs/media/uploads/2020/06/شرشور-الكرز-1-85x57.jpg	9b76d18ec9e9cb6d4e15f6c8813a9677c3e1c0eb	2645
docs/media/uploads/2020/06/شرشور-الكرز-1.jpg	f0f4cfc9dfccc8194e50f73a8fb92a91652d3811	96012
docs/media/uploads/2020/06/شرشور-الكرز-2-112x75.jpg	c5807b9d6d36e9e1977534aa5b6ca9bb2acca597	3355
docs/media/uploads/2020/06/شرشور-الكرز-2-130x87.jpg	dbe2dc2332b5033234dea2d630d9f92099a7486a	4129
docs/media/uploads/2020/06/شرشور-الكرز-2-150x150.jpg	245408b26d098109501bd1b3e44c95429a891a61	6663
docs/media/uploads/2020/06/شرشور-الكرز-2-165x109.jpg	f352337f797d635de40db2d899f08e08dd3c0543	5859
docs/media/uploads/2020/06/شرشور-الكرز-2-170x113.jpg	57cb1e04eadaa5cea341eac2f929dcabbe6c063e	6186
docs/media/uploads/2020/06/شرشور-الكرز-2-179x116.jpg	45c6dc6118df26c1af3473710abf7729d7f10e88	6610
docs/media/uploads/2020/06/شرشور-الكرز-2-179x120.jpg	217f560d0928040326f296a4a8203b9e6818e8bb	6533
docs/media/uploads/2020/06/شرشور-الكرز-2-266x179.jpg	67f683069f9b470ae7b7756766547a0a37af1aff	12821
docs/media/uploads/2020/06/شرشور-الكرز-2-274x183.jpg	bb6b110575ef91f6faaa5255fe0ab20dc24dc0ed	13211
docs/media/uploads/2020/06/شرشور-الكرز-2-300x200.jpg	6d81e5df9ce053d35695ab15616f88cd07c4bd18	15095
docs/media/uploads/2020/06/شرشور-الكرز-2-333x227.jpg	eff9318c57a3e0e9153b6939fccbacd79a052f88	18243
docs/media/uploads/2020/06/شرشور-الكرز-2-347x233.jpg	254e21b8a72ccb0d307c4dc2fd7fd8fec3053f17	19418
docs/media/uploads/2020/06/شرشور-الكرز-2-359x240.jpg	489ca58ffa6a00e7725e7e861a2714f3823816e3	20235
docs/media/uploads/2020/06/شرشور-الكرز-2-364x245.jpg	4d92030c3fef5acd97976402b53fae46406c70dc	21077
docs/media/uploads/2020/06/شرشور-الكرز-2-367x237.jpg	f0ed76bc2823990a35e7a1d07021c348bae74667	20794
docs/media/uploads/2020/06/شرشور-الكرز-2-36x36.jpg	88dafb7a7b2c52578a04dc901f0347e90cbc028f	1178
docs/media/uploads/2020/06/شرشور-الكرز-2-546x300.jpg	b8fab5b77e1a465cf5f60968bc5770844f774306	35087
docs/media/uploads/2020/06/شرشور-الكرز-2-546x365.jpg	f2e129cdadfc53dd1e5f9de76a07c047a096ace5	40045
docs/media/uploads/2020/06/شرشور-الكرز-2-576x392.jpg	727c3f984524613519b793db731463ab530b250a	43048
docs/media/uploads/2020/06/شرشور-الكرز-2-702x432.jpg	f631970172505507a966a76752dca231c3c42894	54778
docs/media/uploads/2020/06/شرشور-الكرز-2-765x510.jpg	ed62307fedc9f05ee3fe6e2bdabe885c59f20b78	65368
docs/media/uploads/2020/06/شرشور-الكرز-2-80x54.jpg	6d694d1989b0e9cc8f47280104728eb350df368e	2127
docs/media/uploads/2020/06/شرشور-الكرز-2-81x55.jpg	dacc89b56c6263519df09a7ce19a8868217e8a24	2206
docs/media/uploads/2020/06/شرشور-الكرز-2-85x57.jpg	eb8ec8cbe4f4ae57fbcd6be915f43c80e7467c47	2348
docs/media/uploads/2020/06/شرشور-الكرز-2.jpg	d41748c511f6f11895fdc057dd62fb5e230397dd	88410
docs/media/uploads/2020/06/شرشور-الكرز-3-112x75.jpg	85c3ce0a083b5fde3a2ec696b44faaa0a7e68ef5	3178
docs/media/uploads/2020/06/شرشور-الكرز-3-130x87.jpg	822f1fb05a0b7d56a9fb0de9bbd451588e796a60	3944
docs/media/uploads/2020/06/شرشور-الكرز-3-150x150.jpg	03dfaba495de78ceec5c56d83b1adb198239175c	6140
docs/media/uploads/2020/06/شرشور-الكرز-3-165x109.jpg	4730471c3ab6ba38dc2a51fd762c50ffcbdcac68	5493
docs/media/uploads/2020/06/شرشور-الكرز-3-170x113.jpg	222e70f0bf4b38a6fca0fa2888c643d94709a5c7	5884
docs/media/uploads/2020/06/شرشور-الكرز-3-179x116.jpg	dfc16984565ec2fd9c38a15a5a391dac90007933	6285
docs/media/uploads/2020/06/شرشور-الكرز-3-179x120.jpg	a961daa268b6cf5cdc78e60294cece049e75087a	6228
docs/media/uploads/2020/06/شرشور-الكرز-3-266x179.jpg	708423689ff16939380e8549f66f3285221a8027	12112
docs/media/uploads/2020/06/شرشور-الكرز-3-274x183.jpg	3aee0862ee3bf0b87cbd5297c1149740b632175b	12597
docs/media/uploads/2020/06/شرشور-الكرز-3-300x200.jpg	4dbec4a301da7551b0fa191ef6d90dfd3c3adb95	14250
docs/media/uploads/2020/06/شرشور-الكرز-3-333x227.jpg	ec1c7954d40f45de72c95a24241d2ff198fe65f1	17214
docs/media/uploads/2020/06/شرشور-الكرز-3-347x233.jpg	de499a1f9b1e7af663778698bed75d3036c38289	18532
docs/media/uploads/2020/06/شرشور-الكرز-3-359x240.jpg	b22be4e43ce288f9935e1129428839c48b6ae0a3	19100
docs/media/uploads/2020/06/شرشور-الكرز-3-364x245.jpg	de4c2d32c4c028bbdb9177f739e503e54d4f97a2	19855
docs/media/uploads/2020/06/شرشور-الكرز-3-367x237.jpg	f3708487d785f4dcd37f0b6c0305f7b294dae527	19558
docs/media/uploads/2020/06/شرشور-الكرز-3-36x36.jpg	55920a630d83ee2c7f54317e09b6945c3eb3fb30	1149
docs/media/uploads/2020/06/شرشور-الكرز-3-546x300.jpg	98a2bed4537f60b7944e13595b94639ab2130a66	31136
docs/media/uploads/2020/06/شرشور-الكرز-3-546x365.jpg	41476c76778e35ca69b57ef602c38f98f2b578a8	37189
docs/media/uploads/2020/06/شرشور-الكرز-3-576x392.jpg	eb614296e17f8191b279406e2f47e0fcd9e5a38b	40028
docs/media/uploads/2020/06/شرشور-الكرز-3-702x432.jpg	6ed77b4fb48eb5c489d4bd2ba7445b07105f0fa8	49896
docs/media/uploads/2020/06/شرشور-الكرز-3-765x510.jpg	889d437259bef3f99dc1df86854695b109f6b35c	60402
docs/media/uploads/2020/06/شرشور-الكرز-3-80x54.jpg	01a663a3e5f8434ddb3da5b25e555d9d138fc69f	2036
docs/media/uploads/2020/06/شرشور-الكرز-3-81x55.jpg	d833af181df67c9edc5932d60f35d83db8841f33	2097
docs/media/uploads/2020/06/شرشور-الكرز-3-85x57.jpg	5b93e2de667f570d0d82a1950d0939513396b53e	2259
docs/media/uploads/2020/06/شرشور-الكرز-3.jpg	4e1422b4b7fc2f6c087c707c37b72ae8f0f53f98	82431
docs/media/uploads/2020/06/شرشور-الكرز-4-112x75.jpg	5cefcf6a6e70eea0825538929f2cb0cf2bee6163	3045
docs/media/uploads/2020/06/شرشور-الكرز-4-130x87.jpg	0279b43cd3a8c4547dd345af3d71a4b934e5b15f	3670
docs/media/uploads/2020/06/شرشور-الكرز-4-150x150.jpg	6cfc8adc6605eef70951c93bf7eb55f39dc8e5d7	5556
docs/media/uploads/2020/06/شرشور-الكرز-4-165x109.jpg	8cd0363fcbccec8e7afefd90b9fe4550920757ce	5011
docs/media/uploads/2020/06/شرشور-الكرز-4-170x113.jpg	7a065d9459058716e33a4c2d5bdbf2ec3136de00	5379
docs/media/uploads/2020/06/شرشور-الكرز-4-179x116.jpg	a560e0d1835654c8040c87799df64bfa96483df2	5608
docs/media/uploads/2020/06/شرشور-الكرز-4-179x120.jpg	468ea30e8320c6c50f2a6f48196723325a3511d9	5580
docs/media/uploads/2020/06/شرشور-الكرز-4-266x179.jpg	a8f76693563967035b79026c76a44e07583097dc	10545
docs/media/uploads/2020/06/شرشور-الكرز-4-274x183.jpg	60fb9ccb265f079a8f9effc98d12558590884f22	10885
docs/media/uploads/2020/06/شرشور-الكرز-4-300x200.jpg	9c8599c828c73a043e4abcfd2549231e63a2c468	12341
docs/media/uploads/2020/06/شرشور-الكرز-4-333x227.jpg	2166776450d75bfb36b2196eeccfccef177a7a15	14755
docs/media/uploads/2020/06/شرشور-الكرز-4-347x233.jpg	f16836a7108407b5729eacde20e5a9990f5f2f1b	15882
docs/media/uploads/2020/06/شرشور-الكرز-4-359x240.jpg	18b6000ae191ca6c1c1a04822f6e4a00a51f2027	16403
docs/media/uploads/2020/06/شرشور-الكرز-4-364x245.jpg	4919e58eaf1a10d5abb150e68de4e9495d59cb00	16893
docs/media/uploads/2020/06/شرشور-الكرز-4-367x237.jpg	1f2b86a86ed64cbeb078d40cea7e72d712c433e8	16722
docs/media/uploads/2020/06/شرشور-الكرز-4-36x36.jpg	65ea98897cde49936790945890b750a12f2da196	1127
docs/media/uploads/2020/06/شرشور-الكرز-4-546x300.jpg	61b60ad2f063560fadabb3bcf98f7ed9ef31bad8	27481
docs/media/uploads/2020/06/شرشور-الكرز-4-546x365.jpg	8991b51f2f2054a546985eafb2d3a6c8ff0b5ba6	31414
docs/media/uploads/2020/06/شرشور-الكرز-4-576x392.jpg	3a3a09ad2caf4d410218015a9ad5b29eac4a2401	33861
docs/media/uploads/2020/06/شرشور-الكرز-4-702x432.jpg	c884f1cd73aaa91835708867969bd9eb28bea870	42767
docs/media/uploads/2020/06/شرشور-الكرز-4-765x510.jpg	040502d22a657f41863902a09f4159b4a890961d	51206
docs/media/uploads/2020/06/شرشور-الكرز-4-80x54.jpg	ac2bb2f9b265c60731e47486d2dd058d54c3b8f6	1994
docs/media/uploads/2020/06/شرشور-الكرز-4-81x55.jpg	3e37acb36e6c278ff4a6963e90b957bef2b45ecb	2062
docs/media/uploads/2020/06/شرشور-الكرز-4-85x57.jpg	89e547ce1a984ddfdd0d70766161b944794eb10a	2221
docs/media/uploads/2020/06/شرشور-الكرز-4.jpg	f670d7dacdee722e72efd566e8e2299a8c6144c4	72854
docs/media/uploads/2020/06/طبسون-1-112x75.jpg	98e6b658bf668e02cbc4cc0f35c0579982948c66	3412
docs/media/uploads/2020/06/طبسون-1-130x87.jpg	84097c8a103144006fc0fb463c302b6650631c6c	4199
docs/media/uploads/2020/06/طبسون-1-150x150.jpg	bf5c9300648660c77e68115f9e47c5c7bfccc0ec	6452
docs/media/uploads/2020/06/طبسون-1-165x109.jpg	406c8be7cfeea1a4ff5a026c97d1184e8106e8ba	5929
docs/media/uploads/2020/06/طبسون-1-170x113.jpg	fd1e59e1e9d6064c9d1fcf31c4318d0c6e53147a	6387
docs/media/uploads/2020/06/طبسون-1-179x116.jpg	2ae03f0f47048f15640cba1b62f429851e575a82	6795
docs/media/uploads/2020/06/طبسون-1-179x120.jpg	55fb336806b56ef79d44a842dd4343c0d1e82c24	6800
docs/media/uploads/2020/06/طبسون-1-266x179.jpg	812a4b1c7ca54a41e0ac8aba4187e46ec17d9e7e	13368
docs/media/uploads/2020/06/طبسون-1-274x183.jpg	5a97bd1e72e26b29551ed6b7431f7b54b3d3ecb8	13690
docs/media/uploads/2020/06/طبسون-1-300x200.jpg	608aab0e606546b4aa4b00e08939f5eeecdbb99f	15702
docs/media/uploads/2020/06/طبسون-1-333x227.jpg	ce51ab71001c85639e5bf909748686fa4c33708c	19126
docs/media/uploads/2020/06/طبسون-1-347x233.jpg	1a8999f189372e3f5c7e164fdefc667aa18082b6	20524
docs/media/uploads/2020/06/طبسون-1-359x240.jpg	7cb571c599518a205fe85c81fbd211f445a05036	21239
docs/media/uploads/2020/06/طبسون-1-364x245.jpg	cc45402a4a55fd1a8d72152db9290ce6b73c352b	22102
docs/media/uploads/2020/06/طبسون-1-367x237.jpg	c0480745f48dc5ffbcc9536087d833a34e895065	21681
docs/media/uploads/2020/06/طبسون-1-36x36.jpg	83552333c1be7483e55f46f961729f5c2467a256	1149
docs/media/uploads/2020/06/طبسون-1-546x300.jpg	1f8d0a4f555a328c7acb0008d491c4e6b5c9e5f6	36036
docs/media/uploads/2020/06/طبسون-1-546x365.jpg	22b2e1409615871c2c492393f2aff8b1b20957f8	42855
docs/media/uploads/2020/06/طبسون-1-576x392.jpg	0ac8c74a2f0e3a2ad94ec27d4785cc15b837e6e8	46693
docs/media/uploads/2020/06/طبسون-1-702x432.jpg	f141a161391ab049d0ed3f800d53f4ad5cea89ea	57966
docs/media/uploads/2020/06/طبسون-1-765x510.jpg	0ee4642b7be5dde58dd9be6e11d22fd36b706bb1	71049
docs/media/uploads/2020/06/طبسون-1-80x54.jpg	4680828edae0604be623e66b241bf0664fa28360	2093
docs/media/uploads/2020/06/طبسون-1-81x55.jpg	6c044ee8e5a86bf9d7defd42793e4d606b6d83fa	2202
docs/media/uploads/2020/06/طبسون-1-85x57.jpg	258f1926072a54d1d61cd31f6de697fd1141cf75	2358
docs/media/uploads/2020/06/طبسون-1.jpg	d5161bb4a4c0d6a50df75c55ffaab409d81b1965	96221
docs/media/uploads/2020/06/طبسون-2-112x75.jpg	feaa4d34f0ed7fcc3a3089a75fd9bbc12d206626	3352
docs/media/uploads/2020/06/طبسون-2-130x87.jpg	d82a3fb8b81aac33821c64cd71176968475247c9	4178
docs/media/uploads/2020/06/طبسون-2-150x150.jpg	eefdfa05af7525c8e4c2a7ee854b22f575f6677c	6620
docs/media/uploads/2020/06/طبسون-2-165x109.jpg	e853210b324752d31e0ef61d387e67dd8bfd4ea5	5894
docs/media/uploads/2020/06/طبسون-2-170x113.jpg	573f0ba7d2b95d2dc944b064e4081064b484b9e7	6367
docs/media/uploads/2020/06/طبسون-2-179x116.jpg	a5839b4b50b19e093bf41d11fa4e09a45d2a1275	6695
docs/media/uploads/2020/06/طبسون-2-179x120.jpg	b15dbe45f913dd73fec993240a447c328d0ecefb	6769
docs/media/uploads/2020/06/طبسون-2-266x179.jpg	074f0a7ae78a8e6438974f3a384749bf4ac5a1cd	13323
docs/media/uploads/2020/06/طبسون-2-274x183.jpg	1179549a5c90c9397b46f32d8cca85478a4c7773	13786
docs/media/uploads/2020/06/طبسون-2-300x200.jpg	5803afdf4dbf75323416dac3bb87498ac72b8b13	15784
docs/media/uploads/2020/06/طبسون-2-333x227.jpg	741633737aae339ae49e4ce82a017814d23ee638	19262
docs/media/uploads/2020/06/طبسون-2-347x233.jpg	d895549dff7c62cc6d65e827f923f08add2af245	20717
docs/media/uploads/2020/06/طبسون-2-359x240.jpg	e86f72aec7b1e040c3f7f8cfc9f21c3ad4cc007f	21354
docs/media/uploads/2020/06/طبسون-2-364x245.jpg	cfcc43edd3f3c6d5184f2690f999d96ec1f7baf8	22238
docs/media/uploads/2020/06/طبسون-2-367x237.jpg	912e412b64eb46747b21a674c252f53ab9dca731	21898
docs/media/uploads/2020/06/طبسون-2-36x36.jpg	b8fa10d692ae1f7bb6271f77070153340deb7f55	1135
docs/media/uploads/2020/06/طبسون-2-546x300.jpg	cd362ff840a17f4f41e5c0e8325e4c81d27eab12	36322
docs/media/uploads/2020/06/طبسون-2-546x365.jpg	6ed4601d708ac775a6b54f31945e6b3682aa8086	43092
docs/media/uploads/2020/06/طبسون-2-576x392.jpg	3afd41b4aa46141feb3d8a083d410fad60d689cb	46785
docs/media/uploads/2020/06/طبسون-2-702x432.jpg	a6b9f40d9a452ff5f6352a19465c52b689eb3f56	58210
docs/media/uploads/2020/06/طبسون-2-765x510.jpg	80942c63017e5c1b4ed8421cd8a2ec50a3b8a525	71255
docs/media/uploads/2020/06/طبسون-2-80x54.jpg	941c0e6aece52a0678e3f2fbf717d7d0710b65bb	2039
docs/media/uploads/2020/06/طبسون-2-81x55.jpg	eeaef6c556c84e75be68bdbc0ed1b6109df5cc68	2183
docs/media/uploads/2020/06/طبسون-2-85x57.jpg	0740c7b13213d9601479a8e99ddf8b83a946ea2c	2364
docs/media/uploads/2020/06/طبسون-2.jpg	c4ca807c27d8b643c2a2dc315233d5aa25cea951	95472
docs/media/uploads/2020/06/طبسون-3-112x75.jpg	ac26e076834a16920c6f338e3a219adfa2d83017	2884
docs/media/uploads/2020/06/طبسون-3-130x87.jpg	98fc4caebdc6509259d4d8ef89619555896cf885	3465
docs/media/uploads/2020/06/طبسون-3-150x150.jpg	f74e0654c463d62abf0fde995426c190756b8dcf	5503
docs/media/uploads/2020/06/طبسون-3-165x109.jpg	3299966abc1745d749548d1c133a8e734be472a9	4802
docs/media/uploads/2020/06/طبسون-3-170x113.jpg	a40e61cd7fbe1e4faa754408a590a0370898cec7	5180
docs/media/uploads/2020/06/طبسون-3-179x116.jpg	f58619ede5ea7f2fe0af97d426f75172f1c8a743	5482
docs/media/uploads/2020/06/طبسون-3-179x120.jpg	673360125887e96c2233f0b5cb86643b33b45891	5452
docs/media/uploads/2020/06/طبسون-3-266x179.jpg	a00f7e18c8fca971a679fee7a853dd4861efdb6a	10755
docs/media/uploads/2020/06/طبسون-3-274x183.jpg	3679a539660cf715ed4b5769c4950b45447c0d0e	10976
docs/media/uploads/2020/06/طبسون-3-300x200.jpg	13ddfc88a24bf21779b7c3ad6daa05890e86efab	12651
docs/media/uploads/2020/06/طبسون-3-333x227.jpg	b11bd712ec4c8ca87523c680118b72ce2755b784	15435
docs/media/uploads/2020/06/طبسون-3-347x233.jpg	c0cd946735f1ff401a5cc6fb6dff66bef516ddd1	16564
docs/media/uploads/2020/06/طبسون-3-359x240.jpg	84e0001b14619885fe2f704c6cb165b5efbc3c1e	17149
docs/media/uploads/2020/06/طبسون-3-364x245.jpg	fc2ab0bcc6b29d7012e8ae512d10d6683bab9383	17829
docs/media/uploads/2020/06/طبسون-3-367x237.jpg	0f5d8076f6e13db4fa9bca0a6b3dace41629da96	17590
docs/media/uploads/2020/06/طبسون-3-36x36.jpg	a039f3151928827332fb79a937bd2e562c3b1911	1054
docs/media/uploads/2020/06/طبسون-3-546x300.jpg	f8870591a960f7938abcaa2a945990b89fa01b32	29436
docs/media/uploads/2020/06/طبسون-3-546x365.jpg	0a69f58e81de30e52cbcafb5bce670124d088998	34950
docs/media/uploads/2020/06/طبسون-3-576x392.jpg	8463b34c7ef445f15ff51c8fe5110b4e9d63bc19	37878
docs/media/uploads/2020/06/طبسون-3-702x432.jpg	95fd27b7b9f53e5a8c92101af90c6734812999cc	47275
docs/media/uploads/2020/06/طبسون-3-765x510.jpg	7d54bf441124e17b9a34bf816d0ddb3db4f4defe	57812
docs/media/uploads/2020/06/طبسون-3-80x54.jpg	ad6b1cb51d12d1b0135174fca474c4f5346d8960	1852
docs/media/uploads/2020/06/طبسون-3-81x55.jpg	e85725b84879859b6576075fa3efc4929a61de41	1936
docs/media/uploads/2020/06/طبسون-3-85x57.jpg	06c3711d55cdb9430881638f6e04153dd9a76fca	2064
docs/media/uploads/2020/06/طبسون-3.jpg	03f51dfa0f8507a1c24ea5fb3e68ac4e7989a660	82304
docs/media/uploads/2020/06/طوني-عساف-1-112x75.jpg	3ef67228101edd6d36f86c3db2ff5adc11abc15a	4609
docs/media/uploads/2020/06/طوني-عساف-1-130x87.jpg	13b609ff66144ad7f1baee986001d5f8378850dd	5862
docs/media/uploads/2020/06/طوني-عساف-1-150x150.jpg	a2b7de9d8d352a439d3974c5e778234fce7b72b8	9742
docs/media/uploads/2020/06/طوني-عساف-1-165x109.jpg	aec7d5c883df33d06eff111b9292809a17ce16de	8474
docs/media/uploads/2020/06/طوني-عساف-1-170x113.jpg	36390a67905993ab73fd35302cec54b8633940b9	9035
docs/media/uploads/2020/06/طوني-عساف-1-179x116.jpg	99fce374ee88713b859821d8ae0393a1ae9ce097	9681
docs/media/uploads/2020/06/طوني-عساف-1-179x120.jpg	b4418180d971c825ce406c1ba49c74d57e038f6b	9713
docs/media/uploads/2020/06/طوني-عساف-1-266x179.jpg	bdd45fd32860fcfd8deaa20ddc9f88c576f364b1	18783
docs/media/uploads/2020/06/طوني-عساف-1-274x183.jpg	5166a8e75a3356fc31f784730c2e8fe33daec95f	19540
docs/media/uploads/2020/06/طوني-عساف-1-300x200.jpg	2a0895cf695321923ee78c2cddef11930039c731	22153
docs/media/uploads/2020/06/طوني-عساف-1-333x227.jpg	85ca610551189a1e0453737d4026bd6a67afdfda	26989
docs/media/uploads/2020/06/طوني-عساف-1-347x233.jpg	06962af08717dab469b6cae78bcc9ab489e53f69	28720
docs/media/uploads/2020/06/طوني-عساف-1-359x240.jpg	c7ec793aa7ec0dfa9ecdf1ad2394ef62fc0e4c6e	29782
docs/media/uploads/2020/06/طوني-عساف-1-364x245.jpg	c7454317f40133febe0a585b6e163a9a256aa98b	30953
docs/media/uploads/2020/06/طوني-عساف-1-367x237.jpg	378bdcaf532ba3e1400a9ee1b84af1c2d67790de	30250
docs/media/uploads/2020/06/طوني-عساف-1-36x36.jpg	ef3bbbc22c35e57138fdba5f2996ecae359a9c19	1385
docs/media/uploads/2020/06/طوني-عساف-1-546x300.jpg	1e67572e8df9ce6214fee92fdb7776cd4c120a7c	49755
docs/media/uploads/2020/06/طوني-عساف-1-546x365.jpg	7908862272003640ebece828a55e16a48800ee62	57754
docs/media/uploads/2020/06/طوني-عساف-1-576x392.jpg	5e23fe066f1d07defaccbb6fa31975f365aa954a	63219
docs/media/uploads/2020/06/طوني-عساف-1-702x432.jpg	51a6fda8e1aa2c4577d312aaf11403ea9b83e87c	78061
docs/media/uploads/2020/06/طوني-عساف-1-765x510.jpg	881792db9881a31b1631d89753d094f3aa855f7c	93858
docs/media/uploads/2020/06/طوني-عساف-1-80x54.jpg	fe8ddd2596c3a7d95a646dd3dd02182ba8c1b3a8	2769
docs/media/uploads/2020/06/طوني-عساف-1-81x55.jpg	8a98a95e1347ef7cadfcb29b61e0466c1cd45756	2910
docs/media/uploads/2020/06/طوني-عساف-1-85x57.jpg	5969443b8731296fe559b78295cc811f092804b2	3134
docs/media/uploads/2020/06/طوني-عساف-1.jpg	a1aa02c43b3cafb3b12f2ed4f59c37077c7334d8	120857
docs/media/uploads/2020/06/طوني-عساف-2-112x75.jpg	b5d2b78b553495525920359aba4e07b226ddd878	4818
docs/media/uploads/2020/06/طوني-عساف-2-130x87.jpg	c46da45a5d82f123effcf4ca06c31425cdad8e98	6039
docs/media/uploads/2020/06/طوني-عساف-2-150x150.jpg	bfbdef55868ae7e373e77a6180339c60fc488783	9799
docs/media/uploads/2020/06/طوني-عساف-2-165x109.jpg	648e0a7bcd274f07e362c305b4a2bf8b0bfbf394	8825
docs/media/uploads/2020/06/طوني-عساف-2-170x113.jpg	4ed4171307d0d614532471ff581c4d0bbc694a91	9375
docs/media/uploads/2020/06/طوني-عساف-2-179x116.jpg	a9a630e7dfb60adc1451523b70775f54234d52cf	9877
docs/media/uploads/2020/06/طوني-عساف-2-179x120.jpg	91d812aec24aeebc63e1f0cf8bad47c841d2e762	9893
docs/media/uploads/2020/06/طوني-عساف-2-266x179.jpg	fdf5202d1dccc994061e8cc536b9ae7fad3adb8c	19360
docs/media/uploads/2020/06/طوني-عساف-2-274x183.jpg	8d0a32d72b938c61f869b4e18c78f1679bf496e5	19946
docs/media/uploads/2020/06/طوني-عساف-2-300x200.jpg	b178b19e58334fea849f9e004f1dcfcb6cbb3f51	22506
docs/media/uploads/2020/06/طوني-عساف-2-333x227.jpg	798a0deb922c83fac01aac5a08bf94c3176f2b20	27306
docs/media/uploads/2020/06/طوني-عساف-2-347x233.jpg	0d3609b268905b4ed8f8a6049e4d93eee88c8190	29031
docs/media/uploads/2020/06/طوني-عساف-2-359x240.jpg	8497f365526d220b86753d506d50018aaf04cb82	29933
docs/media/uploads/2020/06/طوني-عساف-2-364x245.jpg	7365075a5b5c2cc12657cb1696fe256adbc028ef	31260
docs/media/uploads/2020/06/طوني-عساف-2-367x237.jpg	3daf59e39ed0bf377f7c912b3aecfe56d7769b71	30413
docs/media/uploads/2020/06/طوني-عساف-2-36x36.jpg	5d6cf311aa9815f89c53b645363691569311fbb3	1428
docs/media/uploads/2020/06/طوني-عساف-2-546x300.jpg	b0818731afc5e9000327dd93ce2c06754991dd1e	48269
docs/media/uploads/2020/06/طوني-عساف-2-546x365.jpg	b7549cd5edc41e42716e5a1e2ebeb0d1e446b3a6	56339
docs/media/uploads/2020/06/طوني-عساف-2-576x392.jpg	04a0a6eca4f4e8c2e3da0e23f53aa70f19ed5079	61205
docs/media/uploads/2020/06/طوني-عساف-2-702x432.jpg	257471cc891ef02da096294161cc4676275961f5	74397
docs/media/uploads/2020/06/طوني-عساف-2-765x510.jpg	c76f2f6cfc45bef830ec1584bdd63341df478232	89396
docs/media/uploads/2020/06/طوني-عساف-2-80x54.jpg	0db4fed709094ebc1805e6b1e8f29a7e1a332865	2839
docs/media/uploads/2020/06/طوني-عساف-2-81x55.jpg	0f7ebc4aee2df7f09088b9616fea702eeaf51a93	2983
docs/media/uploads/2020/06/طوني-عساف-2-85x57.jpg	7382934aaeba7c52fed2417e48a4f541a3cbe65f	3263
docs/media/uploads/2020/06/طوني-عساف-2.jpg	428fbdf137f399aed123ee49f0cea99ee1af2978	114318
docs/media/uploads/2020/06/طوني-عساف-3-112x75.jpg	2f212d88b5230c0f3790ca4dd5175bbdf897a1f0	4187
docs/media/uploads/2020/06/طوني-عساف-3-130x87.jpg	666e2cbfc94600ab5a5020fc96adad997c81ed5b	5171
docs/media/uploads/2020/06/طوني-عساف-3-150x150.jpg	bd15540f46828c240ed5ddcfd3c661b69842be3e	8414
docs/media/uploads/2020/06/طوني-عساف-3-165x109.jpg	e4d6465c58d0093404e560d6d787786d984dc245	7395
docs/media/uploads/2020/06/طوني-عساف-3-170x113.jpg	09ae33473029ed90e5bca0063ac83d5ff87539e0	7882
docs/media/uploads/2020/06/طوني-عساف-3-179x116.jpg	a771e9118f677020821b021931b788a86eb987f8	8323
docs/media/uploads/2020/06/طوني-عساف-3-179x120.jpg	d3dbfad2099c982b6c3331448ffa02e774ee185a	8334
docs/media/uploads/2020/06/طوني-عساف-3-266x179.jpg	5cf5d86666008700851dd4725fe161048bd9af31	16002
docs/media/uploads/2020/06/طوني-عساف-3-274x183.jpg	fb7b723615c7a50320cb44899000eec60c3c7257	16348
docs/media/uploads/2020/06/طوني-عساف-3-300x200.jpg	951d257b010d8cf1ac1e9072caf4b381a66a81b1	18600
docs/media/uploads/2020/06/طوني-عساف-3-333x227.jpg	f7235661b72e554c5012daeab435235d2bff4639	22592
docs/media/uploads/2020/06/طوني-عساف-3-347x233.jpg	69d53b9eef8ca2857ec102c58f22b1ece9622d7f	24234
docs/media/uploads/2020/06/طوني-عساف-3-359x240.jpg	53148405066371e86e4856253690575716db71fb	24784
docs/media/uploads/2020/06/طوني-عساف-3-364x245.jpg	3ac10979416457cf0c1112894734498b6ae138c9	25695
docs/media/uploads/2020/06/طوني-عساف-3-367x237.jpg	322fa1698b584ac82c199b8f2804a9e0960a7980	25209
docs/media/uploads/2020/06/طوني-عساف-3-36x36.jpg	2963ea4cf17cb90296aa2bc5849e8f3de2f90ddd	1297
docs/media/uploads/2020/06/طوني-عساف-3-546x300.jpg	cb5667f9f384c3a9e15959f2fd8a46362943feb8	40002
docs/media/uploads/2020/06/طوني-عساف-3-546x365.jpg	9138c3b69edd3654424ad1cc8aa49df328678b69	47390
docs/media/uploads/2020/06/طوني-عساف-3-576x392.jpg	621face0c4e9f5b3baa860216af528061ff65716	51588
docs/media/uploads/2020/06/طوني-عساف-3-702x432.jpg	165c61c91ce379f3ad4473178527e88f704e0241	63178
docs/media/uploads/2020/06/طوني-عساف-3-765x510.jpg	f78d9afc24b1d797d294e325fc36d27d9e5430fd	76342
docs/media/uploads/2020/06/طوني-عساف-3-80x54.jpg	a9afa8fe5f3ce891812ae54045f149ed0b5dd4dc	2536
docs/media/uploads/2020/06/طوني-عساف-3-81x55.jpg	682c1d0328194bc789a75f138d1e4ce30cd4f189	2645
docs/media/uploads/2020/06/طوني-عساف-3-85x57.jpg	6b06255e97278c668150c7c323cd7f78096897ef	2901
docs/media/uploads/2020/06/طوني-عساف-3.jpg	1063910035fc78bd6982e568d2b15104b8987754	98605
docs/media/uploads/2020/06/طوني-عساف-4-112x75.jpg	b55ecd36f4c4606bf8c9e791e2980ce7a6f2ffe3	4628
docs/media/uploads/2020/06/طوني-عساف-4-130x87.jpg	8caacd81e022e6e7d28dec1a93962d4f021e2d6e	5878
docs/media/uploads/2020/06/طوني-عساف-4-150x150.jpg	0720b95d8b472c67e5bae2a7903d4dac2a5aa0ed	9548
docs/media/uploads/2020/06/طوني-عساف-4-165x109.jpg	dcf954a29aebe7caca6369e6ccfb11542b737207	8410
docs/media/uploads/2020/06/طوني-عساف-4-170x113.jpg	d97f178076ecc383152fd978213e9f3a1b1fa6b2	8986
docs/media/uploads/2020/06/طوني-عساف-4-179x116.jpg	863c9a9abff918e60d8df328f280bb3fa9493997	9483
docs/media/uploads/2020/06/طوني-عساف-4-179x120.jpg	07eaa920051251ef682f4135bfbe859dfed1ebec	9531
docs/media/uploads/2020/06/طوني-عساف-4-266x179.jpg	f2d594f5fbd02e4da29035cb36a88764a2bc5aad	18620
docs/media/uploads/2020/06/طوني-عساف-4-274x183.jpg	f785e101413c209eccedf3424f7f837b216b04c8	19155
docs/media/uploads/2020/06/طوني-عساف-4-300x200.jpg	d29fe9b85fdbc0eb4fdcff110a8cafd9372a324e	21979
docs/media/uploads/2020/06/طوني-عساف-4-333x227.jpg	b528f5367b17644b64673b744eb20af9731f7e98	26716
docs/media/uploads/2020/06/طوني-عساف-4-347x233.jpg	bbb52844ac4f48ac3564553da695875cc1820b22	28616
docs/media/uploads/2020/06/طوني-عساف-4-359x240.jpg	33f21123e8ea3df5e5b1671785d09144e93715a9	29480
docs/media/uploads/2020/06/طوني-عساف-4-364x245.jpg	003c38d926074a71743d7c6aad7b33e7cd8b3af5	30611
docs/media/uploads/2020/06/طوني-عساف-4-367x237.jpg	05377a5f83aea6fdc4c86e60ec517f6cb984eaf2	29862
docs/media/uploads/2020/06/طوني-عساف-4-36x36.jpg	64a5f0cd883f9bd44417adbda902b067a2cda9ee	1442
docs/media/uploads/2020/06/طوني-عساف-4-546x300.jpg	9c46d3b98c34d9f4134501a0bf68a708b2e9718f	47510
docs/media/uploads/2020/06/طوني-عساف-4-546x365.jpg	68acd2703bc6748b9dc8b6de5047b4d6926e7b05	56586
docs/media/uploads/2020/06/طوني-عساف-4-576x392.jpg	d7b3220ab7ece077957d7f85a55f0203aac360f6	61388
docs/media/uploads/2020/06/طوني-عساف-4-702x432.jpg	5a20a260f5084eea57a92f845fd06efee23b4e3d	74804
docs/media/uploads/2020/06/طوني-عساف-4-765x510.jpg	d6438d480a9523317a726c29de5cb4464bbb77bd	90851
docs/media/uploads/2020/06/طوني-عساف-4-80x54.jpg	388a6dd861f5d9a14443f9d3a0b2ec9f9389ee91	2811
docs/media/uploads/2020/06/طوني-عساف-4-81x55.jpg	e960670693ce10bff572b45528086d5f7b8a2ae5	2927
docs/media/uploads/2020/06/طوني-عساف-4-85x57.jpg	b2af2640dcb044e1d763f1eebac6e8e9c31a027f	3184
docs/media/uploads/2020/06/طوني-عساف-4.jpg	e4d943125c558a9698477d42879329e50f13405d	114471
docs/media/uploads/2020/07/رامية-112x75.jpg	be60d3360ffbf0c3e7cfb8082edc9dea11a195f2	2562
docs/media/uploads/2020/07/رامية-130x87.jpg	e2392751f1d6069f1508d8295207fc6fae568d7d	2957
docs/media/uploads/2020/07/رامية-150x150.jpg	faa5d61d536fbaa23497b8cd00bb4cc801e5205d	4892
docs/media/uploads/2020/07/رامية-165x109.jpg	d5961621a5b8b4283ab08a07b004d2fc14cbf0c4	3915
docs/media/uploads/2020/07/رامية-170x113.jpg	35113665415e85ac8c3a0df8f6e60228723a4d56	31089
docs/media/uploads/2020/07/رامية-179x116.jpg	0c76c780b9373102b6a34cdbc80873f790f254f9	4310
docs/media/uploads/2020/07/رامية-179x120.jpg	28e5ba66e17b5e4a93cc0c1c0aa8d01d1e0d6f93	4349
docs/media/uploads/2020/07/رامية-266x179.jpg	8ce5b55b7e0265aaca0911a60a45ae6e1702537f	7395
docs/media/uploads/2020/07/رامية-274x183.jpg	9d7fd1d73f1465d4de8375989a7cb8fe9846cf46	7524
docs/media/uploads/2020/07/رامية-300x200.jpg	a097c5b333daecac8bc445ec70725465292177f8	8452
docs/media/uploads/2020/07/رامية-333x227.jpg	fe198455da6176d6da841f08848cbf4f3e16fc10	36983
docs/media/uploads/2020/07/رامية-347x233.jpg	a63d162a7fdd93b1f31b468a0ff8854551312a21	10501
docs/media/uploads/2020/07/رامية-359x240.jpg	e538ac154c809c260e55767523a7f2a7abeecf8f	10784
docs/media/uploads/2020/07/رامية-364x245.jpg	cbf565363929172869234378f90b6783cde8c166	11169
docs/media/uploads/2020/07/رامية-367x237.jpg	a5f35bc035eeb29b75caeb566cd8efe07aaa3f3b	10903
docs/media/uploads/2020/07/رامية-36x36.jpg	c5acd6f297c72edf59834c55b3dde11691ae3941	1132
docs/media/uploads/2020/07/رامية-546x300.jpg	857ace0b0a871e7cddc6f4dfcd8561203b6c81ff	17174
docs/media/uploads/2020/07/رامية-546x365.jpg	89a6980816bb9510c1c78bf5eda21bebbc60b53b	19423
docs/media/uploads/2020/07/رامية-576x392.jpg	14d9c2a954cb7b7e418a803131dee6bde0a67b75	21069
docs/media/uploads/2020/07/رامية-702x432.jpg	488f2f4a58ac76890ec9c92ed65e30741fe24fa8	25872
docs/media/uploads/2020/07/رامية-765x510.jpg	d34692da79eefa63af0526b1c55f880a850a64dc	57331
docs/media/uploads/2020/07/رامية-80x54.jpg	abb12870958223c2fdf5b31589373b0385224545	1777
docs/media/uploads/2020/07/رامية-81x55.jpg	ec28d9f5538b42f6aa32e6e9b3650d4580df7076	28737
docs/media/uploads/2020/07/رامية-85x57.jpg	99f7e7e38ca3fbe0e33d7e8df09b3e0e9fe96b0d	1928
docs/media/uploads/2020/07/رامية.jpg	7233cd511b3c9e5f1037cb39c5dd68e84bf91398	109081
docs/media/uploads/2020/07/رماية-إمراة-1-112x75.jpg	491b53cfdaf0396f4858e32e85481382a81e83d5	32663
docs/media/uploads/2020/07/رماية-إمراة-1-130x87.jpg	659ad778f2f9b04ba6dc12fedd6449a7797b42d7	33390
docs/media/uploads/2020/07/رماية-إمراة-1-150x150.jpg	d008fd0d5661f59979f6e3e58d1586391807f1f1	6910
docs/media/uploads/2020/07/رماية-إمراة-1-165x109.jpg	3b90a459f9bf41ede998827a924af9b6f7e51f82	35087
docs/media/uploads/2020/07/رماية-إمراة-1-170x113.jpg	b4d434380d121f7faf002e83ab09035bd234685b	35467
docs/media/uploads/2020/07/رماية-إمراة-1-179x116.jpg	65ba349e040839cc46df1cd7e458e3d3182c6edd	35992
docs/media/uploads/2020/07/رماية-إمراة-1-179x120.jpg	cd19ca740b344f203554a06c9e573d335b5b736f	35956
docs/media/uploads/2020/07/رماية-إمراة-1-266x179.jpg	a84d834de930b2493d18994c82a220a0b271445a	42114
docs/media/uploads/2020/07/رماية-إمراة-1-274x183.jpg	3b62cea32ce0e3a6312ebb21a1ccec940e3c538b	13310
docs/media/uploads/2020/07/رماية-إمراة-1-300x200.jpg	0f463fd5e56e17288d3b917c87b5a87e706770cd	15146
docs/media/uploads/2020/07/رماية-إمراة-1-333x227.jpg	69cf97c396511c31d7d1d6543f2821f847af93f1	47352
docs/media/uploads/2020/07/رماية-إمراة-1-347x233.jpg	79d1a61786f95c701f042327a5ee8a178765a0cf	48597
docs/media/uploads/2020/07/رماية-إمراة-1-359x240.jpg	bff79c7f2036cf208caf301fcc43d306da995226	49359
docs/media/uploads/2020/07/رماية-إمراة-1-364x245.jpg	56f454f1b4447844d491094c05da152e1684ad78	50138
docs/media/uploads/2020/07/رماية-إمراة-1-367x237.jpg	3f19c355daf7800c520ef4590a65593a6f990e11	49876
docs/media/uploads/2020/07/رماية-إمراة-1-36x36.jpg	089f90f477873cb9460a1dfd15f1ec6a8d703224	30287
docs/media/uploads/2020/07/رماية-إمراة-1-546x300.jpg	525474174460b03e8bd1c126c5096fc48fdf67c2	63517
docs/media/uploads/2020/07/رماية-إمراة-1-546x365.jpg	8eb0fd8ee8917c33f3f7cf24338587876fad9509	69095
docs/media/uploads/2020/07/رماية-إمراة-1-576x392.jpg	e8521d3ddcb2ddc7226da4976752ae582434cc4d	72547
docs/media/uploads/2020/07/رماية-إمراة-1-702x432.jpg	d8992dc2ec42de9b2b4435de6b0410791247f544	82943
docs/media/uploads/2020/07/رماية-إمراة-1-765x510.jpg	a7fe6c6a11095ee5fd95811c1efae6d6f9ef7c5e	94775
docs/media/uploads/2020/07/رماية-إمراة-1-80x54.jpg	2cd89c60e2d7aeb328b3c48a1d16bfe13a78e480	31350
docs/media/uploads/2020/07/رماية-إمراة-1-81x55.jpg	ad3744c151152982a9f2e5915da250685eb41e45	31427
docs/media/uploads/2020/07/رماية-إمراة-1-85x57.jpg	d81bee2dda869d0b402be3997c50b522adbeb4cb	31536
docs/media/uploads/2020/07/رماية-إمراة-1.jpg	6f0cd47a709d3610756aebb1935b568789f3a660	88405
docs/media/uploads/2020/07/رماية-إمراة-112x75.jpg	8c73a4c007d58b35f2dadc21e5c5df1ddbe48200	3531
docs/media/uploads/2020/07/رماية-إمراة-130x87.jpg	af1a642f33eea2acc192a75f74677971b69b663a	4270
docs/media/uploads/2020/07/رماية-إمراة-150x150.jpg	d008fd0d5661f59979f6e3e58d1586391807f1f1	6910
docs/media/uploads/2020/07/رماية-إمراة-165x109.jpg	1f8c664a78924c60ffb8efe5fabf80b651083854	5941
docs/media/uploads/2020/07/رماية-إمراة-170x113.jpg	68d86697975f2386247aae45c21a5cc36959e716	6273
docs/media/uploads/2020/07/رماية-إمراة-179x116.jpg	9ac6a2e3c66b84486dbf6225302a8f99d173a5f6	6816
docs/media/uploads/2020/07/رماية-إمراة-179x120.jpg	c9126fedbd55cae77c82f9833e4e5339443a1e16	6775
docs/media/uploads/2020/07/رماية-إمراة-266x179.jpg	0c289bca4d90865218f78559a01befb193a3c4d6	12869
docs/media/uploads/2020/07/رماية-إمراة-274x183.jpg	3b62cea32ce0e3a6312ebb21a1ccec940e3c538b	13310
docs/media/uploads/2020/07/رماية-إمراة-300x200.jpg	0f463fd5e56e17288d3b917c87b5a87e706770cd	15146
docs/media/uploads/2020/07/رماية-إمراة-333x227.jpg	648093fefb804feca95de069383d9b36a3adbb7c	18043
docs/media/uploads/2020/07/رماية-إمراة-347x233.jpg	cc912471a1c5634f8514c17415ee668c0c000f61	19288
docs/media/uploads/2020/07/رماية-إمراة-359x240.jpg	64baaebb104993af3a0f48f1e2b9e6672adb43ac	20050
docs/media/uploads/2020/07/رماية-إمراة-364x245.jpg	825ea8d34d90444becc20e42d32425e0dcb19a7f	20787
docs/media/uploads/2020/07/رماية-إمراة-367x237.jpg	00bdbdad20360337cb90dfa18b62d771cd211753	20466
docs/media/uploads/2020/07/رماية-إمراة-36x36.jpg	15714e37a6447e601184f34174a2208499cd1de7	1201
docs/media/uploads/2020/07/رماية-إمراة-546x300.jpg	52140e94ff93d1edd6261e4a503ab823bbfc9a9a	33857
docs/media/uploads/2020/07/رماية-إمراة-546x365.jpg	8f2385010191ea025a9066d0e57b60773931f2e0	39481
docs/media/uploads/2020/07/رماية-إمراة-576x392.jpg	c1b666050c0a8f522a0507e247c44671f10009ff	42856
docs/media/uploads/2020/07/رماية-إمراة-702x432.jpg	f136467ae09e651b83cc704382f2a487fb0ebab4	53190
docs/media/uploads/2020/07/رماية-إمراة-765x510.jpg	a7fe6c6a11095ee5fd95811c1efae6d6f9ef7c5e	94775
docs/media/uploads/2020/07/رماية-إمراة-80x54.jpg	30aed2be53cebd94f311bb973bc5ab3fa0778fcc	2255
docs/media/uploads/2020/07/رماية-إمراة-81x55.jpg	7a748b6d389d3de6c6f41a51ce5022fd496fb8a9	2327
docs/media/uploads/2020/07/رماية-إمراة-85x57.jpg	1726b65ca9f0de77df6e4f4d9a63e2f5ca7dd65d	2435
docs/media/uploads/2020/07/رماية-إمراة.jpg	6f0cd47a709d3610756aebb1935b568789f3a660	88405
docs/media/uploads/2020/08/صياد-112x75.jpg	ff250ed356bc8100c9f4cb3305023b20762dd412	3634
docs/media/uploads/2020/08/صياد-130x87.jpg	fa86eae8c02409a56e59682df17be02052b69ae3	4440
docs/media/uploads/2020/08/صياد-150x150.jpg	0aeb55b0dc84219862b5865235682240e8503d97	7345
docs/media/uploads/2020/08/صياد-165x109.jpg	9dc6d899ecc7631c74a01c7ffe95396d650041e7	6302
docs/media/uploads/2020/08/صياد-170x113.jpg	758296b0ab299a7505f39f9fe78940916019b7a7	6767
docs/media/uploads/2020/08/صياد-179x116.jpg	58f98f86ceda23f0060ebd29d035831dfe729fa2	7245
docs/media/uploads/2020/08/صياد-179x120.jpg	aac781112fba1807e74058d12b821659a6566cca	7262
docs/media/uploads/2020/08/صياد-266x179.jpg	27a95737ffa10e3a2b3503e8961cfc1cd0b8202b	14256
docs/media/uploads/2020/08/صياد-274x183.jpg	6a865db8994d1f6c7fa2104a8182d02cbe176fdb	14743
docs/media/uploads/2020/08/صياد-300x200.jpg	4e6c5c2b76cbe235ec0a0e4755da710c8b5600d7	16806
docs/media/uploads/2020/08/صياد-333x227.jpg	3cd8ee7198d95bd0b3ab32a2792f871d61c81072	20715
docs/media/uploads/2020/08/صياد-347x233.jpg	61ecc831aec9d475e5df4dc3135b471c75b73561	22137
docs/media/uploads/2020/08/صياد-359x240.jpg	9f9dffb5aac6115c893c51e101fab5129b22a6b0	22999
docs/media/uploads/2020/08/صياد-364x245.jpg	31d6fdeeb5da80db990d31df1ff8381795ecb72e	23864
docs/media/uploads/2020/08/صياد-367x237.jpg	c147a719a04451ba6035eeb23bde8cd8478c4b6d	23377
docs/media/uploads/2020/08/صياد-36x36.jpg	3d0fa9c6563dc49022104a6a79325a1f8e0d6d13	1180
docs/media/uploads/2020/08/صياد-546x300.jpg	b7d150563308ae6c74c1d17a962f2f7bc51ae6fc	39172
docs/media/uploads/2020/08/صياد-546x365.jpg	9772b458f732741ae329cc6f893943c9fa19b88b	45820
docs/media/uploads/2020/08/صياد-576x392.jpg	2a043fb18fa669217a9dd6837d06a8d38f2b0093	49901
docs/media/uploads/2020/08/صياد-702x432.jpg	48eac0a2e08348a98736c65d696d0440f1346d9e	61730
docs/media/uploads/2020/08/صياد-765x510.jpg	2c12cedc2602d051865039da0c1c1245815b2ddf	75131
docs/media/uploads/2020/08/صياد-80x54.jpg	0dc5156e3e6c49610280e973f4f039e4bd34e024	2204
docs/media/uploads/2020/08/صياد-81x55.jpg	59912df22807f1978ec992f280d67dae5e3d43e4	2301
docs/media/uploads/2020/08/صياد-85x57.jpg	9c678417589cdfec6cc5ef168652bb084e2cf84b	2488
docs/media/uploads/2020/08/صياد.jpg	6e97093f3f34a45505026cb139f6bc9baff5093b	98723
docs/media/uploads/2020/08/قواص-112x75.jpg	a5b04fabd19b7bb310daa14acd32889c2f53d521	4114
docs/media/uploads/2020/08/قواص-130x87.jpg	32210ecc22bb644b8e0d50cce5292394ec0821cf	5131
docs/media/uploads/2020/08/قواص-150x150.jpg	8c73571224d2a8f42e41ccfa9e740521f4b13b48	8674
docs/media/uploads/2020/08/قواص-165x109.jpg	7c1565b8476bfbbfa4e07120bf1c58e28d875650	7269
docs/media/uploads/2020/08/قواص-170x113.jpg	d69a240bb48998aeb43280ff6d595593cb1fba1b	7904
docs/media/uploads/2020/08/قواص-179x116.jpg	dcefdd8b9827502c9db428e9d7a2927dfea196ba	8450
docs/media/uploads/2020/08/قواص-179x120.jpg	9abce6b3aef15971e182d1bbb23011f1e17e9906	8426
docs/media/uploads/2020/08/قواص-266x179.jpg	4808a273c4930caa3caa10b448107b21ceb35156	16827
docs/media/uploads/2020/08/قواص-274x183.jpg	b517b6d13fc872e6c2e7f715106fcbe0b8c583a3	17411
docs/media/uploads/2020/08/قواص-300x200.jpg	e054cc18903038cce03d567fdde765c9b74b7156	19836
docs/media/uploads/2020/08/قواص-333x227.jpg	531daed03f853625be844356064f769eb0f8baf0	24363
docs/media/uploads/2020/08/قواص-347x233.jpg	e40adab5cb5dc27270ed26823716305fa441b9da	26052
docs/media/uploads/2020/08/قواص-359x240.jpg	f1ac8304b5a9c62ef9963dae3ab6b29df64da3e3	27003
docs/media/uploads/2020/08/قواص-364x245.jpg	5cb60f6be21e5bd1f2cca99fe5efd4f4f00ce739	27979
docs/media/uploads/2020/08/قواص-367x237.jpg	e0c7f724a899977932235bf8dc513928e67bef69	27502
docs/media/uploads/2020/08/قواص-36x36.jpg	6cecaf51072f6ed4ad977b9133a8a0127dbd07e5	1309
docs/media/uploads/2020/08/قواص-546x300.jpg	b0b21369517ad4e3aa6c031f90fb5b48952f08a8	46181
docs/media/uploads/2020/08/قواص-546x365.jpg	61325977a1e026a918701bd6fdfe20554880ede8	53455
docs/media/uploads/2020/08/قواص-576x392.jpg	4f03429c25d540efd2eea89f7a10e698966184d1	57822
docs/media/uploads/2020/08/قواص-702x432.jpg	e326fdf500c89cddd018699113cc6d2bcfa580eb	71961
docs/media/uploads/2020/08/قواص-765x510.jpg	ee0ab84d25a8f6eb1ccb2a535488717f1c24ab37	86986
docs/media/uploads/2020/08/قواص-80x54.jpg	70c5052bef07bbb6de68d2d0426db72ce6e84942	2470
docs/media/uploads/2020/08/قواص-81x55.jpg	426c7104870023f0279f7bcc60cee5afafce7ad0	2591
docs/media/uploads/2020/08/قواص-85x57.jpg	b423acd459b242c69a8d8888112a0881e15ef0d1	2799
docs/media/uploads/2020/08/قواص.jpg	7e42f99a3cf3ce24ec6d1ea97fb17a3505a7db41	111331
docs/media/uploads/2020/08/نعمان-الترس-112x75.jpg	91e16ceb3fabe87f5c46ad13962db4a497fe3dde	2959
docs/media/uploads/2020/08/نعمان-الترس-130x87.jpg	1b1d936627e46681956c9a7aec28ccf537a66e8e	3490
docs/media/uploads/2020/08/نعمان-الترس-150x150.jpg	6a885142367575a4dc749f5f2fee4a11e7ac609a	35090
docs/media/uploads/2020/08/نعمان-الترس-165x109.jpg	a21dfaa351320d5bf950cd07422c49467de69a7d	4732
docs/media/uploads/2020/08/نعمان-الترس-170x113.jpg	f01229c5b99c7dbb854b007e7a02750e03210408	5224
docs/media/uploads/2020/08/نعمان-الترس-179x116.jpg	066485537ba8774c6fec14f4857c8c8182dfb410	5445
docs/media/uploads/2020/08/نعمان-الترس-179x120.jpg	97adbcd7acf33c6ee431bcd60fdc06828f54bdfa	5377
docs/media/uploads/2020/08/نعمان-الترس-266x179.jpg	f10ea536bde4e07873d551879e9a8474500eb90a	40423
docs/media/uploads/2020/08/نعمان-الترس-274x183.jpg	fc46ed771f30672a5c348c04b1d217c8efdda5b0	10325
docs/media/uploads/2020/08/نعمان-الترس-300x200.jpg	127df6ef109826d546317bce33793015f8da42d7	11748
docs/media/uploads/2020/08/نعمان-الترس-333x227.jpg	da9ce5ad2cf57dbd82c287aa07dd3356926e97ce	14115
docs/media/uploads/2020/08/نعمان-الترس-347x233.jpg	b19313987d43000c4a98ae60fe1e73cf2bbea746	15083
docs/media/uploads/2020/08/نعمان-الترس-359x240.jpg	0914780c160fe4f4497acc89f6839597f9300e65	15564
docs/media/uploads/2020/08/نعمان-الترس-364x245.jpg	cc87ea881bfe94254f543c0c5d4ac3966a12b9f5	16076
docs/media/uploads/2020/08/نعمان-الترس-367x237.jpg	58087bb57b3914848a8f1f6808e3edc4c4087e32	16082
docs/media/uploads/2020/08/نعمان-الترس-36x36.jpg	4abbebc4c069a418bcd987592c59dcdb4ce785ad	1163
docs/media/uploads/2020/08/نعمان-الترس-546x300.jpg	e2b9880da6dcee00a8f24b9cf91aeac76ba18f48	25742
docs/media/uploads/2020/08/نعمان-الترس-546x365.jpg	ae0ca86fe623840f0395477efffb20bde3355c77	29482
docs/media/uploads/2020/08/نعمان-الترس-576x392.jpg	50a0736a79905cd7b1a5489d2b9b14c7c04d4447	31642
docs/media/uploads/2020/08/نعمان-الترس-702x432.jpg	87d01e6626db439bde5e502594fc8f237cf7c4f7	39565
docs/media/uploads/2020/08/نعمان-الترس-765x510.jpg	819e2d1dfb1cb15786da827cc688120f9c927274	47652
docs/media/uploads/2020/08/نعمان-الترس-80x54.jpg	347684354bebe18f4f48bce512193c3f825e4bc9	1996
docs/media/uploads/2020/08/نعمان-الترس-81x55.jpg	587ffc2f9bbc2bed625e8ccd233a62d440090e47	2039
docs/media/uploads/2020/08/نعمان-الترس-85x57.jpg	fadfe764ed729e323215122cbc5fe743eeaeb70c	2178
docs/media/uploads/2020/08/نعمان-الترس.jpg	2509570c4bf11de87f55f4dbec28be1da9109e0d	71092
docs/media/uploads/2020/08/هادي-يرسم-الصياد-والقواص-112x75.jpg	3be50667071c53ec360b56d67834443721a961a3	3300
docs/media/uploads/2020/08/هادي-يرسم-الصياد-والقواص-130x87.jpg	52a61e7ef3431543d19d6747a0f52bec61baf474	3936
docs/media/uploads/2020/08/هادي-يرسم-الصياد-والقواص-150x150.jpg	abe4867303f938069ed4d6b9802001e801fdfdfc	37139
docs/media/uploads/2020/08/هادي-يرسم-الصياد-والقواص-165x109.jpg	a859f3e51bde8f4c4b8931234341ee4e6b2d3a3f	5464
docs/media/uploads/2020/08/هادي-يرسم-الصياد-والقواص-170x113.jpg	01e9ff72817ba8bdeec5a63e2375f8c041583d32	5914
docs/media/uploads/2020/08/هادي-يرسم-الصياد-والقواص-179x116.jpg	9d1eb86b9f9f6165dafe527b992c5333ddbdb4f3	6262
docs/media/uploads/2020/08/هادي-يرسم-الصياد-والقواص-179x120.jpg	0a272e2e6ea5fe5a0ceb02a497a9aa425ac6ad4c	6202
docs/media/uploads/2020/08/هادي-يرسم-الصياد-والقواص-266x179.jpg	d9885d3f58bab0d17cc3683a4aa7eafc7c9ddf03	43755
docs/media/uploads/2020/08/هادي-يرسم-الصياد-والقواص-274x183.jpg	571dd16a343ad9ad907bd3f0eedd1711b9ef9fa6	12281
docs/media/uploads/2020/08/هادي-يرسم-الصياد-والقواص-300x200.jpg	5d3efb8c984235d5868cc46900cb3c9bcd4aaba4	13946
docs/media/uploads/2020/08/هادي-يرسم-الصياد-والقواص-333x227.jpg	ab814771ddb58a3c95dbdd931e2671db8546cc2c	16858
docs/media/uploads/2020/08/هادي-يرسم-الصياد-والقواص-347x233.jpg	e38e54d75f1b0325187747b777c7105f29149b47	18001
docs/media/uploads/2020/08/هادي-يرسم-الصياد-والقواص-359x240.jpg	6447ba37740792f0228c0fa5f026ae674bf8b429	18723
docs/media/uploads/2020/08/هادي-يرسم-الصياد-والقواص-364x245.jpg	4f81c94061250a0593b4531913d125117802232a	19311
docs/media/uploads/2020/08/هادي-يرسم-الصياد-والقواص-367x237.jpg	b03919207e4c21664620cea9449944ba68a54edc	19072
docs/media/uploads/2020/08/هادي-يرسم-الصياد-والقواص-36x36.jpg	971a84e51124c4a5d15a5b181df7b700d77c8337	1182
docs/media/uploads/2020/08/هادي-يرسم-الصياد-والقواص-546x300.jpg	018895eb2f3fe7f878278f1b4a339d5cda916109	31397
docs/media/uploads/2020/08/هادي-يرسم-الصياد-والقواص-546x365.jpg	8e55967d9e753ed7f2eca10266795599b57bb153	36488
docs/media/uploads/2020/08/هادي-يرسم-الصياد-والقواص-576x392.jpg	e6447758dccef42343d99b4df40fa5ac3944553b	39328
docs/media/uploads/2020/08/هادي-يرسم-الصياد-والقواص-702x432.jpg	5d6b23e85fbe6767b2ea6afc68e24f325b2bf581	49054
docs/media/uploads/2020/08/هادي-يرسم-الصياد-والقواص-765x510.jpg	debc577560214625e2d6421110c9c2b6b86168d7	59262
docs/media/uploads/2020/08/هادي-يرسم-الصياد-والقواص-80x54.jpg	bc530d85c333b25698396ba8624f3c9030b1d94c	2062
docs/media/uploads/2020/08/هادي-يرسم-الصياد-والقواص-81x55.jpg	5130d90fc8eed53caae6ae94f3c6aa200dabe015	2146
docs/media/uploads/2020/08/هادي-يرسم-الصياد-والقواص-85x57.jpg	428dff53a79707ab74760b000bb7318c65c3612a	2330
docs/media/uploads/2020/08/هادي-يرسم-الصياد-والقواص.jpg	dafa4b3957fc235eac048431708623792067648f	83161
docs/media/uploads/2020/09/صياد-مستدام-112x75.jpg	e165ea1e8072ac39442f8b8b760f1b7b866ac6b3	3396
docs/media/uploads/2020/09/صياد-مستدام-130x87.jpg	36c1615ec65959d4019467f1107a8fc663564d9f	4125
docs/media/uploads/2020/09/صياد-مستدام-150x150.jpg	15b367a3fbf5d14a052e6d1d82c84e45744dce4a	6586
docs/media/uploads/2020/09/صياد-مستدام-165x109.jpg	224e1a1e9a112ea3a98582ae009de55189c9ede2	5814
docs/media/uploads/2020/09/صياد-مستدام-170x113.jpg	899f95018a222a2be653ad65db8e2e648bf035fb	6223
docs/media/uploads/2020/09/صياد-مستدام-179x116.jpg	b3aa6af9a7bbb135d18b659446b26694b3308e29	6594
docs/media/uploads/2020/09/صياد-مستدام-179x120.jpg	3e9dddb09a61ad8298018494b9402a8a839289d5	6563
docs/media/uploads/2020/09/صياد-مستدام-266x179.jpg	714444e14ef8da7b344b24d5af91db8be396fadd	13155
docs/media/uploads/2020/09/صياد-مستدام-274x183.jpg	fe2547de6017c3c31f392d3af77f364af9f90da9	13390
docs/media/uploads/2020/09/صياد-مستدام-300x200.jpg	70876b1618c827e477d4b48b85c87183a9e41b23	15311
docs/media/uploads/2020/09/صياد-مستدام-333x227.jpg	54c07f41b8bfcbb8230b0a6c2101ce756c47ec9e	18849
docs/media/uploads/2020/09/صياد-مستدام-347x233.jpg	9d5c221f5391cd4f7c144cd90561c749ece5a206	20186
docs/media/uploads/2020/09/صياد-مستدام-359x240.jpg	6ae1d4bdd9496e5dd2f7f31bc4306253659e6765	20542
docs/media/uploads/2020/09/صياد-مستدام-364x245.jpg	e8369023215df0f39a9290c67814e2aaa4f4cbb6	21715
docs/media/uploads/2020/09/صياد-مستدام-367x237.jpg	a11d374ad89cdcf9e4db356d18795efae1629df3	20942
docs/media/uploads/2020/09/صياد-مستدام-36x36.jpg	523fe75e4a98fa80d598d3077dda363444cb1593	1153
docs/media/uploads/2020/09/صياد-مستدام-546x300.jpg	ae52980e6f5495d603dce1fe78fdbe80e8da6d6f	32855
docs/media/uploads/2020/09/صياد-مستدام-546x365.jpg	0b4ac41e02b9ab88bace315d1ae9549e0717c85a	40774
docs/media/uploads/2020/09/صياد-مستدام-576x392.jpg	e12090c1c6a1a5e8f8a90a047c4e154a2d72004a	44095
docs/media/uploads/2020/09/صياد-مستدام-702x432.jpg	b0e52071b600c8332dff0a69f9219c0297685c07	52566
docs/media/uploads/2020/09/صياد-مستدام-765x510.jpg	caba2b7d49517cea20edf33e3b75adfa690764b5	65891
docs/media/uploads/2020/09/صياد-مستدام-80x54.jpg	90ccb15925cfaa817537d91ddb0323eb9c9a999e	2096
docs/media/uploads/2020/09/صياد-مستدام-81x55.jpg	3194a5337c807937d18309394852474dadd3c6d4	2135
docs/media/uploads/2020/09/صياد-مستدام-85x57.jpg	55014cfd34e6ceaef0421ebb5663aca335de3638	2357
docs/media/uploads/2020/09/صياد-مستدام.jpg	23259a77771af83984b8b5ccda25dc258a17f8de	90629
docs/media/uploads/2020/09/موسم-الصيد-112x75.jpg	a705fe806e7ed2e3d1b14027a7563c886b553688	3611
docs/media/uploads/2020/09/موسم-الصيد-130x87.jpg	79d2228ce30db9898def65b67f37af6cc8053a6c	4457
docs/media/uploads/2020/09/موسم-الصيد-150x150.jpg	2121c2a5cccfeef1f59ebffab59e5be7034d7c76	6782
docs/media/uploads/2020/09/موسم-الصيد-165x109.jpg	d0023b22c73ed6df386ef095f93e4dc0adf7421d	5961
docs/media/uploads/2020/09/موسم-الصيد-170x113.jpg	37d08928a5c7311def70aabbe424262bf4adb787	6495
docs/media/uploads/2020/09/موسم-الصيد-179x116.jpg	8bbe84ec9c26904338463eb2b32c7ff5f3efdb3b	7028
docs/media/uploads/2020/09/موسم-الصيد-179x120.jpg	9385ed0203538fd67f5f1b017e35e5cee8dcc09c	7125
docs/media/uploads/2020/09/موسم-الصيد-266x179.jpg	edf1d6d93f4e00ab39feca886c2f360fb5c6fd42	12403
docs/media/uploads/2020/09/موسم-الصيد-274x183.jpg	69f78ebee83261e2000ae572804894308a03637b	12849
docs/media/uploads/2020/09/موسم-الصيد-300x200.jpg	f8104a43a09305b27963bdffefcb27c134630c3c	14061
docs/media/uploads/2020/09/موسم-الصيد-333x227.jpg	c6762637f47f839a19198450964f5d9709378d54	16496
docs/media/uploads/2020/09/موسم-الصيد-347x233.jpg	6dd66e4f768f71eaad5a013b5d8191c6d567bf3f	17894
docs/media/uploads/2020/09/موسم-الصيد-359x240.jpg	6575cdd0419d25362363e08be25bda1fb2df793a	18825
docs/media/uploads/2020/09/موسم-الصيد-364x245.jpg	3a8c3a077d9d371915800ad687d81d1e6a854895	19024
docs/media/uploads/2020/09/موسم-الصيد-367x237.jpg	cba1f4678183edfbcc7fd3c380c5102cce852053	19352
docs/media/uploads/2020/09/موسم-الصيد-36x36.jpg	1deb8dce8a164657248d54087b05c805079cac09	1285
docs/media/uploads/2020/09/موسم-الصيد-546x300.jpg	86e932eb49a4c1b1055212f05449fc5fad7a7aaf	28610
docs/media/uploads/2020/09/موسم-الصيد-546x365.jpg	4457d6789b4f4d2dac52a26fe6929bd53a693467	32521
docs/media/uploads/2020/09/موسم-الصيد-576x392.jpg	b12ae5857677c44fa1d717dee0e4ac27bb9038b5	34644
docs/media/uploads/2020/09/موسم-الصيد-702x432.jpg	9d006e4908b597be621381ee9a8849af7eed6411	43723
docs/media/uploads/2020/09/موسم-الصيد-765x510.jpg	9469c7b1e11179545076702e2d1a35a702b0aef9	50034
docs/media/uploads/2020/09/موسم-الصيد-80x54.jpg	c62f3e9e9cf00e709c81d3e1150ff191ac00c923	2369
docs/media/uploads/2020/09/موسم-الصيد-81x55.jpg	1eae7a804d0af51a25e96b515756d677bcf92b28	2442
docs/media/uploads/2020/09/موسم-الصيد-85x57.jpg	431e157358952b07ccbf879fa8d4b93883d10c3d	2505
docs/media/uploads/2020/09/موسم-الصيد.jpg	d34fbd148576168e671c1c9c7ecf1fe3d87e0c47	82351
docs/media/uploads/2020/10/044aa395-6a80-4a9f-9030-775eca7f1086-112x75.jpg	0aa1ead6a5904c6dce317093edcaac78df1cb743	2600
docs/media/uploads/2020/10/044aa395-6a80-4a9f-9030-775eca7f1086-130x87.jpg	c37b3af6fdd34bfede3f22fc5edf1cb60f5b8907	3410
docs/media/uploads/2020/10/044aa395-6a80-4a9f-9030-775eca7f1086-150x150.jpg	0012d256601360b03e7421e9eb5c2f955ef7ae72	5986
docs/media/uploads/2020/10/044aa395-6a80-4a9f-9030-775eca7f1086-165x109.jpg	2a0ee8313ded9826c1025d3ed42ecd43d3ecfa4a	5021
docs/media/uploads/2020/10/044aa395-6a80-4a9f-9030-775eca7f1086-170x113.jpg	30524a25e35e2a78fa8941bba23b177afd4268e5	5413
docs/media/uploads/2020/10/044aa395-6a80-4a9f-9030-775eca7f1086-179x116.jpg	81cf41de0dff0c177ad0c22e893ff71083fdc32f	5807
docs/media/uploads/2020/10/044aa395-6a80-4a9f-9030-775eca7f1086-179x120.jpg	762cbcb0a139607e8303e8c7bf211568360ce544	5810
docs/media/uploads/2020/10/044aa395-6a80-4a9f-9030-775eca7f1086-266x179.jpg	b9fcd894da0971e9955b667cd21748d6628bd92a	11796
docs/media/uploads/2020/10/044aa395-6a80-4a9f-9030-775eca7f1086-274x183.jpg	9ac9c63d46e3b4bf09878bdf3b6a4994322ecb71	12134
docs/media/uploads/2020/10/044aa395-6a80-4a9f-9030-775eca7f1086-300x185.jpg	8e844911672d427cdea6acae5be432c71aca89aa	13312
docs/media/uploads/2020/10/044aa395-6a80-4a9f-9030-775eca7f1086-333x227.jpg	504939f8135bc9564eb53b93f954862f4ea68a2e	17431
docs/media/uploads/2020/10/044aa395-6a80-4a9f-9030-775eca7f1086-347x233.jpg	b6b7c6a9cc28d88c4619452f5eec3844f0a6c9ff	18597
docs/media/uploads/2020/10/044aa395-6a80-4a9f-9030-775eca7f1086-359x240.jpg	d799430e0b8d6c46797ef31c3f446bec0e0fcf80	19264
docs/media/uploads/2020/10/044aa395-6a80-4a9f-9030-775eca7f1086-364x245.jpg	c11e47ed00207bc52b2bdbd5815fd04146776c4e	20142
docs/media/uploads/2020/10/044aa395-6a80-4a9f-9030-775eca7f1086-367x237.jpg	4c2a2feaf1d60dcf7c859ace814a3c20a70b3214	19553
docs/media/uploads/2020/10/044aa395-6a80-4a9f-9030-775eca7f1086-36x36.jpg	0eda95fb6bf68b536b99b5fd9fd33ff2e2771f8a	736
docs/media/uploads/2020/10/044aa395-6a80-4a9f-9030-775eca7f1086-546x300.jpg	57651042a69e37623d7206956516df59b149d9a3	35207
docs/media/uploads/2020/10/044aa395-6a80-4a9f-9030-775eca7f1086-546x365.jpg	2e1fbfb0d9b0d8d5ead9c50de480a1596874a02d	41014
docs/media/uploads/2020/10/044aa395-6a80-4a9f-9030-775eca7f1086-576x392.jpg	9b821aeaa57e0ff7d4b353ddf0043dc7f70711af	45068
docs/media/uploads/2020/10/044aa395-6a80-4a9f-9030-775eca7f1086-702x432.jpg	5f5ac07a87286abe4e704747111d3e62be913753	58265
docs/media/uploads/2020/10/044aa395-6a80-4a9f-9030-775eca7f1086-765x510.jpg	b8976379b497d11d542f6c2ecf20a6d0096eae77	71852
docs/media/uploads/2020/10/044aa395-6a80-4a9f-9030-775eca7f1086-768x473.jpg	d64635ebe8b2247444ce7c610d9f99a97fc5200a	68740
docs/media/uploads/2020/10/044aa395-6a80-4a9f-9030-775eca7f1086-80x54.jpg	897e278ecfcbc2590a61e7918bb863dd1e690ff1	1557
docs/media/uploads/2020/10/044aa395-6a80-4a9f-9030-775eca7f1086-81x55.jpg	4017c456d39f8408864dde953b4b90e2535f6be4	1680
docs/media/uploads/2020/10/044aa395-6a80-4a9f-9030-775eca7f1086-85x57.jpg	753c864b4d8733cce7dd34ab03a6b0eb73d9ca2e	1763
docs/media/uploads/2020/10/044aa395-6a80-4a9f-9030-775eca7f1086.jpg	aaa20dc8d561378d910b39d8435933749944f4be	85844
docs/media/uploads/2020/10/2041ceda-7d9e-43f1-989a-d0e600673343-112x75.jpg	3481b2796fd32e1b707b31cdb679e8786a7b1f33	3083
docs/media/uploads/2020/10/2041ceda-7d9e-43f1-989a-d0e600673343-130x87.jpg	0f4c0049fd8b611d9f1e03d12bb9c3c15b4c737f	3942
docs/media/uploads/2020/10/2041ceda-7d9e-43f1-989a-d0e600673343-150x150.jpg	cdb1da9c155d7da06c30a98d43c22a96d59a7bb6	6448
docs/media/uploads/2020/10/2041ceda-7d9e-43f1-989a-d0e600673343-165x109.jpg	c67e654b44e822f1b53baab292de8ae0c3637bdb	5662
docs/media/uploads/2020/10/2041ceda-7d9e-43f1-989a-d0e600673343-170x113.jpg	08a35aba50811a735fd38cbf12c7fd4f6616ad09	6072
docs/media/uploads/2020/10/2041ceda-7d9e-43f1-989a-d0e600673343-179x116.jpg	60000aaf5cfdb14bc365ec82511e951e954509f5	6397
docs/media/uploads/2020/10/2041ceda-7d9e-43f1-989a-d0e600673343-179x120.jpg	fc9a7ff5f11eff0992577407ad3bcd10852dff3d	6440
docs/media/uploads/2020/10/2041ceda-7d9e-43f1-989a-d0e600673343-225x300.jpg	e5d2554cd348d616b94cf70e56dbfd353291682c	14621
docs/media/uploads/2020/10/2041ceda-7d9e-43f1-989a-d0e600673343-266x179.jpg	3957d575c66ac441ea49d06795a6b5d2cb643577	11984
docs/media/uploads/2020/10/2041ceda-7d9e-43f1-989a-d0e600673343-274x183.jpg	5b53406903b807c4de8a973738c8619165fe67d3	12390
docs/media/uploads/2020/10/2041ceda-7d9e-43f1-989a-d0e600673343-333x227.jpg	9cac69f604aa30848064a632d21a7b97befba712	17017
docs/media/uploads/2020/10/2041ceda-7d9e-43f1-989a-d0e600673343-347x233.jpg	c1dc51fbf9ad531ea42969d692c7f7bd696ca57f	17938
docs/media/uploads/2020/10/2041ceda-7d9e-43f1-989a-d0e600673343-359x240.jpg	7b9738c4e8fc3b0638ca7a7f4ce2b6b457a98ea9	18486
docs/media/uploads/2020/10/2041ceda-7d9e-43f1-989a-d0e600673343-364x245.jpg	55790bd774277bc1a1010985480ceea13e6a63d4	19419
docs/media/uploads/2020/10/2041ceda-7d9e-43f1-989a-d0e600673343-367x237.jpg	038cea030665f9a780021a8167c931ce3ae35e86	18811
docs/media/uploads/2020/10/2041ceda-7d9e-43f1-989a-d0e600673343-36x36.jpg	ce4307ed680db9f09ed5a3fb1fad9ee4b94e1682	933
docs/media/uploads/2020/10/2041ceda-7d9e-43f1-989a-d0e600673343-546x300.jpg	4188d7efeb396b01ce5cc79e5940ebb35acc3f53	30343
docs/media/uploads/2020/10/2041ceda-7d9e-43f1-989a-d0e600673343-546x365.jpg	20bc3e39a9cb8373deea6aa8ad0b74bac54f1e24	36146
docs/media/uploads/2020/10/2041ceda-7d9e-43f1-989a-d0e600673343-576x392.jpg	c3947c48fc4ea633f3f088cf9ba3fa6052d017ea	39145
docs/media/uploads/2020/10/2041ceda-7d9e-43f1-989a-d0e600673343-702x432.jpg	bec7d50001a89205e69d1d70d9e313aa79ef8985	48674
docs/media/uploads/2020/10/2041ceda-7d9e-43f1-989a-d0e600673343-765x510.jpg	c07ef8c1156a817ddacc42dbea944face06dc27e	59258
docs/media/uploads/2020/10/2041ceda-7d9e-43f1-989a-d0e600673343-768x1024.jpg	cd463f12f5bd1d5d3fe8d537331c63e94eb5db7d	96220
docs/media/uploads/2020/10/2041ceda-7d9e-43f1-989a-d0e600673343-80x54.jpg	01201c094fbdace0ad4d93eb0ea319d88cab1b21	1883
docs/media/uploads/2020/10/2041ceda-7d9e-43f1-989a-d0e600673343-81x55.jpg	c2f5a6d70e0f2d1cdfeb4064e96ab786e3c55ab4	1995
docs/media/uploads/2020/10/2041ceda-7d9e-43f1-989a-d0e600673343-85x57.jpg	5f855d150f854f8cc0d87037fd38202403dcd52d	2152
docs/media/uploads/2020/10/2041ceda-7d9e-43f1-989a-d0e600673343.jpg	650aa85676712d5ce39465134c4a8894cf875771	59839
docs/media/uploads/2020/10/Kark1-1-112x75.jpeg	b84379e8845988c6fb6369f232ddd68db21348ef	2768
docs/media/uploads/2020/10/Kark1-1-130x87.jpeg	b6b407ac178d73db81e957746535c39cf1bafd5c	3558
docs/media/uploads/2020/10/Kark1-1-150x150.jpeg	02000c6fa8922f89800615138499741798da35aa	6081
docs/media/uploads/2020/10/Kark1-1-165x109.jpeg	b454d345eeb390e11747212596a7ee24d79ee2bd	5228
docs/media/uploads/2020/10/Kark1-1-170x113.jpeg	efa21fc546ee842e3f234851b3d41d26b9e8633b	5579
docs/media/uploads/2020/10/Kark1-1-179x116.jpeg	95204c51c8ab38871bdacf9322cab1550d5fad42	5894
docs/media/uploads/2020/10/Kark1-1-179x120.jpeg	b9293c3eb01e0f57a01d0753218a40359dab7ab8	5946
docs/media/uploads/2020/10/Kark1-1-266x179.jpeg	9c43b885a7c1b83a904edb9c86ca1741e4dd1c6f	11803
docs/media/uploads/2020/10/Kark1-1-274x183.jpeg	ce7dad0e2b1becb1392d6310a95ef2b4eaa4dfc9	12269
docs/media/uploads/2020/10/Kark1-1-300x180.jpeg	07451b8b1c400135bc7d8091e14bfcb7da4d7e8c	12891
docs/media/uploads/2020/10/Kark1-1-333x227.jpeg	92b6462fce6d8ec03fa8021ddb36fa582ca0a821	17288
docs/media/uploads/2020/10/Kark1-1-347x233.jpeg	c470692c19f49d72bd7eae6670445004f5c13f4a	18357
docs/media/uploads/2020/10/Kark1-1-359x240.jpeg	756fe4cf5376db9deb245abaeded9dc848887258	19038
docs/media/uploads/2020/10/Kark1-1-364x245.jpeg	22c6e2a47cf2e2961869c3646cab7d9f52d9b2ac	19919
docs/media/uploads/2020/10/Kark1-1-367x237.jpeg	e7417d6ee2ec37fb54e5a6df0a9f1b124126ea5d	19324
docs/media/uploads/2020/10/Kark1-1-36x36.jpeg	9a878ac72190302ae58a8ebfaee0a81e3c96b37b	810
docs/media/uploads/2020/10/Kark1-1-546x300.jpeg	2f073741fdd23acb8cf8f7d07e04c7b37ce253b8	34322
docs/media/uploads/2020/10/Kark1-1-546x365.jpeg	88d8a001a2f117e8a34279a9309d137eb7762d33	38530
docs/media/uploads/2020/10/Kark1-1-576x392.jpeg	b55a30d1126d78ea8f3e70e72d004f52247ef80e	41409
docs/media/uploads/2020/10/Kark1-1-702x432.jpeg	1331438327ccf552b81b99957f129540997209ba	52220
docs/media/uploads/2020/10/Kark1-1-765x510.jpeg	7132a97043f3082babe958c34fc6a53e0289092a	61690
docs/media/uploads/2020/10/Kark1-1-80x54.jpeg	319129965784a861361ed06c88cc7f174caa583f	1621
docs/media/uploads/2020/10/Kark1-1-81x55.jpeg	a5bd996d2784522041e06d8ef7cca9f98b57dc63	1706
docs/media/uploads/2020/10/Kark1-1-85x57.jpeg	ea2465b80fdb36dff13e7e9e340351a701bda204	1837
docs/media/uploads/2020/10/Kark1-1.jpeg	cab79db1be87cbe88e57a449fd30add3dfbb7964	38007
docs/media/uploads/2020/10/Kark1-112x75.jpeg	b84379e8845988c6fb6369f232ddd68db21348ef	2768
docs/media/uploads/2020/10/Kark1-130x87.jpeg	b6b407ac178d73db81e957746535c39cf1bafd5c	3558
docs/media/uploads/2020/10/Kark1-150x150.jpeg	02000c6fa8922f89800615138499741798da35aa	6081
docs/media/uploads/2020/10/Kark1-165x109.jpeg	b454d345eeb390e11747212596a7ee24d79ee2bd	5228
docs/media/uploads/2020/10/Kark1-170x113.jpeg	efa21fc546ee842e3f234851b3d41d26b9e8633b	5579
docs/media/uploads/2020/10/Kark1-179x116.jpeg	95204c51c8ab38871bdacf9322cab1550d5fad42	5894
docs/media/uploads/2020/10/Kark1-179x120.jpeg	b9293c3eb01e0f57a01d0753218a40359dab7ab8	5946
docs/media/uploads/2020/10/Kark1-266x179.jpeg	9c43b885a7c1b83a904edb9c86ca1741e4dd1c6f	11803
docs/media/uploads/2020/10/Kark1-274x183.jpeg	ce7dad0e2b1becb1392d6310a95ef2b4eaa4dfc9	12269
docs/media/uploads/2020/10/Kark1-300x180.jpeg	07451b8b1c400135bc7d8091e14bfcb7da4d7e8c	12891
docs/media/uploads/2020/10/Kark1-333x227.jpeg	92b6462fce6d8ec03fa8021ddb36fa582ca0a821	17288
docs/media/uploads/2020/10/Kark1-347x233.jpeg	c470692c19f49d72bd7eae6670445004f5c13f4a	18357
docs/media/uploads/2020/10/Kark1-359x240.jpeg	756fe4cf5376db9deb245abaeded9dc848887258	19038
docs/media/uploads/2020/10/Kark1-364x245.jpeg	22c6e2a47cf2e2961869c3646cab7d9f52d9b2ac	19919
docs/media/uploads/2020/10/Kark1-367x237.jpeg	e7417d6ee2ec37fb54e5a6df0a9f1b124126ea5d	19324
docs/media/uploads/2020/10/Kark1-36x36.jpeg	9a878ac72190302ae58a8ebfaee0a81e3c96b37b	810
docs/media/uploads/2020/10/Kark1-546x300.jpeg	2f073741fdd23acb8cf8f7d07e04c7b37ce253b8	34322
docs/media/uploads/2020/10/Kark1-546x365.jpeg	88d8a001a2f117e8a34279a9309d137eb7762d33	38530
docs/media/uploads/2020/10/Kark1-576x392.jpeg	b55a30d1126d78ea8f3e70e72d004f52247ef80e	41409
docs/media/uploads/2020/10/Kark1-702x432.jpeg	1331438327ccf552b81b99957f129540997209ba	52220
docs/media/uploads/2020/10/Kark1-765x510.jpeg	7132a97043f3082babe958c34fc6a53e0289092a	61690
docs/media/uploads/2020/10/Kark1-80x54.jpeg	319129965784a861361ed06c88cc7f174caa583f	1621
docs/media/uploads/2020/10/Kark1-81x55.jpeg	a5bd996d2784522041e06d8ef7cca9f98b57dc63	1706
docs/media/uploads/2020/10/Kark1-85x57.jpeg	ea2465b80fdb36dff13e7e9e340351a701bda204	1837
docs/media/uploads/2020/10/Kark1.jpeg	cab79db1be87cbe88e57a449fd30add3dfbb7964	38007
docs/media/uploads/2020/10/WhatsApp-Image-2020-10-24-at-7.30.41-PM-112x75.jpeg	965d08fc0e6f7fb1b61837c8e253401d8b0b328b	2686
docs/media/uploads/2020/10/WhatsApp-Image-2020-10-24-at-7.30.41-PM-130x87.jpeg	a4b3d760e50b13632c06d44c0fc6275a7a56eab2	3322
docs/media/uploads/2020/10/WhatsApp-Image-2020-10-24-at-7.30.41-PM-150x150.jpeg	67c9ecdaf670e4c769b7c042f45579dcd743e18a	6066
docs/media/uploads/2020/10/WhatsApp-Image-2020-10-24-at-7.30.41-PM-165x109.jpeg	d5440e49de8fcee270e76cf29a1f4a0e6605f6b2	4723
docs/media/uploads/2020/10/WhatsApp-Image-2020-10-24-at-7.30.41-PM-170x113.jpeg	11620bc5c85f0c4659a64f17c8daf55dc4d514ec	5094
docs/media/uploads/2020/10/WhatsApp-Image-2020-10-24-at-7.30.41-PM-171x300.jpeg	ba1776f2976084c74e94eb642b2d914c64938d7f	12057
docs/media/uploads/2020/10/WhatsApp-Image-2020-10-24-at-7.30.41-PM-179x116.jpeg	bf026db25eecd1f9b93a133dab2e842ad8441036	5361
docs/media/uploads/2020/10/WhatsApp-Image-2020-10-24-at-7.30.41-PM-179x120.jpeg	4af2ea4c0d1bc8253f5b87da74becb03726dff75	5412
docs/media/uploads/2020/10/WhatsApp-Image-2020-10-24-at-7.30.41-PM-266x179.jpeg	5866adf91496f58e9ba96767905505c5911f5662	10225
docs/media/uploads/2020/10/WhatsApp-Image-2020-10-24-at-7.30.41-PM-274x183.jpeg	9a96d38e1486859bf14516f7152061943bb2003e	10532
docs/media/uploads/2020/10/WhatsApp-Image-2020-10-24-at-7.30.41-PM-333x227.jpeg	1be96e5b2b1229bc08532963a7fec0698182b33e	14589
docs/media/uploads/2020/10/WhatsApp-Image-2020-10-24-at-7.30.41-PM-347x233.jpeg	e3117b94498d204045cced3371b2aed9f83e7d0a	15283
docs/media/uploads/2020/10/WhatsApp-Image-2020-10-24-at-7.30.41-PM-359x240.jpeg	a1f39241d554427db1968c6320e4d5e6564d56d6	15845
docs/media/uploads/2020/10/WhatsApp-Image-2020-10-24-at-7.30.41-PM-364x245.jpeg	bee9838a94d11b865d2ee7bf5eff65ef42b44db9	16508
docs/media/uploads/2020/10/WhatsApp-Image-2020-10-24-at-7.30.41-PM-367x237.jpeg	698966f28fce93ebbc537931a0e1c2fba0f64703	15934
docs/media/uploads/2020/10/WhatsApp-Image-2020-10-24-at-7.30.41-PM-36x36.jpeg	4bd0f437c59320565c10a9edee0efe4ffd820a42	840
docs/media/uploads/2020/10/WhatsApp-Image-2020-10-24-at-7.30.41-PM-546x300.jpeg	5afe921925d3b42b532047659a9b51e7ef37aa57	24727
docs/media/uploads/2020/10/WhatsApp-Image-2020-10-24-at-7.30.41-PM-546x365.jpeg	057a935e6c0a1e4672c570ea370ecaf0290bc1d6	30032
docs/media/uploads/2020/10/WhatsApp-Image-2020-10-24-at-7.30.41-PM-576x392.jpeg	e01bbb7dccb8d72867c7128babb01538af690fed	32759
docs/media/uploads/2020/10/WhatsApp-Image-2020-10-24-at-7.30.41-PM-585x1024.jpeg	539fe6a20c9dfd2c8f4de13531d98e253306e25f	86847
docs/media/uploads/2020/10/WhatsApp-Image-2020-10-24-at-7.30.41-PM-702x432.jpeg	af0c42e6b64e91fd255451825420ade6ac9a57d3	39060
docs/media/uploads/2020/10/WhatsApp-Image-2020-10-24-at-7.30.41-PM-765x510.jpeg	8e6fcee0686c81e9d54b62abb0c3c166cdd2d3b7	47704
docs/media/uploads/2020/10/WhatsApp-Image-2020-10-24-at-7.30.41-PM-80x54.jpeg	9923c6d12c668943427a315f9e30052ac6ade59a	1627
docs/media/uploads/2020/10/WhatsApp-Image-2020-10-24-at-7.30.41-PM-81x55.jpeg	5035f04c38717f7f546548bc2061a722a5b4be68	1703
docs/media/uploads/2020/10/WhatsApp-Image-2020-10-24-at-7.30.41-PM-85x57.jpeg	3cd8d91b0acc42e1614747f092251bee43a36862	1827
docs/media/uploads/2020/10/WhatsApp-Image-2020-10-24-at-7.30.41-PM.jpeg	f043d2cd865f1df2b0e4e9961668e8bc62eb28a6	82790
docs/media/uploads/2020/10/a7a015d3-dce3-416a-9843-2419e2a08105-1024x768.jpg	f3f04ccfb5bd1be7e70b75ddef777778be7866a6	104000
docs/media/uploads/2020/10/a7a015d3-dce3-416a-9843-2419e2a08105-112x75.jpg	e97c79d0c7a7cdee3f4bcc3e884aff407d5e0e1f	2800
docs/media/uploads/2020/10/a7a015d3-dce3-416a-9843-2419e2a08105-130x87.jpg	3e9b9f6147c990287298f97acb4d889b3f6c64fc	3441
docs/media/uploads/2020/10/a7a015d3-dce3-416a-9843-2419e2a08105-150x150.jpg	395be4abe8e102e7f66b0f8e344b356025d5ff35	6090
docs/media/uploads/2020/10/a7a015d3-dce3-416a-9843-2419e2a08105-165x109.jpg	89dfb5c9af72993cdfd12fe97a8df855ed47e55e	4924
docs/media/uploads/2020/10/a7a015d3-dce3-416a-9843-2419e2a08105-170x113.jpg	3b551d9c1b56424f195487e1478b366f8e622cbe	5251
docs/media/uploads/2020/10/a7a015d3-dce3-416a-9843-2419e2a08105-179x116.jpg	9a6545c62e32469127a1bc3429eb607130b8a6f6	5597
docs/media/uploads/2020/10/a7a015d3-dce3-416a-9843-2419e2a08105-179x120.jpg	cedcf89f1f19b32cf14cf1fcc02afae618495a76	5586
docs/media/uploads/2020/10/a7a015d3-dce3-416a-9843-2419e2a08105-266x179.jpg	c46d7e819a3426c35524f8360a3b11d17c0ebdd1	10439
docs/media/uploads/2020/10/a7a015d3-dce3-416a-9843-2419e2a08105-274x183.jpg	892168085094414ac2ce9cb782b4c45b03c313a5	10716
docs/media/uploads/2020/10/a7a015d3-dce3-416a-9843-2419e2a08105-300x225.jpg	4269d7109632a52065b02bee8af51c0abcfc5a39	13824
docs/media/uploads/2020/10/a7a015d3-dce3-416a-9843-2419e2a08105-333x227.jpg	8bef6f953e1dcb702977d7761ad0185b626e6ab4	15018
docs/media/uploads/2020/10/a7a015d3-dce3-416a-9843-2419e2a08105-347x233.jpg	87ef8e789157ac1965785dd93e4d5f94bb511ddd	15775
docs/media/uploads/2020/10/a7a015d3-dce3-416a-9843-2419e2a08105-359x240.jpg	b38351f10b107d525ba6561fbab85ef7b0b25866	16216
docs/media/uploads/2020/10/a7a015d3-dce3-416a-9843-2419e2a08105-364x245.jpg	cfc49dfbeebb663b997b03d7a6f55f6d961f7486	16994
docs/media/uploads/2020/10/a7a015d3-dce3-416a-9843-2419e2a08105-367x237.jpg	34900d51b00bdb775b82a5f8ed563f5dc5a6d942	16382
docs/media/uploads/2020/10/a7a015d3-dce3-416a-9843-2419e2a08105-36x36.jpg	bb94995757216f395e8f4d10b91ba5ce8b69ab96	883
docs/media/uploads/2020/10/a7a015d3-dce3-416a-9843-2419e2a08105-546x300.jpg	64f05daef1c699cc1933c2a62cffaa8a2eefe8ed	27731
docs/media/uploads/2020/10/a7a015d3-dce3-416a-9843-2419e2a08105-546x365.jpg	d79d29a87aaecfd42d05ffe4638d8bd3e7b9c16a	32852
docs/media/uploads/2020/10/a7a015d3-dce3-416a-9843-2419e2a08105-576x392.jpg	efa3473aeaf2d7c12deca85fbd22c2d0aaa899c3	36175
docs/media/uploads/2020/10/a7a015d3-dce3-416a-9843-2419e2a08105-702x432.jpg	83a57ab2f8e364a4984aafc01f3d279330c74319	46261
docs/media/uploads/2020/10/a7a015d3-dce3-416a-9843-2419e2a08105-765x510.jpg	cc5f0136857b57328708bcbe059afeea7c40cc72	57792
docs/media/uploads/2020/10/a7a015d3-dce3-416a-9843-2419e2a08105-768x576.jpg	4cb16bb4031f9060e3827a21c2597d4c8a54e164	64304
docs/media/uploads/2020/10/a7a015d3-dce3-416a-9843-2419e2a08105-80x54.jpg	98153d4042c71cb2758a2801d5b093c95ed282b4	1724
docs/media/uploads/2020/10/a7a015d3-dce3-416a-9843-2419e2a08105-81x55.jpg	9c4b0a4afd56e68bf082e3b6c6431ddbbab3cb13	1768
docs/media/uploads/2020/10/a7a015d3-dce3-416a-9843-2419e2a08105-85x57.jpg	d6e0058af53bff3069c42061e91aca88443200af	1924
docs/media/uploads/2020/10/a7a015d3-dce3-416a-9843-2419e2a08105.jpg	573c8ebab6acd895f158843d0557a1858835ed18	102024
docs/media/uploads/2020/10/d220491b-9e35-4cca-aa19-104d4d62a372-112x75.jpg	3f424011daf2385750af936e1ee72303b760529f	3408
docs/media/uploads/2020/10/d220491b-9e35-4cca-aa19-104d4d62a372-130x87.jpg	b4d2c0cf4075793458e5a46328f1ca88f55512b0	4435
docs/media/uploads/2020/10/d220491b-9e35-4cca-aa19-104d4d62a372-150x150.jpg	a982db46a4aa7778369945488fb8404c9eebf866	8031
docs/media/uploads/2020/10/d220491b-9e35-4cca-aa19-104d4d62a372-165x109.jpg	9397719225d381ba082ce8e111e4d9750d926f32	6509
docs/media/uploads/2020/10/d220491b-9e35-4cca-aa19-104d4d62a372-169x300.jpg	9ee8724583a07a19c762151648e439f7c0706e1d	16830
docs/media/uploads/2020/10/d220491b-9e35-4cca-aa19-104d4d62a372-170x113.jpg	5bd17084ee9f3dd179b98416775cc33d8bcc1691	7013
docs/media/uploads/2020/10/d220491b-9e35-4cca-aa19-104d4d62a372-179x116.jpg	42f30748ad86385274496596f36048690dcfbccf	7464
docs/media/uploads/2020/10/d220491b-9e35-4cca-aa19-104d4d62a372-179x120.jpg	7b20a8c50d9162cb577e300cce0e74ce42d969d0	7539
docs/media/uploads/2020/10/d220491b-9e35-4cca-aa19-104d4d62a372-266x179.jpg	1e4be30b5fdab1aaaf8c40f8a50d7d11db2f502c	15081
docs/media/uploads/2020/10/d220491b-9e35-4cca-aa19-104d4d62a372-274x183.jpg	02ad6d38b042e3db01968032bba9a5bfd866bb7e	15645
docs/media/uploads/2020/10/d220491b-9e35-4cca-aa19-104d4d62a372-333x227.jpg	aedce0546a8ec58fa4ad42f7a640bb8421938e96	22458
docs/media/uploads/2020/10/d220491b-9e35-4cca-aa19-104d4d62a372-347x233.jpg	af177ff8e7a239be52b5960c7fdbd5d700f0d260	23722
docs/media/uploads/2020/10/d220491b-9e35-4cca-aa19-104d4d62a372-359x240.jpg	f8b9ad2cd8879da9faf5bfbeb4a062c7a8ea909f	24600
docs/media/uploads/2020/10/d220491b-9e35-4cca-aa19-104d4d62a372-364x245.jpg	096cf06f0fa5067c0f6bac92ee621b7012864582	25736
docs/media/uploads/2020/10/d220491b-9e35-4cca-aa19-104d4d62a372-367x237.jpg	6a2b8cc717c216ca8789b61f19d72e332397787b	24833
docs/media/uploads/2020/10/d220491b-9e35-4cca-aa19-104d4d62a372-36x36.jpg	8b03811a6b896b3cc6cab42c244d87bec81d7944	924
docs/media/uploads/2020/10/d220491b-9e35-4cca-aa19-104d4d62a372-546x300.jpg	340471c3b58b87ab1edc1c475a55f2b1a832938f	40532
docs/media/uploads/2020/10/d220491b-9e35-4cca-aa19-104d4d62a372-546x365.jpg	1e59d0ebfa9fd182fca438face07fe1ee3be3738	49139
docs/media/uploads/2020/10/d220491b-9e35-4cca-aa19-104d4d62a372-576x1024.jpg	14256af0a3beeca83111efa17c2582763946ffa2	140415
docs/media/uploads/2020/10/d220491b-9e35-4cca-aa19-104d4d62a372-576x392.jpg	b81196fa382a3fbc457f1d4ef4b526f5d23c153d	53142
docs/media/uploads/2020/10/d220491b-9e35-4cca-aa19-104d4d62a372-702x432.jpg	f80f29c92548f3e0ce8c8ae5a117f2a3b4263da5	64235
docs/media/uploads/2020/10/d220491b-9e35-4cca-aa19-104d4d62a372-765x510.jpg	d3b80ca66199489b2d1d031ba1c5ff32adffeb32	78924
docs/media/uploads/2020/10/d220491b-9e35-4cca-aa19-104d4d62a372-80x54.jpg	6c94e52180637ce5ed0bce4d1806d744d787a434	1964
docs/media/uploads/2020/10/d220491b-9e35-4cca-aa19-104d4d62a372-81x55.jpg	e2029848d9aa34192764ce6f5edac57cea7010c7	2051
docs/media/uploads/2020/10/d220491b-9e35-4cca-aa19-104d4d62a372-85x57.jpg	cfea38fe6ac7a3e505682ded7ea5e5d2389401fe	2217
docs/media/uploads/2020/10/d220491b-9e35-4cca-aa19-104d4d62a372.jpg	4a9452c6e3d8f5bfcbc4580126c01041d033d7b4	103704
docs/media/uploads/2020/10/e0c151bc-0bb9-4d45-a4f3-5c9c82e681fb-112x75.jpg	ee184098b81a2fb4d641a85c4600a07d0142f128	3820
docs/media/uploads/2020/10/e0c151bc-0bb9-4d45-a4f3-5c9c82e681fb-130x87.jpg	958bd41efbcccd93e08099996fa1bd6e80b61939	4916
docs/media/uploads/2020/10/e0c151bc-0bb9-4d45-a4f3-5c9c82e681fb-150x150.jpg	5ddafb41a38f85551eb8273e297cce0bb94197ce	7599
docs/media/uploads/2020/10/e0c151bc-0bb9-4d45-a4f3-5c9c82e681fb-165x109.jpg	89d0d5a7e6acaf2b983339d3aa41e61a8c968d1c	7164
docs/media/uploads/2020/10/e0c151bc-0bb9-4d45-a4f3-5c9c82e681fb-170x113.jpg	720b470fd5a9d4c670790b5e8ca63993c7160d47	7613
docs/media/uploads/2020/10/e0c151bc-0bb9-4d45-a4f3-5c9c82e681fb-179x116.jpg	8d9a8b6d8a8092038cb00e5e963895c1d139211a	8143
docs/media/uploads/2020/10/e0c151bc-0bb9-4d45-a4f3-5c9c82e681fb-179x120.jpg	ddbeed3c3ceadc0e21598b070fcc19eebc4fbd38	8125
docs/media/uploads/2020/10/e0c151bc-0bb9-4d45-a4f3-5c9c82e681fb-224x300.jpg	5261da013b56a79dbbba7b71970f18a13330a76c	18638
docs/media/uploads/2020/10/e0c151bc-0bb9-4d45-a4f3-5c9c82e681fb-266x179.jpg	8c3a59262354f09bdae212a523f2c6dc4f6a15e0	16025
docs/media/uploads/2020/10/e0c151bc-0bb9-4d45-a4f3-5c9c82e681fb-274x183.jpg	73e8efd5640005ba13bb48a853f74d2c5a995995	16498
docs/media/uploads/2020/10/e0c151bc-0bb9-4d45-a4f3-5c9c82e681fb-333x227.jpg	fa48176ed689cf7ca4183e351163eca46ee34908	23180
docs/media/uploads/2020/10/e0c151bc-0bb9-4d45-a4f3-5c9c82e681fb-347x233.jpg	8f62dfb18b04748fed269ee50f5818992b6dc577	24618
docs/media/uploads/2020/10/e0c151bc-0bb9-4d45-a4f3-5c9c82e681fb-359x240.jpg	11ede0545cd4ea9244c4299a320f9845b866101e	25427
docs/media/uploads/2020/10/e0c151bc-0bb9-4d45-a4f3-5c9c82e681fb-364x245.jpg	797334d8969ca98dd28e1228be021262913bc072	26485
docs/media/uploads/2020/10/e0c151bc-0bb9-4d45-a4f3-5c9c82e681fb-367x237.jpg	d906828373fd80567b6eef3d5d0cd8631daf0b20	26129
docs/media/uploads/2020/10/e0c151bc-0bb9-4d45-a4f3-5c9c82e681fb-36x36.jpg	d2499be82f8522895142d5f64e5d7c07a41277ee	1143
docs/media/uploads/2020/10/e0c151bc-0bb9-4d45-a4f3-5c9c82e681fb-546x300.jpg	f8c39d9ea71335051c4a2dad73553f44dbcee3d5	44101
docs/media/uploads/2020/10/e0c151bc-0bb9-4d45-a4f3-5c9c82e681fb-546x365.jpg	fe31a80f8f37fc5423b1eab69ad6e4b800111fb7	49938
docs/media/uploads/2020/10/e0c151bc-0bb9-4d45-a4f3-5c9c82e681fb-576x392.jpg	830488d02a8572977391e3ce4c49a9a785fe4fa3	53822
docs/media/uploads/2020/10/e0c151bc-0bb9-4d45-a4f3-5c9c82e681fb-702x432.jpg	82759a7e9f20e1ac387ab908a231791c4f438f2c	67173
docs/media/uploads/2020/10/e0c151bc-0bb9-4d45-a4f3-5c9c82e681fb-765x510.jpg	3adb92ab5ae0cff3e1b7964b6724b37049a489d0	79659
docs/media/uploads/2020/10/e0c151bc-0bb9-4d45-a4f3-5c9c82e681fb-80x54.jpg	ab2fc23e9c941412ac9146fe4d92591deb37b991	2330
docs/media/uploads/2020/10/e0c151bc-0bb9-4d45-a4f3-5c9c82e681fb-81x55.jpg	9f1906535e10c13077707dfbc9a8d30dd84ec5f3	2428
docs/media/uploads/2020/10/e0c151bc-0bb9-4d45-a4f3-5c9c82e681fb-85x57.jpg	8bf7590a7ef1754e3e6273270d9ceec11eeb34df	2608
docs/media/uploads/2020/10/e0c151bc-0bb9-4d45-a4f3-5c9c82e681fb.jpg	36cd3f54e5fa11ade50d2e790f51b79731be12ec	256053
docs/media/uploads/2020/10/ee257be5-9259-4da8-b1bc-03c854250070-1024x498.jpg	ac6e30412bd9c8a542543b9f739dc490e6faf168	107748
docs/media/uploads/2020/10/ee257be5-9259-4da8-b1bc-03c854250070-112x75.jpg	ba85ca667481da0d8bbbecc2b30a0c8983072208	2975
docs/media/uploads/2020/10/ee257be5-9259-4da8-b1bc-03c854250070-130x87.jpg	b7193ddb06a8760c678b5404690adb458ada8322	3832
docs/media/uploads/2020/10/ee257be5-9259-4da8-b1bc-03c854250070-150x150.jpg	a46aec7c9b04a1e2f27e0924d1a99ea13b6aec35	6830
docs/media/uploads/2020/10/ee257be5-9259-4da8-b1bc-03c854250070-165x109.jpg	e8324df73a8636ecfa237be7d547b0c4f192e83c	5624
docs/media/uploads/2020/10/ee257be5-9259-4da8-b1bc-03c854250070-170x113.jpg	6396c683161cd2e5e707518e09fb6b7e84c9359c	6020
docs/media/uploads/2020/10/ee257be5-9259-4da8-b1bc-03c854250070-179x116.jpg	6126f4837447b3f0bcc95fe1f0e2a135475279fe	6410
docs/media/uploads/2020/10/ee257be5-9259-4da8-b1bc-03c854250070-179x120.jpg	d36b60003770efdce348d77afbac7d062770b1ef	6463
docs/media/uploads/2020/10/ee257be5-9259-4da8-b1bc-03c854250070-266x179.jpg	b9fc3f84ee8904e999fcdd1bb74e79977832d390	13046
docs/media/uploads/2020/10/ee257be5-9259-4da8-b1bc-03c854250070-274x183.jpg	7964c8cfb9acd2ac0025b804407ef5d5c3bad206	13526
docs/media/uploads/2020/10/ee257be5-9259-4da8-b1bc-03c854250070-300x146.jpg	588bbd7f663a169cbf44f09f61a7c7c34fed8e42	11688
docs/media/uploads/2020/10/ee257be5-9259-4da8-b1bc-03c854250070-333x227.jpg	b9b9a457c8464aa3642d77fab9aef817942bc29a	19814
docs/media/uploads/2020/10/ee257be5-9259-4da8-b1bc-03c854250070-347x233.jpg	28eebc17b5bd8de9bcf3e949988221662bfc8763	21019
docs/media/uploads/2020/10/ee257be5-9259-4da8-b1bc-03c854250070-359x240.jpg	f5d9610ee30bc3b93229f25ee7068b29d829a35b	21807
docs/media/uploads/2020/10/ee257be5-9259-4da8-b1bc-03c854250070-364x245.jpg	74de7338e7117a19c2d0be9b8679402044d99e76	22948
docs/media/uploads/2020/10/ee257be5-9259-4da8-b1bc-03c854250070-367x237.jpg	b8aaa3b753eb09bdf160f73c89f9d19b6da78697	22091
docs/media/uploads/2020/10/ee257be5-9259-4da8-b1bc-03c854250070-36x36.jpg	2de3b7e03027fcf2736a5109f76df435d0baf7e0	852
docs/media/uploads/2020/10/ee257be5-9259-4da8-b1bc-03c854250070-546x300.jpg	901c1f013e2f63d9939fa131583e736e43544d00	38663
docs/media/uploads/2020/10/ee257be5-9259-4da8-b1bc-03c854250070-546x365.jpg	fc8273c4efcbda977445f1154698cc150ea6aeca	48588
docs/media/uploads/2020/10/ee257be5-9259-4da8-b1bc-03c854250070-576x392.jpg	54deb7f12d321338a4eb5b35f5b20d3fa114c569	54159
docs/media/uploads/2020/10/ee257be5-9259-4da8-b1bc-03c854250070-702x432.jpg	362b4872ba0fb6a8dcce9424e334b5ddb55125a6	69214
docs/media/uploads/2020/10/ee257be5-9259-4da8-b1bc-03c854250070-765x510.jpg	1db5e006f373d038ef166512935d336632b2b06d	88861
docs/media/uploads/2020/10/ee257be5-9259-4da8-b1bc-03c854250070-768x374.jpg	f45111c7ddae309331a322baea4438a23e55fdb4	63618
docs/media/uploads/2020/10/ee257be5-9259-4da8-b1bc-03c854250070-80x54.jpg	6e01a5611e62c7c154f1d1ccd7574509b8db407f	1756
docs/media/uploads/2020/10/ee257be5-9259-4da8-b1bc-03c854250070-81x55.jpg	daea18213e775c43192c94b418534ba6529ae960	1870
docs/media/uploads/2020/10/ee257be5-9259-4da8-b1bc-03c854250070-85x57.jpg	33a87ba9e6e28dbdfb88ac6288a5ce62c482bfc9	1961
docs/media/uploads/2020/10/ee257be5-9259-4da8-b1bc-03c854250070.jpg	d636b332afc52fd968a1860af1e6dc638d04592f	98667
docs/media/uploads/2020/10/fo1-112x75.jpg	984cdaa9003df2bc8dd587d7ff72a7efbb3e2295	3793
docs/media/uploads/2020/10/fo1-130x87.jpg	a48be26b5eab7f1ac557cca8e0d82fcd78c705e5	4740
docs/media/uploads/2020/10/fo1-150x150.jpg	79dd49a2576626dcdb1382b15af6916052187eee	8093
docs/media/uploads/2020/10/fo1-165x109.jpg	76391728a4d67a3b61ce40b75cea80b1ab19262e	6861
docs/media/uploads/2020/10/fo1-170x113.jpg	d06f18eea6f05207c09e51ce9ff6aded89b9d56d	7336
docs/media/uploads/2020/10/fo1-179x116.jpg	7c7bd18b28414f8881d724a2e4d14c2126c90c67	7853
docs/media/uploads/2020/10/fo1-179x120.jpg	24a5ab54d21eca66497041750cdaa881acf6b947	7871
docs/media/uploads/2020/10/fo1-266x179.jpg	6dcabc420fea4319f3f2e935e9a186b46f8ad0ae	15945
docs/media/uploads/2020/10/fo1-274x183.jpg	8e23f17322d6e9e36353de7c49eaae9892487ff4	16327
docs/media/uploads/2020/10/fo1-300x200.jpg	8bc7bfba8c503f0f6ca6aad8ae0026cdb8e47fa7	18715
docs/media/uploads/2020/10/fo1-333x227.jpg	6f6fc2e213a158950cd33e1af7dfd51c96bda8c0	23273
docs/media/uploads/2020/10/fo1-347x233.jpg	9c007b1d9494521c908d0eea375297123a41046c	24810
docs/media/uploads/2020/10/fo1-359x240.jpg	66a20a5b31b234bf2aa526578f4ac17c84195229	25617
docs/media/uploads/2020/10/fo1-364x245.jpg	89077534f5460768db09136661bd66d35ac59603	26765
docs/media/uploads/2020/10/fo1-367x237.jpg	ae6926b4e7f85ce49c2a34fda98fb4863ffbe615	26128
docs/media/uploads/2020/10/fo1-36x36.jpg	2d5dcd322d7c9ab947d59cf810e6748a21144920	1194
docs/media/uploads/2020/10/fo1-546x300.jpg	92248bc0e0dc32e5f648147634d8e74f73e0d3d9	43176
docs/media/uploads/2020/10/fo1-546x365.jpg	5ff43578ab15dd5f3e187c94448d8b1ab41ab4c3	51961
docs/media/uploads/2020/10/fo1-576x392.jpg	cf8a8b7d727de3cfbfc31ff8df11fed64086e32e	56285
docs/media/uploads/2020/10/fo1-702x432.jpg	ac3b8ffb6c7400920ef4979e9a52015696c11d7d	69355
docs/media/uploads/2020/10/fo1-765x510.jpg	613b5d356c1a3c574a1f1a1724d1b7fbe71e8a50	85495
docs/media/uploads/2020/10/fo1-80x54.jpg	cf11f8974e86603945a0e59ff55da3864bf7069d	2263
docs/media/uploads/2020/10/fo1-81x55.jpg	70df95ed3ac75443f6909e78f59856d227cbbba7	2394
docs/media/uploads/2020/10/fo1-85x57.jpg	a4d900c473b9ee42513cbe954440781c5e92438a	2538
docs/media/uploads/2020/10/fo1.jpg	bd5bdd8c62ce7319e2eed4f02289b2bec53cbb36	110516
docs/media/uploads/2020/10/fo2-112x75.jpg	e416091f0a71fd886c543de6ff6ddede22cf2536	3210
docs/media/uploads/2020/10/fo2-130x87.jpg	349ecf857dd0725570346edab1b0c31e438e3fe4	3971
docs/media/uploads/2020/10/fo2-150x150.jpg	a4668c7e8db73d8f4300e3ed804b5e82bee31727	6959
docs/media/uploads/2020/10/fo2-165x109.jpg	4606a1aebc6baae3e7846944c65ffe9c7cae08a3	5858
docs/media/uploads/2020/10/fo2-170x113.jpg	147e9a730aed9db0b1a07334a97ed83e3703b09f	6280
docs/media/uploads/2020/10/fo2-179x116.jpg	09f40fd1d0982943c795c75636ed136ca5c6cb1f	6781
docs/media/uploads/2020/10/fo2-179x120.jpg	f97c31ce75d961f5c9c1b56cb77bd26c0bf4b3fa	6699
docs/media/uploads/2020/10/fo2-266x179.jpg	68e2d4dcc85f6baaf762e10679418c8d81a442d2	14428
docs/media/uploads/2020/10/fo2-274x183.jpg	ae16398f1495899360e884d83146b39091f3b5de	14965
docs/media/uploads/2020/10/fo2-300x200.jpg	76b56dad35d9f1f41e50345103c089b3486e5e1b	17116
docs/media/uploads/2020/10/fo2-333x227.jpg	163076dc4d87529d64432a07420e5ac41cc5aa33	21827
docs/media/uploads/2020/10/fo2-347x233.jpg	131679111494f19d5f3a093f42f9546466c8a960	23476
docs/media/uploads/2020/10/fo2-359x240.jpg	b8bec48267c959b1bc0e0f35186131b7a6bdda71	24380
docs/media/uploads/2020/10/fo2-364x245.jpg	1f189dfc34858e704d6a26a6f07bd02cea4b42ac	25573
docs/media/uploads/2020/10/fo2-367x237.jpg	bdacea52dc521e24136acff76965d71a6eb4c373	25081
docs/media/uploads/2020/10/fo2-36x36.jpg	5c525a1638c4429522695c13a0b92e67db317922	1060
docs/media/uploads/2020/10/fo2-546x300.jpg	8534b9b3c955664afe62d97f12c018d996d86c80	45326
docs/media/uploads/2020/10/fo2-546x365.jpg	10fbb92a3ce5a8e1e3f57cf84b54c80a2bcad32b	53120
docs/media/uploads/2020/10/fo2-576x392.jpg	c2f4ebbcdc81fb7f7a4188c48144aeac234fc9e5	58223
docs/media/uploads/2020/10/fo2-702x432.jpg	c74bb9ad436de2a497c1b5efd6bb075ce9ad8586	72852
docs/media/uploads/2020/10/fo2-765x510.jpg	379a93a63ffcc15fc0d7dedf42acb50b431cdb21	89684
docs/media/uploads/2020/10/fo2-80x54.jpg	7db2cf79e7ada00662b9840675832362aa066e44	1963
docs/media/uploads/2020/10/fo2-81x55.jpg	33f377152d32703841e5943ee26f090668fc9c65	2077
docs/media/uploads/2020/10/fo2-85x57.jpg	292d76f1ade71fd19f3a7fac866baa6a4e4f390d	2201
docs/media/uploads/2020/10/fo2.jpg	b55926c278bd2a951d444581971e4cdf02d3d9a4	119180
docs/media/uploads/2020/10/fo3-112x75.jpg	ccb495ea681f566462f4fb697f32afb40c0e3a48	3210
docs/media/uploads/2020/10/fo3-130x87.jpg	e46ac6b4da03fab36f9ddeb34a00636e5a94c56a	3839
docs/media/uploads/2020/10/fo3-150x150.jpg	fef81cd06622a9667dc974ef828a7de79025803e	6078
docs/media/uploads/2020/10/fo3-165x109.jpg	adf6e0aa549779aa92eefd42a8c9fec69c10eb46	5422
docs/media/uploads/2020/10/fo3-170x113.jpg	68ea0090400fcacc59f7a355ce463fe750960744	5781
docs/media/uploads/2020/10/fo3-179x116.jpg	860a2eeda05af045dc53c84bf690b90841a6f722	6134
docs/media/uploads/2020/10/fo3-179x120.jpg	3e870bbc5e218dac1fcbf21be7777f7efc44ef77	6061
docs/media/uploads/2020/10/fo3-266x179.jpg	7bd68daea3b8250fed6e33005d29350259bcf9a1	11438
docs/media/uploads/2020/10/fo3-274x183.jpg	477bafe7714dca60ab3538a756b0d4ec88b1d8cc	11746
docs/media/uploads/2020/10/fo3-300x200.jpg	83af5d9de681b672afd7dc4a18f1f161572529cc	13395
docs/media/uploads/2020/10/fo3-333x227.jpg	fca332ce3543e44518660a3a831d6bf9e1c45f22	16136
docs/media/uploads/2020/10/fo3-347x233.jpg	6d9a1dac15f430863925d0c36af1ebc47463606c	17375
docs/media/uploads/2020/10/fo3-359x240.jpg	4bab303b3271862ba249d665ca89e4817b03102d	17714
docs/media/uploads/2020/10/fo3-364x245.jpg	3f5707a053cd4e64a1cd2fc61f62910249a16aef	18619
docs/media/uploads/2020/10/fo3-367x237.jpg	2aca799dc8f9cdb61dfb1aca9fc4537214d785e7	18028
docs/media/uploads/2020/10/fo3-36x36.jpg	e3bc44e6eaa1c972d858cb28b2a9909dcb49576e	1164
docs/media/uploads/2020/10/fo3-546x300.jpg	810d40929e896da00a43497cc6c00de40466c798	26522
docs/media/uploads/2020/10/fo3-546x365.jpg	993812d8eae97376583e99615a4e0283faef0d90	34403
docs/media/uploads/2020/10/fo3-576x392.jpg	29f23d60dbd8d336b75f5c04ad9a8747988c2754	36945
docs/media/uploads/2020/10/fo3-702x432.jpg	3d8c64d01685bafede93df1f5eab58ea38fa2f2e	44354
docs/media/uploads/2020/10/fo3-765x510.jpg	fbf08f6b5a0aba47b195b36f6fc01ed845f25dc8	55679
docs/media/uploads/2020/10/fo3-80x54.jpg	37892cda6edc0f77419812f4c010e1c046a7fe6e	2047
docs/media/uploads/2020/10/fo3-81x55.jpg	9f553bf9b2dea515d22469dfca591e3cb696a003	2124
docs/media/uploads/2020/10/fo3-85x57.jpg	15f17f54338b5739ca28e44f7de203a16890edbc	2300
docs/media/uploads/2020/10/fo3.jpg	1c54a11fedf65f441ea692fc2de2b8619b90063a	76905
docs/media/uploads/2020/10/fo4-112x75.jpg	cfb327cadfc0b17f50e24d8f9b79bfe74690bf92	2809
docs/media/uploads/2020/10/fo4-130x87.jpg	0ad1b85c1d081cbf1ed01d218efdb17905538739	3376
docs/media/uploads/2020/10/fo4-150x150.jpg	91203ce39eea41245d9bd25d4a48957b989eb585	5396
docs/media/uploads/2020/10/fo4-165x109.jpg	94da91597d76c60eea0462206a91ce1a1b4f00e1	4604
docs/media/uploads/2020/10/fo4-170x113.jpg	4999b9ff7f1215fb405316e2bb4ec2e053990eda	4866
docs/media/uploads/2020/10/fo4-179x116.jpg	38088f95d1f903e1a3877de1828e509db13c340d	5233
docs/media/uploads/2020/10/fo4-179x120.jpg	a1438884a21b58c8eca23d3bb3369025e15622e9	5217
docs/media/uploads/2020/10/fo4-266x179.jpg	b5dc5a3d4aec7db47bcbe3c54f2e6613abc30f49	10330
docs/media/uploads/2020/10/fo4-274x183.jpg	f2a2906875b5784841edaf736d839fcfa9b7ba86	10743
docs/media/uploads/2020/10/fo4-300x200.jpg	e72189682dad04baeef6168c1cfebbe3e59a695d	12432
docs/media/uploads/2020/10/fo4-333x227.jpg	f11dfa25b95ab05406b94e736e4c8cfb742e593d	15327
docs/media/uploads/2020/10/fo4-347x233.jpg	e7b28ab5f9cdd19d026a710b591de2f76a46982b	16459
docs/media/uploads/2020/10/fo4-359x240.jpg	4578d6d37ffee646f8b3034d8bb9e0b1b8c0f00f	17186
docs/media/uploads/2020/10/fo4-364x245.jpg	5ebeb17534eda4ba986623268e1aa2eb4e1e0f81	17842
docs/media/uploads/2020/10/fo4-367x237.jpg	e1442edb0d1aefa8d2c154834d005865f6fba818	17740
docs/media/uploads/2020/10/fo4-36x36.jpg	56951ea1df76313b7f6a3885563e6bd76c65ad94	1123
docs/media/uploads/2020/10/fo4-546x300.jpg	e85db81b6e10df2db2f78fc993ef81677f082062	33026
docs/media/uploads/2020/10/fo4-546x365.jpg	b7bbfcdbc1ceb01c856a02e6fd5126315095d1ba	35979
docs/media/uploads/2020/10/fo4-576x392.jpg	048cac0591ff1e6095097a0fabfd59614321a531	39900
docs/media/uploads/2020/10/fo4-702x432.jpg	0c1cb6009efb529fe814a88c7e05382c40b94dcf	51487
docs/media/uploads/2020/10/fo4-765x510.jpg	a832e25dad64af35044f3a8eb1c75c538f673006	61018
docs/media/uploads/2020/10/fo4-80x54.jpg	741c1d9ef44667a00cdc3dd89772475f5dd88d31	1908
docs/media/uploads/2020/10/fo4-81x55.jpg	d8ddab2644c40353cdd4acf0c0ea80223cf32c3c	1956
docs/media/uploads/2020/10/fo4-85x57.jpg	e21e117acbcf9026f48e5dc2e3a3eaa62d1ea7d6	2097
docs/media/uploads/2020/10/fo4.jpg	d97096f6343ee981e11eedd416171f2c4fa8ea63	84687
docs/media/uploads/2020/10/fo5-112x75.jpg	eb1c9a924ff40c525659a6efe51a84ecf383f14f	2135
docs/media/uploads/2020/10/fo5-130x87.jpg	f74db69a365556b08379c5333af5ed02555c195e	2453
docs/media/uploads/2020/10/fo5-150x150.jpg	a4016a68f0cfa9566a2ac984cc0b1f4cfb61f95a	3827
docs/media/uploads/2020/10/fo5-165x109.jpg	8699103792d0b8c8e0b8da5f1b0c0751ce6f377e	3202
docs/media/uploads/2020/10/fo5-170x113.jpg	d09ec58a14655d1e741c76039f84067a38749915	3448
docs/media/uploads/2020/10/fo5-179x116.jpg	e83c8e89189fd57dbe6cef6efaaa8fe0395b7206	3603
docs/media/uploads/2020/10/fo5-179x120.jpg	b1e4b19f98e0943058fa8ddb6290df953e3aaa70	3607
docs/media/uploads/2020/10/fo5-266x179.jpg	8e7c2055f356d93ccc1716022e383dddc5f511b3	6601
docs/media/uploads/2020/10/fo5-274x183.jpg	225df1d251b0b09968bb0bd563a66e2a96fa5c50	6857
docs/media/uploads/2020/10/fo5-300x200.jpg	98e7d380648f961a5344e8bf0fb23890f06a852d	7691
docs/media/uploads/2020/10/fo5-333x227.jpg	9002575bf0c1368e5b81084d28bebe4db35715b2	9032
docs/media/uploads/2020/10/fo5-347x233.jpg	e35c1bb508e70d27a5223418b3aca30b905f83b3	9732
docs/media/uploads/2020/10/fo5-359x240.jpg	d662efdb64543d3e65b764e06adcb304d3b437a3	10139
docs/media/uploads/2020/10/fo5-364x245.jpg	92f7c40d299f7190a4d78f9d8014bd5972c44dc5	10397
docs/media/uploads/2020/10/fo5-367x237.jpg	2ee59ccc2a68919b449765e89e5f6819502ac4ea	10667
docs/media/uploads/2020/10/fo5-36x36.jpg	688af0557b9332a1069e88b7e1283cf1d34cf415	978
docs/media/uploads/2020/10/fo5-546x300.jpg	90d4614fdee40fe2f70ee11e8de8466a2cbcfe8e	17185
docs/media/uploads/2020/10/fo5-546x365.jpg	9f7dee79994312d66094024418a55b97c6614a31	19617
docs/media/uploads/2020/10/fo5-576x392.jpg	6fc044b6144f74075df5f0220f391af34000bd66	20829
docs/media/uploads/2020/10/fo5-702x432.jpg	6d4c1aed6f039bb11cbef01bcec1e65c9ba2ce6c	26919
docs/media/uploads/2020/10/fo5-765x510.jpg	6384dbf1889c9f498273232194a86cd719d10344	31684
docs/media/uploads/2020/10/fo5-80x54.jpg	ab1e0324273b422664bda0ec9ae78437e20a0838	1520
docs/media/uploads/2020/10/fo5-81x55.jpg	fe49afbdab374bd3d23645692042035b45b205cc	1561
docs/media/uploads/2020/10/fo5-85x57.jpg	d1dc1e12352ec0d8a2d9a1e6d00e8c68ef119bd0	1613
docs/media/uploads/2020/10/fo5.jpg	08a4f6c556ebea9d8ddacd5e28fe7969b875ab80	59508
docs/media/uploads/2020/10/ok-112x75.jpg	a5b56d8fe006a97f9ba84961af64b0824e80f527	2148
docs/media/uploads/2020/10/ok-130x87.jpg	b988aebc4e225e80c198f9d99b1022fd7c644c63	2614
docs/media/uploads/2020/10/ok-150x150.jpg	fe92fd34bbf486bb19e90e92e16c77279c2af85e	4629
docs/media/uploads/2020/10/ok-165x109.jpg	ee1c01bc7d2dc8d0f99807cb5739a4ab7a9344bd	3616
docs/media/uploads/2020/10/ok-170x113.jpg	fc36276088247fd11cbabdbf6177847ebec01449	3922
docs/media/uploads/2020/10/ok-179x116.jpg	e765e03df71a2477f226f10a6b3d5e9e426fb82a	4115
docs/media/uploads/2020/10/ok-179x120.jpg	91fd39455435f55b4e10c7ebbcb56563d06973cd	4157
docs/media/uploads/2020/10/ok-266x179.jpg	76456eae97712aac0b6c77582cc5221d2c567bb8	8227
docs/media/uploads/2020/10/ok-274x183.jpg	ece82dc0a43e13d9b49ef4653853fa881c868201	8524
docs/media/uploads/2020/10/ok-300x200.jpg	292e40904f52b34fe3fc2eee854d2bbac3439ca7	9873
docs/media/uploads/2020/10/ok-333x227.jpg	e5b654ba226460b971ff96b8332c482f837c67b7	13863
docs/media/uploads/2020/10/ok-347x233.jpg	07d04208872730250ac3b14a28ea69d31c4cd7d7	15109
docs/media/uploads/2020/10/ok-359x240.jpg	5e8fb8b95769abdd37adc6c80d85e4fae2d02fcc	16103
docs/media/uploads/2020/10/ok-364x245.jpg	b42ad24e1233eca6925782d95b4ae55a187e4462	17089
docs/media/uploads/2020/10/ok-367x237.jpg	939b2c9e76755724a57cb1cce3df757bc5d74943	16581
docs/media/uploads/2020/10/ok-36x36.jpg	849119c9172538f96a4eb5b635cc6914bedec817	989
docs/media/uploads/2020/10/ok-546x300.jpg	19c619f2a496844ae6f61b74804c1617e4666084	37357
docs/media/uploads/2020/10/ok-546x365.jpg	be9dc1c7c88e7fc0d07fcb208003b1a5ce46706c	45021
docs/media/uploads/2020/10/ok-576x392.jpg	8eb35592fed7a3c26831c7c5c6b30252815d8d0f	50724
docs/media/uploads/2020/10/ok-702x432.jpg	ea0a3ba3b119d2b476045dc46b07c5a7e3bfe4f0	65843
docs/media/uploads/2020/10/ok-765x510.jpg	d5e6c183c8464f81e3256b1950579fe0a0d8c629	83250
docs/media/uploads/2020/10/ok-80x54.jpg	03f4f8631ceafa840dd3e7d761e35b9f640158d8	1465
docs/media/uploads/2020/10/ok-81x55.jpg	dd9cae2dc2677e023970c7d8b96263c491105d78	1522
docs/media/uploads/2020/10/ok-85x57.jpg	578167cb8cac1065d4d2509178f0b801d7ab42f5	1617
docs/media/uploads/2020/10/ok.jpg	a48331fe9f34fdc51b4eccfcfcadbe42e5e8b4da	105715
docs/media/uploads/2020/10/فريدي-كيروز-112x75.jpg	6fe0391e951418b2aed04390cf3b0dc19f323165	3470
docs/media/uploads/2020/10/فريدي-كيروز-130x87.jpg	b6d2c5bd13d9dd61bdf3d881f153ce0790dca66f	4258
docs/media/uploads/2020/10/فريدي-كيروز-150x150.jpg	6768704378d7a5d0a826681983231480fd391658	7309
docs/media/uploads/2020/10/فريدي-كيروز-165x109.jpg	a59da849608d7676d97fb6428b2162e1fd0480cb	6098
docs/media/uploads/2020/10/فريدي-كيروز-170x113.jpg	44735cd38483d277761c1c27dcecf2175df7fccf	6592
docs/media/uploads/2020/10/فريدي-كيروز-179x116.jpg	8c54c84050a799873318a2f32624a9ee6a2320ac	6836
docs/media/uploads/2020/10/فريدي-كيروز-179x120.jpg	f0d818235ed08a80cd19a41e6f9bed86b9335e28	6915
docs/media/uploads/2020/10/فريدي-كيروز-2-112x75.jpg	2f39771654cb12bce522984a7e7ca1588d447ef5	1835
docs/media/uploads/2020/10/فريدي-كيروز-2-130x87.jpg	c1d6655651150d9b9ffe75a9aa702de06798d4f2	2052
docs/media/uploads/2020/10/فريدي-كيروز-2-150x150.jpg	a51fde370e6319b4aeb2cb4068ecbf6f7ce2cd87	3647
docs/media/uploads/2020/10/فريدي-كيروز-2-165x109.jpg	f13a09d9b647cf21845e4872b6925c7df469e9c7	2864
docs/media/uploads/2020/10/فريدي-كيروز-2-170x113.jpg	3b7e27eccf668811325c7e81537549b24b58eeb4	3092
docs/media/uploads/2020/10/فريدي-كيروز-2-179x116.jpg	9ebc3c0af8046d172a0f3120ad1b7383f5d08890	3267
docs/media/uploads/2020/10/فريدي-كيروز-2-179x120.jpg	3d61ab13b81a3b5fb064ec05012f26ac94fdba90	3219
docs/media/uploads/2020/10/فريدي-كيروز-2-266x179.jpg	0148dea3d1937da6b8f1fbf9930d4803eb2ed3d2	6151
docs/media/uploads/2020/10/فريدي-كيروز-2-274x183.jpg	11d38cadc90f715e15023781589ff59f8573a4a6	6354
docs/media/uploads/2020/10/فريدي-كيروز-2-300x200.jpg	1ee5473e18864cbcff802ce9fe4b73910c95d778	7147
docs/media/uploads/2020/10/فريدي-كيروز-2-333x227.jpg	d16302103be204efed52372f9dc308a6523f6f3d	8802
docs/media/uploads/2020/10/فريدي-كيروز-2-347x233.jpg	fffd191043e36be921d2d2b17e2ed8917be3444f	9408
docs/media/uploads/2020/10/فريدي-كيروز-2-359x240.jpg	795b95a45891cffb1da8451fc91e6580831b83d0	9786
docs/media/uploads/2020/10/فريدي-كيروز-2-364x245.jpg	ad4acea5c6455704179d1cf55a4985c9f3fd2e47	9592
docs/media/uploads/2020/10/فريدي-كيروز-2-367x237.jpg	80617f15caaf85d266eafe0e9f20507d15a005bc	10754
docs/media/uploads/2020/10/فريدي-كيروز-2-36x36.jpg	785453d829ce1754ea1420248e6a6be17f114fa8	837
docs/media/uploads/2020/10/فريدي-كيروز-2-546x300.jpg	fd32d04608e0719136d3d30c2f5d5787a0a442eb	17767
docs/media/uploads/2020/10/فريدي-كيروز-2-546x365.jpg	3b7f7984578343500c50dd4b47a4660dbf17a6cf	19361
docs/media/uploads/2020/10/فريدي-كيروز-2-576x392.jpg	014f4cadbb952e775187bef3f2f256f5b7566f93	20703
docs/media/uploads/2020/10/فريدي-كيروز-2-702x432.jpg	67608ba32a8c46358a9271da1bbaf08c476a242f	26838
docs/media/uploads/2020/10/فريدي-كيروز-2-765x510.jpg	07f1881d306ba6258480bd120cab566a875d9ba6	30996
docs/media/uploads/2020/10/فريدي-كيروز-2-80x54.jpg	0fef3eabad3b82856ea9e83309c2ace4a89c2702	1309
docs/media/uploads/2020/10/فريدي-كيروز-2-81x55.jpg	a5c5908a546871cb63ce6bdbac3770badd8a2927	1351
docs/media/uploads/2020/10/فريدي-كيروز-2-85x57.jpg	be3a0d6042e580b3a563862908e703c9e0011870	1356
docs/media/uploads/2020/10/فريدي-كيروز-2.jpg	1eef672b4efd10603ab1b062d972e3b7f9a27dde	63766
docs/media/uploads/2020/10/فريدي-كيروز-266x179.jpg	4e5cc9dcec7fdd980cb8e71a3ffb483b9b2c2e74	13700
docs/media/uploads/2020/10/فريدي-كيروز-274x183.jpg	71b29b9950b5dcd6974e55eb99b676d85e8d144c	14214
docs/media/uploads/2020/10/فريدي-كيروز-300x200.jpg	6413482cb884297101adb9d63e6736f0da511515	16378
docs/media/uploads/2020/10/فريدي-كيروز-333x227.jpg	2d18598637c1b11c199ca4f22248f389982c2cf1	20082
docs/media/uploads/2020/10/فريدي-كيروز-347x233.jpg	ff6c83be40cf1b8fc900c96e4c25eb92ac73245f	21554
docs/media/uploads/2020/10/فريدي-كيروز-359x240.jpg	b64945371763f466b8d0fb74269d9cf96488ec44	22364
docs/media/uploads/2020/10/فريدي-كيروز-364x245.jpg	ae09431c61b22cd6acb178bd9da70a7cf2afe118	23213
docs/media/uploads/2020/10/فريدي-كيروز-367x237.jpg	5a74ac1bbfb6f8f9681c9efa253c0e0f6efa5791	22675
docs/media/uploads/2020/10/فريدي-كيروز-36x36.jpg	aff2ffbacc2ccb2127ef4dd08f7209d651998c6e	1172
docs/media/uploads/2020/10/فريدي-كيروز-546x300.jpg	267f9d5e06307cc81435739701cf14fd314c35cd	37725
docs/media/uploads/2020/10/فريدي-كيروز-546x365.jpg	84427fd478a0eb11b484c43d53540eb50e2cc185	44983
docs/media/uploads/2020/10/فريدي-كيروز-576x392.jpg	d3f259504df6b467ec8b54246ad1cb595ad1d201	49302
docs/media/uploads/2020/10/فريدي-كيروز-702x432.jpg	9146a26c9b47e7cb01b088cac84220e46a8c9cd3	60781
docs/media/uploads/2020/10/فريدي-كيروز-765x510.jpg	7cec23c40f4fc7510f64415b58ac7b555194dd10	74823
docs/media/uploads/2020/10/فريدي-كيروز-80x54.jpg	90846edf1c6baa52cf7bf38e3b703ca3031f3d40	2168
docs/media/uploads/2020/10/فريدي-كيروز-81x55.jpg	f18b4851aaa64ad1e019bff74d23421e231aece6	2251
docs/media/uploads/2020/10/فريدي-كيروز-85x57.jpg	9d06948a1fadbf1e4354b56f08011789054f1c82	2444
docs/media/uploads/2020/10/فريدي-كيروز.jpg	84a92387782ef07fa5759de33cdc8297682116b6	97967
docs/media/uploads/2020/10/كام-112x75.jpg	58768303d456775c0179479e6463dc4764f164b9	2799
docs/media/uploads/2020/10/كام-130x87.jpg	43745dc4247c308f7b3040982999c574a977f5a6	3420
docs/media/uploads/2020/10/كام-150x150.jpg	d5280677f286d7173daf28f589496845ca9b0aec	5666
docs/media/uploads/2020/10/كام-165x109.jpg	b953d2540835cfcc468eb9d81e266f8fb53f1245	4860
docs/media/uploads/2020/10/كام-170x113.jpg	431fb03fda01a44d1af300ca2c1115649417ae42	5263
docs/media/uploads/2020/10/كام-179x116.jpg	977c96319b77791433cbf44ad3880585341831a0	5611
docs/media/uploads/2020/10/كام-179x120.jpg	626ec89e68f014b9183a1d222f31c587afc4eae4	5437
docs/media/uploads/2020/10/كام-266x179.jpg	2d324add577243c545228e4400328b3c8d21a6c2	11388
docs/media/uploads/2020/10/كام-274x183.jpg	b34b64a6eb7116682a5ea37fb3e723ca4f02d107	11739
docs/media/uploads/2020/10/كام-300x200.jpg	2319ef0cd88e77a1edd8974a02f6bd6a608fe758	13341
docs/media/uploads/2020/10/كام-333x227.jpg	a1873e50d50b209a160770edc5390d030e8fb8c2	16629
docs/media/uploads/2020/10/كام-347x233.jpg	23c37fe2caaf3991148a272bc0539d19b1c40041	18039
docs/media/uploads/2020/10/كام-359x240.jpg	609d31a2271082527bb992772af9e6c9a246681c	18436
docs/media/uploads/2020/10/كام-364x245.jpg	3e88dfe21a06f5a8b0d3dc935f9fbbee87f7345c	19387
docs/media/uploads/2020/10/كام-367x237.jpg	36c49dd374d1746b5f58d29605ee4685467f85b5	18962
docs/media/uploads/2020/10/كام-36x36.jpg	885be8745a18b896e584cf8229c710ee1655bcda	1023
docs/media/uploads/2020/10/كام-546x300.jpg	83237871fc555bbac4eda1818cde3586c23e8457	31344
docs/media/uploads/2020/10/كام-546x365.jpg	4225f74020cbc2126c27694f66b95b3c2f35a916	38552
docs/media/uploads/2020/10/كام-576x392.jpg	5b4a1ce4fd8e59c3d92be1b32c8bb5f83dd745ce	41456
docs/media/uploads/2020/10/كام-702x432.jpg	345544126beebe7c0a9c2b48af4f903f30e325df	50389
docs/media/uploads/2020/10/كام-765x510.jpg	5c685b229d4da2c934b89f47606dc8c4ab78899a	62974
docs/media/uploads/2020/10/كام-80x54.jpg	9dbfea31f155c3b8f28141b7520beb459850367c	1788
docs/media/uploads/2020/10/كام-81x55.jpg	b554ae82d65a25b0211a81d1844a0fc979d94d70	1856
docs/media/uploads/2020/10/كام-85x57.jpg	f4a5df9ff28bb02e6b61d761308235ed393dbce9	2024
docs/media/uploads/2020/10/كام.jpg	5bacbacc4745b01b480249d2f40bbb17a5606152	89685
docs/media/uploads/2020/10/ماهر-بجع-1-112x75.jpg	41eaec6fbb68b6493182f26df55aff0f1976d988	3863
docs/media/uploads/2020/10/ماهر-بجع-1-130x87.jpg	5833ad8daceecc54e6753945753c6ba8744112cb	4771
docs/media/uploads/2020/10/ماهر-بجع-1-150x150.jpg	e683f1216be40fd120e77d0ae314622c2ae4c868	7619
docs/media/uploads/2020/10/ماهر-بجع-1-165x109.jpg	8e9fa4c917e3af0a944799902dd7d3bb4de6c73e	6742
docs/media/uploads/2020/10/ماهر-بجع-1-170x113.jpg	5bef20b9a1236ea56331445814a8de519be95282	7353
docs/media/uploads/2020/10/ماهر-بجع-1-179x116.jpg	002fce9aae7747fac052e305aa011661485a644b	7601
docs/media/uploads/2020/10/ماهر-بجع-1-179x120.jpg	960205899cf30f9289a2ba8e07a2b008ab178727	7756
docs/media/uploads/2020/10/ماهر-بجع-1-266x179.jpg	97b1ecaefe94a05567885e5ec16e976cfe70384c	15337
docs/media/uploads/2020/10/ماهر-بجع-1-274x183.jpg	4b5419106e30300b87ef7f931532bb58716e8189	15731
docs/media/uploads/2020/10/ماهر-بجع-1-300x200.jpg	ae3f0f6392b4c8bac2321dc6aafe456671415214	17977
docs/media/uploads/2020/10/ماهر-بجع-1-333x227.jpg	c1a68ea15ae33943d275c95544773e78b8e82a91	22360
docs/media/uploads/2020/10/ماهر-بجع-1-347x233.jpg	aaa755e8cb3aa188cd1d6a7c5876952eca386374	23926
docs/media/uploads/2020/10/ماهر-بجع-1-359x240.jpg	8ec7ca72635ee9553984fd4e21c98d2029e1c831	24749
docs/media/uploads/2020/10/ماهر-بجع-1-364x245.jpg	3aefa52ba17a996396b11423ef61814f35fc3a5b	25788
docs/media/uploads/2020/10/ماهر-بجع-1-367x237.jpg	eed841ecbd51a1d010383595ee2af739833c13ac	24958
docs/media/uploads/2020/10/ماهر-بجع-1-36x36.jpg	c72d342fe891407a348d729a33aa0c025cf67556	1294
docs/media/uploads/2020/10/ماهر-بجع-1-546x300.jpg	01d102fe1ae0bf418adfcfde3b08869fc9b94f2f	41680
docs/media/uploads/2020/10/ماهر-بجع-1-546x365.jpg	f8ce56ac4fdbc3ef663df892faa37d5af1265c01	50005
docs/media/uploads/2020/10/ماهر-بجع-1-576x392.jpg	0a12cf55fed11c5b2f9626187429f00b75424d13	54322
docs/media/uploads/2020/10/ماهر-بجع-1-702x432.jpg	de8a102ffde9a6696b9dacee1a710b0dbe65d5cd	66509
docs/media/uploads/2020/10/ماهر-بجع-1-765x510.jpg	4507742f073045f1a1cb368836a8852a53757368	82579
docs/media/uploads/2020/10/ماهر-بجع-1-80x54.jpg	f8d5109e05185d32c83b2751c87117117e45a7b7	2369
docs/media/uploads/2020/10/ماهر-بجع-1-81x55.jpg	83a0d57c8982cd24418e5f7525f6e5225c597c2e	2453
docs/media/uploads/2020/10/ماهر-بجع-1-85x57.jpg	1ee7a04a234ad9a7486ca19a6504c32c3c13d669	2664
docs/media/uploads/2020/10/ماهر-بجع-1.jpg	f2bbecebf24be059ece9f0deee986b63befecbdb	106041
docs/media/uploads/2020/10/ماهر-بجع-2-112x75.jpg	803418668d665dcd8a1c0d664eaaf82fcf23c9e5	3600
docs/media/uploads/2020/10/ماهر-بجع-2-130x87.jpg	bb41427d2148f7b23487b1c323dfab79923562c1	4404
docs/media/uploads/2020/10/ماهر-بجع-2-150x150.jpg	b2521ea67a22c8e5a90f8a65994616fe410d0a0e	6438
docs/media/uploads/2020/10/ماهر-بجع-2-165x109.jpg	965311ecc5bb5b1ff43d8fb54dedd31b1d855e27	6038
docs/media/uploads/2020/10/ماهر-بجع-2-170x113.jpg	c3ac8edd1349afa56df15de831e4bfe855117127	6497
docs/media/uploads/2020/10/ماهر-بجع-2-179x116.jpg	800f136d72b190ea5db2a760782d0713ec6305a0	6840
docs/media/uploads/2020/10/ماهر-بجع-2-179x120.jpg	c4d97fa591a43c04deda79f89b200f38e49c2472	6849
docs/media/uploads/2020/10/ماهر-بجع-2-266x179.jpg	8642a4ea7bc7f9923d2939e19bbe2c3b1fd5fa55	13040
docs/media/uploads/2020/10/ماهر-بجع-2-274x183.jpg	092bf0fb9575c1f246c95a9afac42a1cead816cb	13467
docs/media/uploads/2020/10/ماهر-بجع-2-300x200.jpg	bdd30d2c373d85c8be4c847b034af41ab9eca8b5	15361
docs/media/uploads/2020/10/ماهر-بجع-2-333x227.jpg	3dbf3c3795e9fce5321f4a6536468492be7dfe5f	18503
docs/media/uploads/2020/10/ماهر-بجع-2-347x233.jpg	bcad16fafb981d213b05a711e1e22995fb4b3050	19904
docs/media/uploads/2020/10/ماهر-بجع-2-359x240.jpg	822843cc0b41a060a5205d0e4a9725f7fe5e151d	20565
docs/media/uploads/2020/10/ماهر-بجع-2-364x245.jpg	5db087b4023f2987c052485af4fadaa5f4c12a02	21309
docs/media/uploads/2020/10/ماهر-بجع-2-367x237.jpg	d25671db1e49a16bc2002897f60bfb74b6a7dd16	20844
docs/media/uploads/2020/10/ماهر-بجع-2-36x36.jpg	70c0cc7f2b8b771ae85c221a5ad1406728b10c3c	1243
docs/media/uploads/2020/10/ماهر-بجع-2-546x300.jpg	1c97d5b198b679021ebb030c7fc421dddea3a49b	33847
docs/media/uploads/2020/10/ماهر-بجع-2-546x365.jpg	1c0562c32bce18da52d1c5274b9b40746dd62214	40206
docs/media/uploads/2020/10/ماهر-بجع-2-576x392.jpg	a05612b2a818bc435d71c9add5f8cf52961a0d69	43693
docs/media/uploads/2020/10/ماهر-بجع-2-702x432.jpg	b476ec26e966e75f91e98d183fc0aaa56f117dbd	53750
docs/media/uploads/2020/10/ماهر-بجع-2-765x510.jpg	3f966815fae8324c537f2423ed54b435f0e843ab	65756
docs/media/uploads/2020/10/ماهر-بجع-2-80x54.jpg	ba47b0bdecb6be1584fa6a71a67ba70792ac75dd	2233
docs/media/uploads/2020/10/ماهر-بجع-2-81x55.jpg	22c51b0f69aa525ee9d63c2e469e6558dd2eb0bd	2347
docs/media/uploads/2020/10/ماهر-بجع-2-85x57.jpg	d9411ec5599c16cbe1999ccba9a4b912b694e54b	2577
docs/media/uploads/2020/10/ماهر-بجع-2.jpg	f249e9b381ab3dd9af6f535e07922ba27dde8593	167059
docs/media/uploads/2020/10/ماهر-كرك-1-112x75.jpg	b656abad449254c21e0e1489dafba789a83bec2f	3367
docs/media/uploads/2020/10/ماهر-كرك-1-130x87.jpg	377840a706761a0db6df71eb2271a265c3575325	4180
docs/media/uploads/2020/10/ماهر-كرك-1-150x150.jpg	bd787a77f2eaaa282a7ac5c66f32e72c31c847a9	6239
docs/media/uploads/2020/10/ماهر-كرك-1-165x109.jpg	2df8fc1d8277a4ee4cfb49ec48617ed3ba92ceea	5785
docs/media/uploads/2020/10/ماهر-كرك-1-170x113.jpg	52bcad380b9a231e527a43ebec7f0118fc47c747	6261
docs/media/uploads/2020/10/ماهر-كرك-1-179x116.jpg	dd259afc1d1b257e6c79533c050558cb60a5896f	6541
docs/media/uploads/2020/10/ماهر-كرك-1-179x120.jpg	fe6007abbeb14d41b029ffe2b613f1c89348154d	6604
docs/media/uploads/2020/10/ماهر-كرك-1-266x179.jpg	bd28981e2fc18736e755c31a10d4a23175deaf62	12636
docs/media/uploads/2020/10/ماهر-كرك-1-274x183.jpg	379dda03103b1de1914f078972748a870af26af4	13180
docs/media/uploads/2020/10/ماهر-كرك-1-300x200.jpg	f5fc5fa44963f1edc6fd6901c216ad6b9bac366a	15028
docs/media/uploads/2020/10/ماهر-كرك-1-333x227.jpg	2b2ecf4097939d9b88995bb4588dfd8679dbdde3	18334
docs/media/uploads/2020/10/ماهر-كرك-1-347x233.jpg	fd910b6a12ffc2abf422fccad3cd6e8b8eb50c3b	19812
docs/media/uploads/2020/10/ماهر-كرك-1-359x240.jpg	99ea492ed8d9e07b976e1a20102fea3acf7a7c4e	20379
docs/media/uploads/2020/10/ماهر-كرك-1-364x245.jpg	c6865c27fca3f680ee4134184073dd91f6904ce9	21161
docs/media/uploads/2020/10/ماهر-كرك-1-367x237.jpg	36db1764183e1786dba709c449e2f8076c496dc4	20767
docs/media/uploads/2020/10/ماهر-كرك-1-36x36.jpg	e77d0e96d5b77f1d3b712a3d50d2e861174669d4	1210
docs/media/uploads/2020/10/ماهر-كرك-1-546x300.jpg	e08aa1afe2506dcf44cceb7e8f7aee394ff8ad18	33564
docs/media/uploads/2020/10/ماهر-كرك-1-546x365.jpg	ca73685e8f22e1fe5b172f2d9e3c28ce4c75e346	41520
docs/media/uploads/2020/10/ماهر-كرك-1-576x392.jpg	7d70740c466d29a3c87f55e26680b94418689426	44768
docs/media/uploads/2020/10/ماهر-كرك-1-702x432.jpg	cf9cd67d6a910c9b7340125bb3f943e0280156c1	55194
docs/media/uploads/2020/10/ماهر-كرك-1-765x510.jpg	ae7c65153f1fae2ed12588274f0e294945eb13af	68599
docs/media/uploads/2020/10/ماهر-كرك-1-80x54.jpg	6ad2fcc6ca5edb7990bd17d3edc0dba7d4dec6aa	2188
docs/media/uploads/2020/10/ماهر-كرك-1-81x55.jpg	a41ab4bbcd97b43ee39927c2f2b7c6ff784397db	2276
docs/media/uploads/2020/10/ماهر-كرك-1-85x57.jpg	8e5242f481d713004e032f2141f235f026ef9ab3	2470
docs/media/uploads/2020/10/ماهر-كرك-1.jpg	ec602fb432b423fc5ae44b6438c8546dc5b808e2	605935
docs/media/uploads/2020/10/ماهر-كرك-2-112x75.jpg	3fab232a14c90c2d2a087bd953aaff2ba6da9e30	3933
docs/media/uploads/2020/10/ماهر-كرك-2-130x87.jpg	cba662f470bd1976e1534d984c1d9e18f66ae233	4802
docs/media/uploads/2020/10/ماهر-كرك-2-150x150.jpg	9cfeda3033ebab470b21388273f1f7e832a643de	8725
docs/media/uploads/2020/10/ماهر-كرك-2-165x109.jpg	e54ca5a55f687d6f399a38fe7e7a2cb29cde32cc	7099
docs/media/uploads/2020/10/ماهر-كرك-2-170x113.jpg	93172d7f3c42357fd168642fa6d6ff954ef7d325	7470
docs/media/uploads/2020/10/ماهر-كرك-2-179x116.jpg	fdd66211e459b13ce4b52debdb1183e712275b13	7923
docs/media/uploads/2020/10/ماهر-كرك-2-179x120.jpg	85906806e82e94915edae10a44ead1aca29f32d3	8008
docs/media/uploads/2020/10/ماهر-كرك-2-200x300.jpg	f1cbd4704449376ccd4071aea6c811e674ca11f2	20126
docs/media/uploads/2020/10/ماهر-كرك-2-266x179.jpg	7d40c1fa0a6e55fa67cb81fbcc79cef470200956	15569
docs/media/uploads/2020/10/ماهر-كرك-2-274x183.jpg	e60b3072df124582de9054ec6b5546103d4dbadb	16050
docs/media/uploads/2020/10/ماهر-كرك-2-333x227.jpg	6e46c6fd8193fc09381c51669769a245ad1000f5	22369
docs/media/uploads/2020/10/ماهر-كرك-2-347x233.jpg	29ad538310451ae0a1d439da79d393b2e66fd8c3	23647
docs/media/uploads/2020/10/ماهر-كرك-2-359x240.jpg	92fe67efd9a46906af2103f822828f1a2a4f662d	24396
docs/media/uploads/2020/10/ماهر-كرك-2-364x245.jpg	759b5d752219e35ffde116113b70b665ab6cdab5	25284
docs/media/uploads/2020/10/ماهر-كرك-2-367x237.jpg	5af836a411afbb874cf27f8d4f01de4d3bba2035	24565
docs/media/uploads/2020/10/ماهر-كرك-2-36x36.jpg	ece9a35b340f25da55a6d833837098e7208613be	1293
docs/media/uploads/2020/10/ماهر-كرك-2-546x300.jpg	4b545bb6d1fbfdbfe56bc71299b90f60b7834ae3	37656
docs/media/uploads/2020/10/ماهر-كرك-2-546x365.jpg	d8a8f82a5fcc33ce75e2212196bd7bc9c0c261e4	45406
docs/media/uploads/2020/10/ماهر-كرك-2-576x392.jpg	4c62d22605c3eef2bf806766dce05ac9f54f1a09	49368
docs/media/uploads/2020/10/ماهر-كرك-2-702x432.jpg	e6b08382cbf1c92aa4443b84ea1cd7def6216ec3	58699
docs/media/uploads/2020/10/ماهر-كرك-2-765x510.jpg	fa877da55558e3ab851fc824c2c5a504d31e14fc	71950
docs/media/uploads/2020/10/ماهر-كرك-2-80x54.jpg	8cb22e985a2d2179c951498032f74551c2ce5d41	2382
docs/media/uploads/2020/10/ماهر-كرك-2-81x55.jpg	9f30b203aae068a1b5e56f8b777be4c895b0d3e5	2466
docs/media/uploads/2020/10/ماهر-كرك-2-85x57.jpg	b02227e009117b2c5467c7cdc168f0e76220982a	2717
docs/media/uploads/2020/10/ماهر-كرك-2.jpg	87daa849f8fc53f2188296016a43ff79471bc225	112038
docs/media/uploads/2020/11/العميد-شمس-الدين-112x75.jpg	2e4e2eaefdf1b5d63e1cf1e9c9e8291715cd4437	3903
docs/media/uploads/2020/11/العميد-شمس-الدين-130x87.jpg	ccd2305bb333376374dfc77c7ec5a92920362a34	4896
docs/media/uploads/2020/11/العميد-شمس-الدين-150x150.jpg	443f00597c86a7ccbb18f194bc77fe4cc2259d0f	7261
docs/media/uploads/2020/11/العميد-شمس-الدين-165x109.jpg	5c2126551ab99903a0fe595acc0246fc4efa74a2	6767
docs/media/uploads/2020/11/العميد-شمس-الدين-170x113.jpg	e259149a59bb625200cf665e7c7f3f16893d41c1	7043
docs/media/uploads/2020/11/العميد-شمس-الدين-179x116.jpg	540d92879174841fe50ffcd6aeeb1d92e553ee3a	7690
docs/media/uploads/2020/11/العميد-شمس-الدين-179x120.jpg	e978eb736b0742b8da1e03b84073fd6868706024	7755
docs/media/uploads/2020/11/العميد-شمس-الدين-266x179.jpg	c2aa76c4ba7641b295de56a6ae44f56b1692c9e3	14470
docs/media/uploads/2020/11/العميد-شمس-الدين-274x183.jpg	217578414bafc5899b11628628e873760e6f231f	14674
docs/media/uploads/2020/11/العميد-شمس-الدين-300x200.jpg	574f7c7fe967cb2a9ccdf2d366d3c4f4878b088d	16617
docs/media/uploads/2020/11/العميد-شمس-الدين-333x227.jpg	b0ff0087d9d86ec2d280111ae673a2e4dc2f9b41	19975
docs/media/uploads/2020/11/العميد-شمس-الدين-347x233.jpg	af2c115e78486cd677f356c983065d806bafb9c1	21318
docs/media/uploads/2020/11/العميد-شمس-الدين-359x240.jpg	96546e1d8ab5d05661deed37e32ed2b49969a901	21915
docs/media/uploads/2020/11/العميد-شمس-الدين-364x245.jpg	79fb112f4193b37b598f61bb7da0e3fd670f9039	22518
docs/media/uploads/2020/11/العميد-شمس-الدين-367x237.jpg	7f74a82ea607c24a414e8d3244994d4ac4143eac	22106
docs/media/uploads/2020/11/العميد-شمس-الدين-36x36.jpg	36ff9ef1a23d2a36cffe3a71ac73836a43fc5345	1275
docs/media/uploads/2020/11/العميد-شمس-الدين-546x300.jpg	82fa0bcb0b6de99a992d5912039e57b3261951a6	34598
docs/media/uploads/2020/11/العميد-شمس-الدين-546x365.jpg	3f50f7939ae7f0012f6d0c8d28e95e09d8834a90	41095
docs/media/uploads/2020/11/العميد-شمس-الدين-576x392.jpg	8e928f4fe2ddb886be477f29f0cbe1768ce56dfd	44704
docs/media/uploads/2020/11/العميد-شمس-الدين-702x432.jpg	f64f8cebd55794aa72573e313a3df765dd0837c0	53846
docs/media/uploads/2020/11/العميد-شمس-الدين-765x510.jpg	7ed0c7db3d738cc106226ea906c3338631136a6d	65175
docs/media/uploads/2020/11/العميد-شمس-الدين-80x54.jpg	8c6ec30a369ab9d2081c2841bc79d05ab6f6a73d	2541
docs/media/uploads/2020/11/العميد-شمس-الدين-81x55.jpg	d670f115d0ee0f7f34d52d5a771d078935e98a8e	2578
docs/media/uploads/2020/11/العميد-شمس-الدين-85x57.jpg	eb490f98d705a24fa6d31f3d898f6f4d5f61eb8e	2768
docs/media/uploads/2020/11/العميد-شمس-الدين.jpg	fa92e9e6dfc84a01a8dedaa5ef1bdea68559e289	93707
docs/media/uploads/2020/11/شيرين-112x75.jpg	0633f5c183fa1df19bb8b0cc59a60954b83f1a80	3799
docs/media/uploads/2020/11/شيرين-130x87.jpg	5d6a03d1ddbf602f5ba4a785e0bfe4f9226c92ed	4776
docs/media/uploads/2020/11/شيرين-150x150.jpg	95a83ea723eaba0de24c63f307708d095e9a8d28	8040
docs/media/uploads/2020/11/شيرين-165x109.jpg	cc8c74d613d4d08c82c4069d1af01dba56452908	6769
docs/media/uploads/2020/11/شيرين-170x113.jpg	c6444542930567d783574f6ffecaa459c13b5181	7088
docs/media/uploads/2020/11/شيرين-179x116.jpg	268c1009f1405f851869b5f8752473603af8ea1c	7614
docs/media/uploads/2020/11/شيرين-179x120.jpg	faa3ddc5abf2763bc41003982882cf0ee468ba31	7790
docs/media/uploads/2020/11/شيرين-266x179.jpg	bd5a02e684b97c9f04b3c5d78ee296cc35f06981	14700
docs/media/uploads/2020/11/شيرين-274x183.jpg	1fbf81717c448be5100b7d53751960cf0d8cca84	15598
docs/media/uploads/2020/11/شيرين-300x200.jpg	39beaba041240cbc1f71979d3c0fa2d31a63f59c	17653
docs/media/uploads/2020/11/شيرين-333x227.jpg	e3fceab5788777fb2179b5ff8a2a989925fb1be2	21973
docs/media/uploads/2020/11/شيرين-347x233.jpg	a062e7b898dc12207a9289102887d6de0c37c0f0	23005
docs/media/uploads/2020/11/شيرين-359x240.jpg	58a100fe04ccef998acf6beb3daed541711782c5	23922
docs/media/uploads/2020/11/شيرين-364x245.jpg	db6c466aa5165025f3cf6fb7b9e278917daf3407	24966
docs/media/uploads/2020/11/شيرين-367x237.jpg	2bb4fdf27d0c0e9875a6da132556522c2f59380b	24564
docs/media/uploads/2020/11/شيرين-36x36.jpg	5861b88936dfc50c64bccf193896adf5bbea3b2e	1262
docs/media/uploads/2020/11/شيرين-546x300.jpg	7f74127571cc344d8a836a0184790ddd0674a2f8	39276
docs/media/uploads/2020/11/شيرين-546x365.jpg	e85af061eaf814dbbbde89c48caf7ba1e8cb1cd0	46052
docs/media/uploads/2020/11/شيرين-576x392.jpg	eaa2a8514b4e3a7bebf3cffa1bb5c103ef0cea5a	50497
docs/media/uploads/2020/11/شيرين-702x432.jpg	70e6965937999903eec1cc41804f2bd730ac3bf4	62376
docs/media/uploads/2020/11/شيرين-765x510.jpg	51242567848ef69658b91e578ffc44a44650a874	73730
docs/media/uploads/2020/11/شيرين-80x54.jpg	87c363395611dafb6b6b0b1862a8a98792c9054f	2354
docs/media/uploads/2020/11/شيرين-81x55.jpg	94a6199c41076cfc9ef10ffb852a8a99088a3372	2429
docs/media/uploads/2020/11/شيرين-85x57.jpg	420037042f3b1d210a1b5f0fa52ac9a82f9ac393	2621
docs/media/uploads/2020/11/شيرين.jpg	d180024086a0bd31ea14805f707830d220daf9f3	102877
docs/media/uploads/2020/11/قواص-الليل-112x75.jpg	731b1102547a9436d7c6f06c1b7552e08557e516	3345
docs/media/uploads/2020/11/قواص-الليل-130x87.jpg	2da556607397d7921a1b572f57bac49d023d5497	4056
docs/media/uploads/2020/11/قواص-الليل-150x150.jpg	3b579c911873b93e8d89511c546c35b95e22fd08	6723
docs/media/uploads/2020/11/قواص-الليل-165x109.jpg	9dfaa646333561549202c5998375f2adee259e7f	5741
docs/media/uploads/2020/11/قواص-الليل-170x113.jpg	7949b60d70d397ddbbc83aa32576a85c4546251a	6128
docs/media/uploads/2020/11/قواص-الليل-179x116.jpg	bddd09a599164b1d68d628ec3c5b3da982c7ecfd	6427
docs/media/uploads/2020/11/قواص-الليل-179x120.jpg	c47603bf34b4baf57066f0fd23f823f290e9b5ba	6352
docs/media/uploads/2020/11/قواص-الليل-266x179.jpg	7d877600076badc93291128ffc23aa7f941219d8	12007
docs/media/uploads/2020/11/قواص-الليل-274x183.jpg	8deb2d9877429963de5ba070ea6ddb992ff74641	12221
docs/media/uploads/2020/11/قواص-الليل-300x200.jpg	e08ee53ec00885dfad859a2b85e9d8d0f6064e9a	13835
docs/media/uploads/2020/11/قواص-الليل-333x227.jpg	6f655ca8041dec33feaab55c84805c340f0da06d	17052
docs/media/uploads/2020/11/قواص-الليل-347x233.jpg	141f75ed46f850a0bac95630d2b8578a2cb702fa	17886
docs/media/uploads/2020/11/قواص-الليل-359x240.jpg	1beaae872c9e67ab944e463339b590cb1b64154c	18320
docs/media/uploads/2020/11/قواص-الليل-364x245.jpg	ba04749a70b8762cc526290e5d830321eb591de3	19062
docs/media/uploads/2020/11/قواص-الليل-367x237.jpg	a01b6735141d5853d2e48888c9e52f1c238b590a	18413
docs/media/uploads/2020/11/قواص-الليل-36x36.jpg	952066f96e6acb74735a563fd00d5b8d37f38a4f	1208
docs/media/uploads/2020/11/قواص-الليل-546x300.jpg	4269c5034f6d7dfe8b847fc965100243e489d71a	29251
docs/media/uploads/2020/11/قواص-الليل-546x365.jpg	4e4a6516f6124ea6e4e9505b8b49ef93d23c82a1	34278
docs/media/uploads/2020/11/قواص-الليل-576x392.jpg	ea4e93849272e3a62d2ff80e278c8617620405c6	36869
