path	git_blob_sha	size_bytes
docs/media/uploads/2020/04/94611844_659311364800857_2814769287732920320_n-112x75.jpg	a23e5d6b02eb612eafe9575e3ac2a6191db91af2	2306
docs/media/uploads/2020/04/94611844_659311364800857_2814769287732920320_n-130x87.jpg	e1df365ffb1c8353e30b519f5514af9af37121c3	2785
docs/media/uploads/2020/04/94611844_659311364800857_2814769287732920320_n-150x150.jpg	74825b206c4e2d5c3ba2ed442914a095326e18a8	4885
docs/media/uploads/2020/04/94611844_659311364800857_2814769287732920320_n-165x109.jpg	040e7fd165314fff4d80f924607ea0b8b772b8c4	3930
docs/media/uploads/2020/04/94611844_659311364800857_2814769287732920320_n-170x113.jpg	6afbf619240b332ef37c4e96d0822d6d8d6bef77	4220
docs/media/uploads/2020/04/94611844_659311364800857_2814769287732920320_n-179x116.jpg	d1a1f18e2a3e86e48f1111000ea5776e21538c71	4463
docs/media/uploads/2020/04/94611844_659311364800857_2814769287732920320_n-179x120.jpg	5ef7aca9b5e01b74894f32ee8209795cf772c54f	4444
docs/media/uploads/2020/04/94611844_659311364800857_2814769287732920320_n-266x179.jpg	408b9e2cde901e80321ff3edd915afc5ab8cf403	8793
docs/media/uploads/2020/04/94611844_659311364800857_2814769287732920320_n-274x183.jpg	24f658b153a190e22d53350ae6ba53e7f0c46043	9109
docs/media/uploads/2020/04/94611844_659311364800857_2814769287732920320_n-300x218.jpg	0c421894e657b96e8caf2696cda85769ee0b7aa1	11270
docs/media/uploads/2020/04/94611844_659311364800857_2814769287732920320_n-333x227.jpg	f5f944d73eec0f0db6b90fdda1d34abf3330fcec	13090
docs/media/uploads/2020/04/94611844_659311364800857_2814769287732920320_n-347x233.jpg	5fabcafca9ee489bb151641b92180ab8e8351e57	14041
docs/media/uploads/2020/04/94611844_659311364800857_2814769287732920320_n-359x240.jpg	71bf2a3f847e62fe8495e4091c78be60af97eca6	14622
docs/media/uploads/2020/04/94611844_659311364800857_2814769287732920320_n-364x245.jpg	1a27bf6214b3f88939e1ae3c90a44c3972cc6538	15308
docs/media/uploads/2020/04/94611844_659311364800857_2814769287732920320_n-367x237.jpg	cf71cf2d7eac3e5a8b1f42c9c444f2b400497ddc	15038
docs/media/uploads/2020/04/94611844_659311364800857_2814769287732920320_n-36x36.jpg	e805d07ac4eadafe5f312ccaf6cb1250fa01fcc4	992
docs/media/uploads/2020/04/94611844_659311364800857_2814769287732920320_n-546x300.jpg	cb80996a04f23ebbaeb36b94bade9a1d40af48ba	28191
docs/media/uploads/2020/04/94611844_659311364800857_2814769287732920320_n-546x365.jpg	7941580490de4bfdb0686582477843ff183a1f25	32554
docs/media/uploads/2020/04/94611844_659311364800857_2814769287732920320_n-576x392.jpg	44809bbac35df526a561a06a0eab134e24392b50	36140
docs/media/uploads/2020/04/94611844_659311364800857_2814769287732920320_n-702x432.jpg	39aa7d6f37be5c2ec5ba83bc8ac54ea7310e94ae	48003
docs/media/uploads/2020/04/94611844_659311364800857_2814769287732920320_n-765x510.jpg	4368123b41399a6bcacb103706c438ebb7959f5e	59819
docs/media/uploads/2020/04/94611844_659311364800857_2814769287732920320_n-768x558.jpg	d553c54d13acc4913018c8b6f1e825205a2ef9ad	64159
docs/media/uploads/2020/04/94611844_659311364800857_2814769287732920320_n-80x54.jpg	642a03c4735b977dc4568c8ee4e09d0c699694cf	1561
docs/media/uploads/2020/04/94611844_659311364800857_2814769287732920320_n-81x55.jpg	01c0094f24ac630f6f606162f37268e0f77a262c	1617
docs/media/uploads/2020/04/94611844_659311364800857_2814769287732920320_n-85x57.jpg	a1a8ab9c359bbde75315c5aab9735d18384a52e6	1692
docs/media/uploads/2020/04/94611844_659311364800857_2814769287732920320_n.jpg	81acb84870cc98f9cf54e2181bb5e9bfb3646d89	84875
docs/media/uploads/2020/04/Bird-Life-112x75.jpg	d4a1f51f5042f2ea39e8b5dcada8192aa3086825	2130
docs/media/uploads/2020/04/Bird-Life-130x87.jpg	1fa9b5133cd6fcfb1766fc07f9d74d9f5c33e976	2518
docs/media/uploads/2020/04/Bird-Life-150x150.jpg	18ccd963420b58f5104f6b9ae7e8ccf22c6ed29f	4872
docs/media/uploads/2020/04/Bird-Life-165x109.jpg	ecc0dc33f209a6281cb379fe2df7fa79a3fe45c8	3270
docs/media/uploads/2020/04/Bird-Life-170x113.jpg	a3491937cb92106dcb01602b17f3e5cac3fa3b17	3467
docs/media/uploads/2020/04/Bird-Life-179x116.jpg	5e54a2db2cf8d26b26ff7ceab6d23442b2e2506a	3717
docs/media/uploads/2020/04/Bird-Life-179x120.jpg	ea522814a730006181646b3de2e20f4f593a7f05	3792
docs/media/uploads/2020/04/Bird-Life-266x179.jpg	0f99a78ad01b7f7055b508ad7102dc0ecfa7d60d	5887
docs/media/uploads/2020/04/Bird-Life-274x183.jpg	aec9ad0755cbf05894e04706b07c717e60018f29	6327
docs/media/uploads/2020/04/Bird-Life-333x227.jpg	fea5778b8c697c843152cd6502bc40eb8802f50a	8084
docs/media/uploads/2020/04/Bird-Life-347x233.jpg	8ed9c41af9949a2b7531fb5f92099fcd3da2e946	8608
docs/media/uploads/2020/04/Bird-Life-359x240.jpg	06e504027db46d93c782cde7a18cc46e49a08058	8650
docs/media/uploads/2020/04/Bird-Life-364x245.jpg	a4bfc594a4ccdb2470bf0a46d6b4c358ee28d96d	9004
docs/media/uploads/2020/04/Bird-Life-367x237.jpg	cc4647f27909007fcf4b7a9aabb404fac02ef430	8468
docs/media/uploads/2020/04/Bird-Life-36x36.jpg	1939bde4841ff5fd43d0d295e5a100aa222ae2d0	1049
docs/media/uploads/2020/04/Bird-Life-546x300.jpg	6d3d99d3827dfd42c6cd4eccd634b136b215b00c	12766
docs/media/uploads/2020/04/Bird-Life-546x365.jpg	94a9a50e9d2f44a1e531784a6700ebb5b00d297d	14809
docs/media/uploads/2020/04/Bird-Life-576x392.jpg	7a843e08caa5ff5f00bd4db7c0e552aad9aa9100	15887
docs/media/uploads/2020/04/Bird-Life-702x432.jpg	57c25a53a749da474e4e20e7db4b7547534cc0fb	18578
docs/media/uploads/2020/04/Bird-Life-765x510.jpg	fd5a3627d822383017bf734ce37e83442c6c2388	22935
docs/media/uploads/2020/04/Bird-Life-80x54.jpg	6d2e6d6752c6423aba54ca5bfd0424399b430c13	1553
docs/media/uploads/2020/04/Bird-Life-81x55.jpg	987f06f50e5613856983eb1699bdc6f0c2b9d005	1527
docs/media/uploads/2020/04/Bird-Life-85x57.jpg	c3bd3daace927637011097f89307887aeb455d02	1595
docs/media/uploads/2020/04/Bird-Life-Lebanon-Small-112x75.jpg	7a618c2e942acd6b039e192d980646088ed84ae1	2939
docs/media/uploads/2020/04/Bird-Life-Lebanon-Small-130x87.jpg	9f0f72fa0510441d2afeac33a9a64cfae2787e90	3417
docs/media/uploads/2020/04/Bird-Life-Lebanon-Small-150x150.jpg	eb5402e43106919fdac0e81bac02b53087c3478e	4941
docs/media/uploads/2020/04/Bird-Life-Lebanon-Small-165x109.jpg	e4b20e2632cc9d76351377d846adf151cf7079a7	4468
docs/media/uploads/2020/04/Bird-Life-Lebanon-Small-170x113.jpg	ed2fc5143dc58c2c9508682b4599b5dfe532009e	4705
docs/media/uploads/2020/04/Bird-Life-Lebanon-Small-179x116.jpg	ffbaee6c49beb55d209986ae6446f41fdd3cdefd	4873
docs/media/uploads/2020/04/Bird-Life-Lebanon-Small-179x120.jpg	8b6918fa65902968e13fbb6ff72b91dc6349f910	4838
docs/media/uploads/2020/04/Bird-Life-Lebanon-Small-266x179.jpg	cdefab44aab7f7668bc85ba02439fa43faa1ac7d	8095
docs/media/uploads/2020/04/Bird-Life-Lebanon-Small-274x183.jpg	8df208fe653509aaee09f81b04b4fcbd6b1b17b8	8152
docs/media/uploads/2020/04/Bird-Life-Lebanon-Small-333x227.jpg	a061e0d6aaed632a4dc4d80d80668e79483837b5	10796
docs/media/uploads/2020/04/Bird-Life-Lebanon-Small-347x233.jpg	736f6bf9cad229f05ea67578551d8e5c46acf5e3	11414
docs/media/uploads/2020/04/Bird-Life-Lebanon-Small-359x240.jpg	4fbe99eebbedc0a197ff772fb85179d379d151f5	11485
docs/media/uploads/2020/04/Bird-Life-Lebanon-Small-364x245.jpg	3dce960bbe7f5dbb04eb40499b1fd91408ca884e	12023
docs/media/uploads/2020/04/Bird-Life-Lebanon-Small-367x237.jpg	a09b507597fd30060ef6b4e300e02a125e7007d4	11842
docs/media/uploads/2020/04/Bird-Life-Lebanon-Small-36x36.jpg	f6e34b3433642e9c12effad2193170314a9850bf	1278
docs/media/uploads/2020/04/Bird-Life-Lebanon-Small-546x300.jpg	0778e0a77b5e1f1513a661193efc31b469374539	18288
docs/media/uploads/2020/04/Bird-Life-Lebanon-Small-546x365.jpg	745efb57dac9ff169c2fccec63f2ae3e76818d3e	20619
docs/media/uploads/2020/04/Bird-Life-Lebanon-Small-576x392.jpg	35a99b974df07b31738896aa52d681a9d0951cd7	22282
docs/media/uploads/2020/04/Bird-Life-Lebanon-Small-702x432.jpg	c8d8ffc7545b53423b9b12b1810a4e30008c0b01	27960
docs/media/uploads/2020/04/Bird-Life-Lebanon-Small-765x510.jpg	62159371b9cc53bd4fee445a9b7e44a918ebc809	33023
docs/media/uploads/2020/04/Bird-Life-Lebanon-Small-80x54.jpg	0ec36b63d3f16cc8e9f8c7d3742fab3bcc7753c9	1966
docs/media/uploads/2020/04/Bird-Life-Lebanon-Small-81x55.jpg	502e7709ad2b52a18f04ff6fbe2af7df5ca24542	2112
docs/media/uploads/2020/04/Bird-Life-Lebanon-Small-85x57.jpg	be2383fd23478b5e1056120785e72fbeaec7ed18	2263
docs/media/uploads/2020/04/Bird-Life-Lebanon-Small.jpg	2b7d5847becf7dd32c101100eeac30d9f49adcf3	2393
docs/media/uploads/2020/04/Bird-Life.jpg	bff68fec630dab189f37d53712d7c172629bf398	11012
docs/media/uploads/2020/04/Birds-of-Lebanon-Partner3-112x75.jpg	9abac53e609cbf932292bf5527f65f02c5e00c81	2159
docs/media/uploads/2020/04/Birds-of-Lebanon-Partner3-130x87.jpg	0559847aabf50ba5105858d942843598d22b10a1	2547
docs/media/uploads/2020/04/Birds-of-Lebanon-Partner3-150x150.jpg	d4970116479b12893c3bb6f33903f6c1449dd2eb	4809
docs/media/uploads/2020/04/Birds-of-Lebanon-Partner3-165x109.jpg	1902d221763aee3e225a547748cde0e6b535fcf2	3362
docs/media/uploads/2020/04/Birds-of-Lebanon-Partner3-170x113.jpg	cf1a7eb2c3015fc980ec8142debe71f8154d44c5	3491
docs/media/uploads/2020/04/Birds-of-Lebanon-Partner3-179x116.jpg	e57f3111a1a5bc5e76cb5ca9d9e410af12e499a3	3709
docs/media/uploads/2020/04/Birds-of-Lebanon-Partner3-179x120.jpg	9a69baea04cca78830653ccdd542c9f551a447d1	3755
docs/media/uploads/2020/04/Birds-of-Lebanon-Partner3-266x179.jpg	70885b591814ca041a8a80b0750b70b510aa185d	6184
docs/media/uploads/2020/04/Birds-of-Lebanon-Partner3-274x183.jpg	71819ab398c4aa00d7af476bf5049bf41d515377	6335
docs/media/uploads/2020/04/Birds-of-Lebanon-Partner3-333x227.jpg	10b93a4cada0387b612345fba047bbb04db279c1	8186
docs/media/uploads/2020/04/Birds-of-Lebanon-Partner3-347x233.jpg	39cbb973093733fed08510334a7f8c7dd08c704a	8648
docs/media/uploads/2020/04/Birds-of-Lebanon-Partner3-359x240.jpg	db3e86d6d7eed412ea06615fb8510e12c77fd901	8832
docs/media/uploads/2020/04/Birds-of-Lebanon-Partner3-364x245.jpg	d8dc0cc414407f5d06c647bf6ba1b8f3b72e8642	9094
docs/media/uploads/2020/04/Birds-of-Lebanon-Partner3-367x237.jpg	a60b25d8dc286f2d4bbaa11d72c11536d219b29b	8737
docs/media/uploads/2020/04/Birds-of-Lebanon-Partner3-36x36.jpg	e1f11d6ea9f4579c5bf22e1aaf4435a9075b26e6	1105
docs/media/uploads/2020/04/Birds-of-Lebanon-Partner3-546x300.jpg	baba07f39bb2c6edcb0109db151794cd025fdec9	13289
docs/media/uploads/2020/04/Birds-of-Lebanon-Partner3-546x365.jpg	ab5dbf0c57a5541967320a148ee7f593357be5a1	15336
docs/media/uploads/2020/04/Birds-of-Lebanon-Partner3-576x392.jpg	abaef5914451775ec6cbe1a4c1893e4fd39de0f9	17038
docs/media/uploads/2020/04/Birds-of-Lebanon-Partner3-702x432.jpg	92a852d6446beac5c458988476d8c160dce35ea8	19450
docs/media/uploads/2020/04/Birds-of-Lebanon-Partner3-765x510.jpg	df783784cabcdd6e6a462f26eab7616462364a39	24289
docs/media/uploads/2020/04/Birds-of-Lebanon-Partner3-80x54.jpg	29f3de7075ba70192f1d1378a35344a3c382f706	1565
docs/media/uploads/2020/04/Birds-of-Lebanon-Partner3-81x55.jpg	1ca277c9157d4f9bbb338d60b5d188adb5c11844	1607
docs/media/uploads/2020/04/Birds-of-Lebanon-Partner3-85x57.jpg	4a2c4c225797b879b03d6212896570144ce3bf89	1675
docs/media/uploads/2020/04/Birds-of-Lebanon-Partner3.jpg	a92f8b16cb9ce6b21d743c3974d2335cc0150a1e	11179
docs/media/uploads/2020/04/CABS-112x75.jpg	0bb8191bae8831e2c6d8015fc36992307c480bee	1730
docs/media/uploads/2020/04/CABS-130x87.jpg	359e90ae8806bc0d17d024bba62e421552bd0e02	1978
docs/media/uploads/2020/04/CABS-150x150.jpg	97d3a00d15119ca2c4e1d46fcf42cc9fc484dc96	3794
docs/media/uploads/2020/04/CABS-165x109.jpg	65dec9281ae876d35d12a7a51cf2a033976a8f69	2562
docs/media/uploads/2020/04/CABS-170x113.jpg	5c91434c654d96fceb4c475828498645fb326d41	2855
docs/media/uploads/2020/04/CABS-179x116.jpg	5be6d15d2d428b6f7a8acb7d4f777f24fba20747	2826
docs/media/uploads/2020/04/CABS-179x120.jpg	5ad50fe521bcf7787759a37f8b301530ea3610c8	2957
docs/media/uploads/2020/04/CABS-266x179.jpg	a46028b902778ff153035f35ab89e144073c29eb	4698
docs/media/uploads/2020/04/CABS-274x183.jpg	d2e8a3c6680010efbf9bf28ba57183e50061c834	4835
docs/media/uploads/2020/04/CABS-333x227.jpg	d1b2e7a94948665a8df335f41e23f2fa2fe4658d	6317
docs/media/uploads/2020/04/CABS-347x233.jpg	9c0c1f3f24a41e1bb949f2f6804688cb316fdb88	6690
docs/media/uploads/2020/04/CABS-359x240.jpg	2955b434e13a8f4102306fc6175f44b90dccd0ea	6732
docs/media/uploads/2020/04/CABS-364x245.jpg	f6a01eaa9b86d565075a869d338d63c4cec35100	6888
docs/media/uploads/2020/04/CABS-367x237.jpg	db195b2c1ac12b3ef4c7ca271f2df5514af6dd8e	6664
docs/media/uploads/2020/04/CABS-36x36.jpg	f93aacfdc82c1e189707dede2f5bd5aa2a98e4ae	726
docs/media/uploads/2020/04/CABS-546x300.jpg	b34160daf2d13319ec79691353be4847f6384b4b	9748
docs/media/uploads/2020/04/CABS-546x365.jpg	0f194deb2ceeb6cc7b24c9c0876fee29a54ff132	11058
docs/media/uploads/2020/04/CABS-576x392.jpg	b5f885852c17b69338a5ddf1d5ea8089facc657b	12108
docs/media/uploads/2020/04/CABS-702x432.jpg	236a176ce1c9be4bb8c56821a13931e73c79d631	13896
docs/media/uploads/2020/04/CABS-765x510.jpg	1a75c34f598d890dc528dd3fd091f0ec5fc753a6	17006
docs/media/uploads/2020/04/CABS-80x54.jpg	835625ff48c7bd283dcc94c6f822f2c9d08727cd	1059
docs/media/uploads/2020/04/CABS-81x55.jpg	b7db7bfb6d697ca0d4b9c31fa47dd9abb90e8834	1059
docs/media/uploads/2020/04/CABS-85x57.jpg	71cdb0e72a8cc8c50f4aec9057da18c91338861e	1223
docs/media/uploads/2020/04/CABS-small-112x75.jpg	53e1a4fdc6df037b00ec2a6a077badcf7397f870	1688
docs/media/uploads/2020/04/CABS-small-130x87.jpg	ebbd9e5c072911a47e2355c648acbb5e159d3a56	1913
docs/media/uploads/2020/04/CABS-small-150x150.jpg	d5cb7c8f86f7488730535bdc76a616bc1aefb583	3085
docs/media/uploads/2020/04/CABS-small-165x109.jpg	04702e1356be18e75236317076be20d83c52a56d	2418
docs/media/uploads/2020/04/CABS-small-170x113.jpg	ee36902ea14d5140f7640fccdfcd88b1a4b3b6ba	2600
docs/media/uploads/2020/04/CABS-small-179x116.jpg	d2c5a7d51bed12ffbe42e848a680dd583498be50	2645
docs/media/uploads/2020/04/CABS-small-179x120.jpg	0a5114b832e742999b46b95a9140155e1d91a58b	2612
docs/media/uploads/2020/04/CABS-small-266x179.jpg	72981adb9a9a12c9a944248dbdeb4d9c698e1637	4336
docs/media/uploads/2020/04/CABS-small-274x183.jpg	ad5feafb8a6b039609ac3c927a3d7ecf38d666aa	4417
docs/media/uploads/2020/04/CABS-small-333x227.jpg	db242ea3d2f0f1832790732b3924194c6905df31	5733
docs/media/uploads/2020/04/CABS-small-347x233.jpg	d516fda3b46942b2f52382a761b935b25d28fd8e	5934
docs/media/uploads/2020/04/CABS-small-359x240.jpg	e1702410b743ea5c41e94da7cd08c1df4276e8f8	6008
docs/media/uploads/2020/04/CABS-small-364x245.jpg	2703e603140585d75e0bd651244c2de0b957f423	6266
docs/media/uploads/2020/04/CABS-small-367x237.jpg	7e2f1f9f3dd9cb949d177f5a470efdd5def0b2aa	6154
docs/media/uploads/2020/04/CABS-small-36x36.jpg	06aa5bdc30e35c576caade6f4b96e85742731ab2	864
docs/media/uploads/2020/04/CABS-small-546x300.jpg	645610a11a32607aa941bacca1a38bc8294e16ca	8495
docs/media/uploads/2020/04/CABS-small-546x365.jpg	6b65060c1edfb7f370b76d0a2fd68318c6c97e3f	10388
docs/media/uploads/2020/04/CABS-small-576x392.jpg	19ae7c870f5d1613ce7a64e1cd0956e89035367c	11305
docs/media/uploads/2020/04/CABS-small-702x432.jpg	4cff272c7e439005da69cb5866a9f1c637528abc	13678
docs/media/uploads/2020/04/CABS-small-765x510.jpg	e118d06a1feaa1595a9f6c70a98e295cdb25513b	16587
docs/media/uploads/2020/04/CABS-small-80x54.jpg	8b84ffadb7ba949ad2241d7bee738a1b0bb71f33	1124
docs/media/uploads/2020/04/CABS-small-81x55.jpg	5212eb170b2d1b248f5454f262195b26197ecde3	1190
docs/media/uploads/2020/04/CABS-small-85x57.jpg	0f34de8f6e046ded9e6cfbbb537d4c6d083a91c6	1307
docs/media/uploads/2020/04/CABS-small.jpg	85ff80605556e1d454a7fe76b06817bf7b1b05bd	1969
docs/media/uploads/2020/04/CABS.jpg	fabee38cd67d14ad3b2df3f4e2dbf6b00776fad1	9292
docs/media/uploads/2020/04/Great-escape-partner2-112x75.jpg	06e988cf7e727a87bdf9e71a8390ecd5f6f235b3	2583
docs/media/uploads/2020/04/Great-escape-partner2-130x87.jpg	b40542d8839bb18f1ae37df49098103788c24352	3021
docs/media/uploads/2020/04/Great-escape-partner2-150x150.jpg	06da2017159f02c0faf6a5a0c16b9373c16791b2	5937
docs/media/uploads/2020/04/Great-escape-partner2-165x109.jpg	f8ebb1d9772f5aff6ba4ca47896fcb76c7a53050	4084
docs/media/uploads/2020/04/Great-escape-partner2-170x113.jpg	de731b6110aa073690678d43a1fbdd09ae0c8e5d	4282
docs/media/uploads/2020/04/Great-escape-partner2-179x116.jpg	f06faedf266c896a9bbf56cc07f9b241896cd8c4	4603
docs/media/uploads/2020/04/Great-escape-partner2-179x120.jpg	bf7f2fdd0caa3701f71742dcbc4d45a4311f39bf	4719
docs/media/uploads/2020/04/Great-escape-partner2-266x179.jpg	1f66271c2fd02dccc3163e7cfc4e79bd4923d99b	7896
docs/media/uploads/2020/04/Great-escape-partner2-274x183.jpg	c0921a8237bd87fb486939279bc30379b00a5155	8243
docs/media/uploads/2020/04/Great-escape-partner2-333x227.jpg	874540f3555c1ee6bc6fbe13a6367ae1840aafa8	10940
docs/media/uploads/2020/04/Great-escape-partner2-347x233.jpg	2835da435b291fcd64699a570f9bd0981693ba2a	11406
docs/media/uploads/2020/04/Great-escape-partner2-359x240.jpg	7a03fe07d9fbdf8358b699b764a82ff517e8a4f7	11657
docs/media/uploads/2020/04/Great-escape-partner2-364x245.jpg	4b353305a86b3c392203e11471de7e611f8136f7	12294
docs/media/uploads/2020/04/Great-escape-partner2-367x237.jpg	55ae0be01ade66c147fe504801bbf12712000861	11687
docs/media/uploads/2020/04/Great-escape-partner2-36x36.jpg	09f5a110f74151dd484d411f001be440b996a6c8	1144
docs/media/uploads/2020/04/Great-escape-partner2-546x300.jpg	b1fb653c4d35a4013ac9297c0799fef18fc3ebb8	17923
docs/media/uploads/2020/04/Great-escape-partner2-546x365.jpg	256803187a8264a4876aea18f10c30ddd9d6bbd1	20851
docs/media/uploads/2020/04/Great-escape-partner2-576x392.jpg	254c12503516620f0d8bbad2de355cfa304a925e	22659
docs/media/uploads/2020/04/Great-escape-partner2-702x432.jpg	da27732e4b09c563af5a861cfb72dfafd50fd7be	26097
docs/media/uploads/2020/04/Great-escape-partner2-765x510.jpg	bfb932f4bdffb0ed9f122531b4a07b54315540d8	32592
docs/media/uploads/2020/04/Great-escape-partner2-80x54.jpg	9407ffc67da84aeb310b387a2326087e1b2ef67f	1620
docs/media/uploads/2020/04/Great-escape-partner2-81x55.jpg	4b6054d04583344c5de9af678285d14a83f8df8d	1675
docs/media/uploads/2020/04/Great-escape-partner2-85x57.jpg	04b0b62cf7c3303a93720c727c14db42cdfcb759	1828
docs/media/uploads/2020/04/Great-escape-partner2.jpg	33d65cc135d2daccb3383ebc43ace5828e069624	14218
docs/media/uploads/2020/04/Grey-Heron-112x75.jpg	70d55f543f41b7af7d0f1242f29cf52a459c1b90	1866
docs/media/uploads/2020/04/Grey-Heron-130x87.jpg	bdf64e40e835396f6a09ca3bace58692111dc121	2221
docs/media/uploads/2020/04/Grey-Heron-150x150.jpg	490aa0d3058201333ff05932baabe094fc416f77	2859
docs/media/uploads/2020/04/Grey-Heron-165x109.jpg	807d364b61b93fc520046d8b527784dfbffda730	2758
docs/media/uploads/2020/04/Grey-Heron-170x113.jpg	1e3ee13a42fd9afb8ec37364ee0bf617974640c7	2942
docs/media/uploads/2020/04/Grey-Heron-179x116.jpg	22f6a7851d257df0384b09dcfdaf51675def9381	3109
docs/media/uploads/2020/04/Grey-Heron-179x120.jpg	12dc9c024e783f65ed59a64f2b36cc4a1a3024d9	3113
docs/media/uploads/2020/04/Grey-Heron-266x179.jpg	6302e528b7550c2caf4f2dae2dfd7c9283d2f332	5346
docs/media/uploads/2020/04/Grey-Heron-274x183.jpg	bb6145d0e28d70f34773cf8f2df7eebb53622bda	5720
docs/media/uploads/2020/04/Grey-Heron-300x200.jpg	839cd4b385ecf83066e6d03e4a5836f105294787	6392
docs/media/uploads/2020/04/Grey-Heron-333x227.jpg	7d5cbb920f4a4c3fa412eba5834f1f98bdc21d5a	7234
docs/media/uploads/2020/04/Grey-Heron-347x233.jpg	e06891ab90518ba4494ff7ebc92e247425edffc8	7881
docs/media/uploads/2020/04/Grey-Heron-359x240.jpg	33e8a1a9775d935c232b55a1bc6cd37210fe405e	8238
docs/media/uploads/2020/04/Grey-Heron-364x245.jpg	62c82664cab10a8f7b9c67735683528ed3e49559	8402
docs/media/uploads/2020/04/Grey-Heron-367x237.jpg	5dd965870bd4ddd679d03c1e101820d51afffdb0	8661
docs/media/uploads/2020/04/Grey-Heron-36x36.jpg	f67c93c7cb1a73815a8800a15d964c2f5e0e8ef6	906
docs/media/uploads/2020/04/Grey-Heron-546x300.jpg	f39929a48bce0ec374b2aa4304fb0efa9527a76b	13765
docs/media/uploads/2020/04/Grey-Heron-546x365.jpg	198a741ed5880c0ac8e980562f91f2fddb5ac418	15397
docs/media/uploads/2020/04/Grey-Heron-576x392.jpg	850bf3034d5c711d7f92dae50dd8ba4c434c42c3	16318
docs/media/uploads/2020/04/Grey-Heron-702x432.jpg	55f0f60a0dd1dcbf8f2b2f4dee609b02083a771f	21371
docs/media/uploads/2020/04/Grey-Heron-765x510.jpg	30b93a9486b7ac0a6d1f87c78880405f6387977b	25040
docs/media/uploads/2020/04/Grey-Heron-80x54.jpg	25c3a2feff853aeab3775c2be23d02e8b566945d	1356
docs/media/uploads/2020/04/Grey-Heron-81x55.jpg	4f164d21cc8b0bef32d5c7c4745753148c1762ec	1398
docs/media/uploads/2020/04/Grey-Heron-85x57.jpg	4eba9ad2f20bf99e948c9b00307657086271eaf9	1443
docs/media/uploads/2020/04/Grey-Heron.jpg	6d10a8dedea361aa7dcf1648805284229fee9633	51575
docs/media/uploads/2020/04/HIMA-112x75.jpg	2a39e85a70dbf24d67159a9dc0043ad459b1aaf4	1397
docs/media/uploads/2020/04/HIMA-130x87.jpg	5462a946ba59564fd4a4e7e95addf0b910ed070d	1619
docs/media/uploads/2020/04/HIMA-150x150.jpg	8b297b5997b54c677d5f9c208167df58c516013d	2758
docs/media/uploads/2020/04/HIMA-165x109.jpg	525eb7c7384ccff36c84bb85e689a279d578df94	2061
docs/media/uploads/2020/04/HIMA-170x113.jpg	e5e8c4b3f68c6af2d7e2c58df8d80f1789f8980c	2085
docs/media/uploads/2020/04/HIMA-179x116.jpg	45cc8152e827cf3e208a7f77bfb7975c6045d6bc	2193
docs/media/uploads/2020/04/HIMA-179x120.jpg	e464a577d1d9351cc9da75600b2abc55958d7b6e	2316
docs/media/uploads/2020/04/HIMA-266x179.jpg	08cf7a5ee663618f6523124c60b00cb55840c477	3417
docs/media/uploads/2020/04/HIMA-274x183.jpg	558247324bfbe0c9497c68cb25086f18e5437a42	3648
docs/media/uploads/2020/04/HIMA-333x227.jpg	fa33bfe3b210f2303e5e214592fc5c40ff3a9de9	4607
docs/media/uploads/2020/04/HIMA-347x233.jpg	67b361d8ad3be6954b72e56f671d8990d541094b	4792
docs/media/uploads/2020/04/HIMA-359x240.jpg	baa59598fdee38f3c1d1cbd74c6f7df1068d8ae2	4887
docs/media/uploads/2020/04/HIMA-364x245.jpg	c3eb83cf861b8c9de78a76a48fe126ce296c07f0	5123
docs/media/uploads/2020/04/HIMA-367x237.jpg	6503f2b1478188cff3783c9b4ab6ad6fe411a98f	4892
docs/media/uploads/2020/04/HIMA-36x36.jpg	9d27a37112d96ec4462d4b1e1b8037748294d32f	852
docs/media/uploads/2020/04/HIMA-546x300.jpg	048f7b3c8628e6b5d0a4e8c17f549fca93534f4e	7387
docs/media/uploads/2020/04/HIMA-546x365.jpg	6869bd65e3e4b1811b563e16823ef83166e77cf4	8414
docs/media/uploads/2020/04/HIMA-576x392.jpg	9222d214db45aee986783ef6d1354d48094e46cd	9057
docs/media/uploads/2020/04/HIMA-702x432.jpg	a9f0ae41b6cd75638603caec76ab5a5d7ec6f668	10820
docs/media/uploads/2020/04/HIMA-765x510.jpg	f140d7b4e7b1e3e351499e6c3f2a05b0ebe805da	13277
docs/media/uploads/2020/04/HIMA-80x54.jpg	a45f8b2722c156eb102174fddb26df4fc0a4d107	1096
docs/media/uploads/2020/04/HIMA-81x55.jpg	ce7f76218fafbce142e43d60754b411ecb99802b	1083
docs/media/uploads/2020/04/HIMA-85x57.jpg	c5bdf6e5a33a5eba30deeeaffd084255e032b902	1080
docs/media/uploads/2020/04/HIMA.jpg	25cd3a58a2b150c73fb4799f865448933ae7a82f	5880
docs/media/uploads/2020/04/Meshc-112x75.jpg	ed4f2496805c31e3d9294f843daeb771d44e8e2a	2418
docs/media/uploads/2020/04/Meshc-130x87.jpg	6987ea5dc2682e26a63b27aaa4f758fa17ccd41b	2865
docs/media/uploads/2020/04/Meshc-150x150.jpg	d8a81b5f965d70263762bc00e2a9437582850c49	5607
docs/media/uploads/2020/04/Meshc-165x109.jpg	deab00f3b9ad83362185b994ec71e39e0767b044	3824
docs/media/uploads/2020/04/Meshc-170x113.jpg	195f8177d53cd47a0bab2545a037c6b826ef1ec2	4023
docs/media/uploads/2020/04/Meshc-179x116.jpg	608170461535c8d45e61b8ab39f2185b747a8165	4166
docs/media/uploads/2020/04/Meshc-179x120.jpg	dcbaa452c5aac1da70953370d4afed34d5fa9770	4381
docs/media/uploads/2020/04/Meshc-266x179.jpg	ba3fd6afc3cf8ae64ffcf6980c8678313092a36f	7267
docs/media/uploads/2020/04/Meshc-274x183.jpg	eb9c8545c94fad463becb34cabecde69452a6656	7600
docs/media/uploads/2020/04/Meshc-333x227.jpg	0491f214624729ba861113e1b27c811c2f7ca361	10060
docs/media/uploads/2020/04/Meshc-347x233.jpg	2748ea6bd7e091a3112cd7d6a09b8a54df529355	10422
docs/media/uploads/2020/04/Meshc-359x240.jpg	a43705aace648cee46f8f4c0312907d45843597a	10713
docs/media/uploads/2020/04/Meshc-364x245.jpg	0303a55e14196c96daedbc11c508181a2a3c3088	11062
docs/media/uploads/2020/04/Meshc-367x237.jpg	62c777a4360960cdb17ee0561b21ff7b82b1b9f2	10523
docs/media/uploads/2020/04/Meshc-36x36.jpg	b536e17ad521734e53679a9742014a20d7174e08	1095
docs/media/uploads/2020/04/Meshc-546x300.jpg	9964b602ae63c66bfd3bded83216270401eac7dd	16274
docs/media/uploads/2020/04/Meshc-546x365.jpg	6e55fb6fe6bfb26ff05bd93db167ce866755e98f	18624
docs/media/uploads/2020/04/Meshc-576x392.jpg	a56bf6b0be4293af4dda0e206bcefbcd65a921f2	20423
docs/media/uploads/2020/04/Meshc-702x432.jpg	d03587a274fa72e3ad561513de845e1907dfd647	23503
docs/media/uploads/2020/04/Meshc-765x510.jpg	3c31365f091b898ce79b8d3d82b73daced91fd81	29218
docs/media/uploads/2020/04/Meshc-80x54.jpg	7385b93a9c48208cdacb5969cc22664bcb30d63b	1572
docs/media/uploads/2020/04/Meshc-81x55.jpg	4de6f88907474e4ed70d7c6269fae63d9597d9ad	1624
docs/media/uploads/2020/04/Meshc-85x57.jpg	4b3cb66ba75436aaa4a8518766fdfb7c5299ef5b	1748
docs/media/uploads/2020/04/Meshc.jpg	4b8b23d61e9268aa33897609974c2033c81ddccf	13850
docs/media/uploads/2020/04/Polaris-Partner1-112x75.jpg	38b572e754a919991ff752335d4d7ddfab5a46cd	2387
docs/media/uploads/2020/04/Polaris-Partner1-130x87.jpg	a7dfb2ff606139d1ab7399f303dd94849b17ef2f	2974
docs/media/uploads/2020/04/Polaris-Partner1-150x150.jpg	e02dd85faf806357f040fdb7d06177366260c781	3876
docs/media/uploads/2020/04/Polaris-Partner1-165x109.jpg	68deba64a05d2be90f72a02bfd6e9b2f4d0c670d	3904
docs/media/uploads/2020/04/Polaris-Partner1-170x113.jpg	0b092de7e0ae25640327ac2c292440cef7241db7	3989
docs/media/uploads/2020/04/Polaris-Partner1-179x116.jpg	d07880251858c6d4bb2df2e68b6eb37e0bb29ecb	4180
docs/media/uploads/2020/04/Polaris-Partner1-179x120.jpg	73b39a8f866579efc5e87049c1ab10accaa130f6	4181
docs/media/uploads/2020/04/Polaris-Partner1-266x179.jpg	34b6f0e4e2f21b705aef12c79b9193986c289fc2	6843
docs/media/uploads/2020/04/Polaris-Partner1-274x183.jpg	fa5142c9cfb06b766542151ee55db7a4f101aa22	7572
docs/media/uploads/2020/04/Polaris-Partner1-333x227.jpg	0656ad928e604f9c11ea982d26bef5106393db12	8956
docs/media/uploads/2020/04/Polaris-Partner1-347x233.jpg	05365c0b016cb674b85834d64b25ca92a810e91c	10120
docs/media/uploads/2020/04/Polaris-Partner1-359x240.jpg	fb2704f4d2ae9fc5fd5de97e585e564e1e71ed52	9785
docs/media/uploads/2020/04/Polaris-Partner1-364x245.jpg	e2e04a1fa950fc3e1b0994b29739b89e43de0f5f	10212
docs/media/uploads/2020/04/Polaris-Partner1-367x237.jpg	552b4df83c1a0054e450b6f38f0042a38c66d3de	9951
docs/media/uploads/2020/04/Polaris-Partner1-36x36.jpg	31234bb484beed243d7683873b780ab7575d8056	926
docs/media/uploads/2020/04/Polaris-Partner1-546x300.jpg	fc8d0bb623f876ce494bcd73c7d618240345442c	15085
docs/media/uploads/2020/04/Polaris-Partner1-546x365.jpg	d86f0534c6c1cb9fa2feee7ea9b00fa237c2dc17	16919
docs/media/uploads/2020/04/Polaris-Partner1-576x392.jpg	aee574d5499d96287f0d8d87744407d654313376	17938
docs/media/uploads/2020/04/Polaris-Partner1-702x432.jpg	a1421c1fd65c5c5379cfe55666ceae16b08efa5c	21337
docs/media/uploads/2020/04/Polaris-Partner1-765x510.jpg	87d04e51e02d992fe66deb4d0c59721e9b08419c	25829
docs/media/uploads/2020/04/Polaris-Partner1-80x54.jpg	41f91bb72252d6e978c9d7cbcb836de04ebd8f4a	1599
docs/media/uploads/2020/04/Polaris-Partner1-81x55.jpg	858522542d1f7ac56e5c8da04a6fb504b114a926	1660
docs/media/uploads/2020/04/Polaris-Partner1-85x57.jpg	c371839b1fecc3d071dcc3356b523deac4b0110b	1671
docs/media/uploads/2020/04/Polaris-Partner1.jpg	d2304a526b0f8eabd272ffd97ffa9c24e73e3f71	12759
docs/media/uploads/2020/04/SPNL-112x75.jpg	8a35eeea800a29839bec5ef618b759cadaef82ec	2526
docs/media/uploads/2020/04/SPNL-130x87.jpg	2db1043c31ed5300c1051fa5443a1083fa8ae1b1	3057
docs/media/uploads/2020/04/SPNL-150x150.jpg	5ded0824a1f0c91adde4309a1eb8f8a16f65f8bf	6253
docs/media/uploads/2020/04/SPNL-165x109.jpg	6a9c8f45b99d0d3e269eaa3fbfa22bfc7e06f768	4251
docs/media/uploads/2020/04/SPNL-170x113.jpg	df912fc68fe1c346f6a7b643d0a703f84d2f1508	4460
docs/media/uploads/2020/04/SPNL-179x116.jpg	1b7547fec0ab754d99b1eec30615b20f869dca2a	4532
docs/media/uploads/2020/04/SPNL-179x120.jpg	d1e8ff216204e52c60fc45e6c9cade1539beecda	4960
docs/media/uploads/2020/04/SPNL-266x179.jpg	8a017071fc63301c81f841215ae7d0c5ba2b38f4	8222
docs/media/uploads/2020/04/SPNL-274x183.jpg	6f57c76c29d490f1b605c9c3739b64f7ce3716d0	8593
docs/media/uploads/2020/04/SPNL-333x227.jpg	ab9118f20cffae4336ad639590a5ee36e5400ac3	11353
docs/media/uploads/2020/04/SPNL-347x233.jpg	04032058d0a844ba6139d27ccd2091099048cb43	11286
docs/media/uploads/2020/04/SPNL-359x240.jpg	d99876adc4e9ac2c91a00443f37c6b4cbc96f5ef	11965
docs/media/uploads/2020/04/SPNL-364x245.jpg	a2337cd1b453a84477ce4fb04d44a74680d6f11f	12278
docs/media/uploads/2020/04/SPNL-367x237.jpg	da09683be0a42c7e7530e18648f91c7dfc50e625	12030
docs/media/uploads/2020/04/SPNL-36x36.jpg	d4bd837526314de014ce59d1f4d68424fdf9856d	1124
docs/media/uploads/2020/04/SPNL-546x300.jpg	51b01c5fde61ae33f79c6437fe6cd09233c716ef	17979
docs/media/uploads/2020/04/SPNL-546x365.jpg	f8fcac8dff80758dadc71a0f074bc20d4a25416c	20710
docs/media/uploads/2020/04/SPNL-576x392.jpg	118864b1e30b10a4e86b091fdb08de9e8e37e93f	22298
docs/media/uploads/2020/04/SPNL-702x432.jpg	d171f0f4c3d20a1ac4c06278911854d7b504545d	25872
docs/media/uploads/2020/04/SPNL-765x510.jpg	67d251eaaa8cd7e8ae2caad47bd95b567727bc8a	31793
docs/media/uploads/2020/04/SPNL-80x54.jpg	adced77a7c63a64a35ba0978944d882a2c3f5d1c	1739
docs/media/uploads/2020/04/SPNL-81x55.jpg	eb14405ef985c4a86ace2d024bf0d910058fccfe	1758
docs/media/uploads/2020/04/SPNL-85x57.jpg	f445867b7f12acbe4d12f5ba087e2fd826c4ce93	1801
docs/media/uploads/2020/04/SPNL.jpg	056070ed3a6f6c236432e1581709d64a5ade5b72	16647
docs/media/uploads/2020/04/Sayd-Mag-Icon-112x75.png	3c3d8d9b7de2b493ee9120095bcbf3b9a4db4e11	2632
docs/media/uploads/2020/04/Sayd-Mag-Icon-130x87.png	7d086e79077bd61bd692b162f7ea02143030d350	2959
docs/media/uploads/2020/04/Sayd-Mag-Icon-150x150.png	6f2beb429804b25a0cb05f776a1efbb88c9ebf40	3446
docs/media/uploads/2020/04/Sayd-Mag-Icon-165x109.png	05ff7d1a0c6a04fc5afb7d61d8659465053320b5	3649
docs/media/uploads/2020/04/Sayd-Mag-Icon-170x113.png	039146dc726a793cf6c9a519393af90d0790f7f1	3788
docs/media/uploads/2020/04/Sayd-Mag-Icon-179x116.png	c05d16390ab9aef4b491434d070a9baaddced0ff	3946
docs/media/uploads/2020/04/Sayd-Mag-Icon-179x120.png	8715d078723a13af695c6b6ba62aa4fa32dc2ed1	3992
docs/media/uploads/2020/04/Sayd-Mag-Icon-266x179.png	7672acfad44e4bf3c235fc88188b8959007bd698	7018
docs/media/uploads/2020/04/Sayd-Mag-Icon-274x183.png	02f6c7548de825f15b09ee8a13d3387c37f98dbc	7005
docs/media/uploads/2020/04/Sayd-Mag-Icon-300x300.png	c8d5a2cc0aa73d47646d3d4afff114e4fdd07510	8124
docs/media/uploads/2020/04/Sayd-Mag-Icon-333x227.png	7189aae300ef1755ccde2b87c884926e92cc004d	9215
docs/media/uploads/2020/04/Sayd-Mag-Icon-347x233.png	52f3d89b6914d41e1eee36f6d11d0dd36eb7c43d	9797
docs/media/uploads/2020/04/Sayd-Mag-Icon-359x240.png	1eec01646da58a6abcb72b1f50e7090b32b35b8c	10187
docs/media/uploads/2020/04/Sayd-Mag-Icon-364x245.png	18e8555975eba63a458648d029ed43fb264ed96b	10216
docs/media/uploads/2020/04/Sayd-Mag-Icon-367x237.png	215e5ed3d80c29bee10020747bd0dbc6072e4946	10385
docs/media/uploads/2020/04/Sayd-Mag-Icon-36x36.png	fc7d37ff7a6e8df3053e75cd0bb230d84df93b39	986
docs/media/uploads/2020/04/Sayd-Mag-Icon-546x300.png	325ec37c35ac092140fd47083d8b5af1c4bc9fc5	17890
docs/media/uploads/2020/04/Sayd-Mag-Icon-546x365.png	53742afd50d24e1ee881a6c6846e4e5fbfb95bb0	17456
docs/media/uploads/2020/04/Sayd-Mag-Icon-576x392.png	cc43a176c94b3fdd935822682ed00be15538d1f1	19645
docs/media/uploads/2020/04/Sayd-Mag-Icon-702x432.png	f130570a7351af8a225392a1d09a87085d352720	27820
docs/media/uploads/2020/04/Sayd-Mag-Icon-765x510.png	dd74a59a65eaf11fafd4ca590b0e310bbb3f404e	32357
docs/media/uploads/2020/04/Sayd-Mag-Icon-80x54.png	7df5c71fbe40a56bc5fea99faa9a008f95834881	2003
docs/media/uploads/2020/04/Sayd-Mag-Icon-81x55.png	cd19267c01bff372a7898f95ab842bab5167e3f8	2007
docs/media/uploads/2020/04/Sayd-Mag-Icon-85x57.png	808a4e357a8a97c19fe098165e80f19ca1272d1e	2077
docs/media/uploads/2020/04/Sayd-Mag-Icon.png	d2db1bd1a6ec387bcac2573bed0f14269489f729	16987
docs/media/uploads/2020/04/Sayd-Magazine-Logo-112x75.png	2a7992bb892bd5376c76f6db37e25374c823092a	3781
docs/media/uploads/2020/04/Sayd-Magazine-Logo-130x87.png	47b28137cbd9aa44e566a09595d41a9d423c52aa	4615
docs/media/uploads/2020/04/Sayd-Magazine-Logo-150x150.png	9a4f859d5e65e08d2adaf34a1069e9db74a74574	8401
docs/media/uploads/2020/04/Sayd-Magazine-Logo-165x109.png	cb23cb48876002ddab41d8b81ac1863188bca76c	6658
docs/media/uploads/2020/04/Sayd-Magazine-Logo-170x113.png	1daec3dadc898424d0f4ccdbafc68969c5247cfa	7035
docs/media/uploads/2020/04/Sayd-Magazine-Logo-179x116.png	e61c30988dabc149c2872f74c7df410c602009bf	7628
docs/media/uploads/2020/04/Sayd-Magazine-Logo-179x120.png	963c22a3e4820c8bccc6919fa1521df1d4122c38	7942
docs/media/uploads/2020/04/Sayd-Magazine-Logo-266x179.png	1f3e615551c6a06a3ddcf20a5336f63841ae3083	15878
docs/media/uploads/2020/04/Sayd-Magazine-Logo-274x183.png	79347b145de1e5c2e0396d987441f9f264f4812d	16720
docs/media/uploads/2020/04/Sayd-Magazine-Logo-333x227.png	4f8c924fcf45ce5882fc5f49a5df8f94226f1648	22512
docs/media/uploads/2020/04/Sayd-Magazine-Logo-347x233.png	bedbe70096c2abb593a9f04f6db7452bb9740340	23546
docs/media/uploads/2020/04/Sayd-Magazine-Logo-359x240.png	3761c5eb7c1196bbf990a727f08350b200124d57	24568
docs/media/uploads/2020/04/Sayd-Magazine-Logo-364x245.png	347488e20941e911ca332422fba062a60007a250	25249
docs/media/uploads/2020/04/Sayd-Magazine-Logo-367x237.png	2a06b6ba6629e9ad3cd1b644b7bd5925364eef32	24750
docs/media/uploads/2020/04/Sayd-Magazine-Logo-36x36.png	c7e0e655af23ce636c36cf63e46b8f8a5556a5a7	1192
docs/media/uploads/2020/04/Sayd-Magazine-Logo-546x300.png	44345902ed0a604625c06b01c72b18c560ed4185	39218
docs/media/uploads/2020/04/Sayd-Magazine-Logo-546x365.png	ab96feb8506b2d37a95561f2140aab84a5eb7308	43787
docs/media/uploads/2020/04/Sayd-Magazine-Logo-576x392.png	a895e3efeae07f895e1aca72027e12e5e64e784a	47891
docs/media/uploads/2020/04/Sayd-Magazine-Logo-702x432.png	fb7013928fb8d956c148992edc9e146b7e7ef47b	58678
docs/media/uploads/2020/04/Sayd-Magazine-Logo-765x510.png	59878ae9600ec15c3772c3c3a33c1c268a20cd33	68153
docs/media/uploads/2020/04/Sayd-Magazine-Logo-80x54.png	44cd8847f2a3a51c42d6bb7509fdd733c6e54efb	2376
docs/media/uploads/2020/04/Sayd-Magazine-Logo-81x55.png	d3908bd4a7ef84f70c351522e61591c6a4315e55	2474
docs/media/uploads/2020/04/Sayd-Magazine-Logo-85x57.png	0382f4a0d9e58b8d2fd0b49d44c071e4999948e0	2624
docs/media/uploads/2020/04/Sayd-Magazine-Logo-Retina-112x75.png	a955e51e1045c1a603ebf409f151c4069fc5d7d9	3368
docs/media/uploads/2020/04/Sayd-Magazine-Logo-Retina-130x87.png	4a1262bf13060b1a96f13a098dd687f51cf04d9c	3848
docs/media/uploads/2020/04/Sayd-Magazine-Logo-Retina-150x150.png	466f943ad2005efbe4cae6763b8b08e8557964a6	4923
docs/media/uploads/2020/04/Sayd-Magazine-Logo-Retina-165x109.png	a73fc6053873e38fe09ed8dacf2a78713e113d2d	5365
docs/media/uploads/2020/04/Sayd-Magazine-Logo-Retina-170x113.png	f8ce93c364399cbc2dbd26b547c76d356503addc	5608
docs/media/uploads/2020/04/Sayd-Magazine-Logo-Retina-179x116.png	576b4882864a0190e282a01788c6642a4c9c7e67	5870
docs/media/uploads/2020/04/Sayd-Magazine-Logo-Retina-179x120.png	ebfcb0994d396a3ec059cf009a0ff6e27b24be11	6004
docs/media/uploads/2020/04/Sayd-Magazine-Logo-Retina-266x179.png	9f6bc0a946d1c723a6b2e3b5e6fe2b79f33786e3	10015
docs/media/uploads/2020/04/Sayd-Magazine-Logo-Retina-274x183.png	dff9d704523356fa679bf8a12c7bb3e7e2f0d3bf	10409
docs/media/uploads/2020/04/Sayd-Magazine-Logo-Retina-300x108.png	ec92a1309f8dab53002cfc424b83d34ec464a2c0	7626
docs/media/uploads/2020/04/Sayd-Magazine-Logo-Retina-333x227.png	5b05ce1378d769429aec47fbe642c82ce4b928e1	14922
docs/media/uploads/2020/04/Sayd-Magazine-Logo-Retina-347x233.png	bd2e84e4db36789f11b309f9742e8e84054ca9ae	15901
docs/media/uploads/2020/04/Sayd-Magazine-Logo-Retina-359x240.png	7f157f6c87051c4ef96a6ef1944b05b1da81e70b	16525
docs/media/uploads/2020/04/Sayd-Magazine-Logo-Retina-364x245.png	34fede5c3aaed0e441466d85d81a76a10371e07d	17194
docs/media/uploads/2020/04/Sayd-Magazine-Logo-Retina-367x237.png	290b3c523c0617c6fe10a59b6b8ee8a812212f49	16825
docs/media/uploads/2020/04/Sayd-Magazine-Logo-Retina-36x36.png	49853ffcb89eac80f819be39e798b2310709107d	1496
docs/media/uploads/2020/04/Sayd-Magazine-Logo-Retina-546x300.png	7d258be4739cbe08efbd36f0686565f9b0e6de69	27860
docs/media/uploads/2020/04/Sayd-Magazine-Logo-Retina-546x365.png	8f934bc50c52231cee76bc47158c79c6fb49341a	34859
docs/media/uploads/2020/04/Sayd-Magazine-Logo-Retina-576x392.png	b39b69d29556be43ce7742a72824441b975dd94d	38604
docs/media/uploads/2020/04/Sayd-Magazine-Logo-Retina-702x432.png	6786066e6959d0ce4cf084f2dd0168cf96f8a9b3	49325
docs/media/uploads/2020/04/Sayd-Magazine-Logo-Retina-765x510.png	d3c43595e23fadc7221e759bc321af7cec4bff4e	58861
docs/media/uploads/2020/04/Sayd-Magazine-Logo-Retina-80x54.png	9b55a580ecfdf3d8925d01df1be0a0a9252effb2	2539
docs/media/uploads/2020/04/Sayd-Magazine-Logo-Retina-81x55.png	461efa381e2796396892e0263fe7f5a6357cbb66	2597
docs/media/uploads/2020/04/Sayd-Magazine-Logo-Retina-85x57.png	992eeea5b67c9b21bdf40421c4f2f30b8a722942	2706
docs/media/uploads/2020/04/Sayd-Magazine-Logo-Retina.png	20eb75bdca0ea55f142b09f99dcfe602b80af400	15009
docs/media/uploads/2020/04/Sayd-Magazine-Logo.png	9527c84147c9d852cdb569dfd9ceb802d7ca04f0	5433
docs/media/uploads/2020/04/Sayd-Partners2-112x75.jpg	6941641a2853b606107045fdb05e0aefde602d6b	2748
docs/media/uploads/2020/04/Sayd-Partners2-130x87.jpg	3a2d39a48ceb3b243e1a62b29b21f64884c80007	3586
docs/media/uploads/2020/04/Sayd-Partners2-150x150.jpg	c68a002b0ef84a3e8209e6ab31db25f9823e3d89	4186
docs/media/uploads/2020/04/Sayd-Partners2-165x109.jpg	4a3f0478b86299c724cb464d0ada9fe252a57554	4669
docs/media/uploads/2020/04/Sayd-Partners2-170x113.jpg	d0aecba52ccac924b4ba0b1166ab46a145a943a0	4850
docs/media/uploads/2020/04/Sayd-Partners2-179x116.jpg	79a3b3357ad532cbe2872a14dba0b88bec5ead1e	4997
docs/media/uploads/2020/04/Sayd-Partners2-179x120.jpg	4f232b2e977c3ab1c6267b5a74f2205955cba265	4983
docs/media/uploads/2020/04/Sayd-Partners2-266x179.jpg	b9c96ee3d14545182a77266f93c3edf543668b95	8409
docs/media/uploads/2020/04/Sayd-Partners2-274x183.jpg	d294008c02a52a0172b4da9cb46e532aba3b8e52	8609
docs/media/uploads/2020/04/Sayd-Partners2-300x37.jpg	ed1db65af8a3b25441656c568b65b23f55452a85	3741
docs/media/uploads/2020/04/Sayd-Partners2-333x227.jpg	c79a443f93e1fc09d0c1fce3cf102301de2be025	11071
docs/media/uploads/2020/04/Sayd-Partners2-347x233.jpg	330f0f885c0b0ab63ba90ea3b2e387b7fcb2c358	11702
docs/media/uploads/2020/04/Sayd-Partners2-359x240.jpg	07ca0278ba59e72791f5cb9248671281221a67cd	12052
docs/media/uploads/2020/04/Sayd-Partners2-364x245.jpg	863eff1d1e2d36cad8c20768fb75e81a07d887b0	12400
docs/media/uploads/2020/04/Sayd-Partners2-367x237.jpg	d1fe687c5b8f78762411e84fe5fb16855db6f0fd	12226
docs/media/uploads/2020/04/Sayd-Partners2-36x36.jpg	de860dfdc80162c2851960a9490bc2ed744e8689	1000
docs/media/uploads/2020/04/Sayd-Partners2-546x300.jpg	9b1e3cb767c760510daaf2043e56ff9a48de8aa3	18146
docs/media/uploads/2020/04/Sayd-Partners2-546x365.jpg	42a188c9ad47f549ee11d0a6547e9b955bcd06a0	21000
docs/media/uploads/2020/04/Sayd-Partners2-576x392.jpg	d14e4ee91a5628314a90179d34d24b327474708f	22482
docs/media/uploads/2020/04/Sayd-Partners2-702x432.jpg	f25069e14cd361f1b4c28bcbfb54d18d2a98a676	28152
docs/media/uploads/2020/04/Sayd-Partners2-765x510.jpg	249d51da5321bf43413620ecc60ca827476680e1	33470
docs/media/uploads/2020/04/Sayd-Partners2-80x54.jpg	8d76cab0255bdeca7fc719c4b4010d73bc143a96	1800
docs/media/uploads/2020/04/Sayd-Partners2-81x55.jpg	355ab7dac4502c3726f740f9f5bb928cb37311a7	1930
docs/media/uploads/2020/04/Sayd-Partners2-85x57.jpg	8b2555aa92bde41b671de0b14f288a1e4e3ec99d	1993
docs/media/uploads/2020/04/Sayd-Partners2.jpg	06149a5d86c17d8e43ef740b34ccbbbe56120f4f	25775
docs/media/uploads/2020/04/Spur-winged-Lapwing-112x75.jpg	aee6a13ec8536ca8efa0470d855f5750aa2d9df9	1786
docs/media/uploads/2020/04/Spur-winged-Lapwing-130x87.jpg	0f83e0c489f9f65a0608aed8dd5a4e9cab56f112	2071
docs/media/uploads/2020/04/Spur-winged-Lapwing-150x150.jpg	51dfbc60e9b367f87d9d866451b6fb29a4391042	2782
docs/media/uploads/2020/04/Spur-winged-Lapwing-165x109.jpg	515dd7befaf91e35bf77ecefb8cd9614a7a85711	2694
docs/media/uploads/2020/04/Spur-winged-Lapwing-170x113.jpg	f1480768671991e6d54c5931132739f3b44fe05a	2832
docs/media/uploads/2020/04/Spur-winged-Lapwing-179x116.jpg	14893a18b98c56570fc7226f1d790c424a766ae7	3084
docs/media/uploads/2020/04/Spur-winged-Lapwing-179x120.jpg	2408422c32ad8dfeecb63b50bb1c256946d4e98a	2968
docs/media/uploads/2020/04/Spur-winged-Lapwing-266x179.jpg	a20f31f01903f1b009430f590dadde1bef9f5b55	5077
docs/media/uploads/2020/04/Spur-winged-Lapwing-274x183.jpg	61a54b598cc8eff7c24d6666fc28cabb76c50815	5313
docs/media/uploads/2020/04/Spur-winged-Lapwing-300x200.jpg	4edbbb2369a3cf23690e542074a444e6dff33331	6022
docs/media/uploads/2020/04/Spur-winged-Lapwing-333x227.jpg	4a09c6d97a345c9b9926eeb74a4c4033fa7372d2	6861
docs/media/uploads/2020/04/Spur-winged-Lapwing-347x233.jpg	291b88e788eda59f9b6d6b349fa67e4789fcb270	7502
docs/media/uploads/2020/04/Spur-winged-Lapwing-359x240.jpg	6fe45f63b665c56a5731dae12f8c628f0bda9ae3	7811
docs/media/uploads/2020/04/Spur-winged-Lapwing-364x245.jpg	9e623c2e1deaba9633e537e6c2c5faf825a47e39	7934
docs/media/uploads/2020/04/Spur-winged-Lapwing-367x237.jpg	542653c9aac3947580aa44b35d859b3c65871953	8171
docs/media/uploads/2020/04/Spur-winged-Lapwing-36x36.jpg	e366af212fcc8ef9dd4af746c7d2bb6bf057fd32	898
docs/media/uploads/2020/04/Spur-winged-Lapwing-546x300.jpg	91e4adc39564cbd97fa36bee4b980583ac5da558	12897
docs/media/uploads/2020/04/Spur-winged-Lapwing-546x365.jpg	844ffbf13d4343457719a1ddbf526eb239c63e41	14534
docs/media/uploads/2020/04/Spur-winged-Lapwing-576x392.jpg	0a1a397d7416c9f8e63d7fa9e3807557c5cc4366	15326
docs/media/uploads/2020/04/Spur-winged-Lapwing-702x432.jpg	566606090d3ce3f6fa0689406a058ca37b870828	20025
docs/media/uploads/2020/04/Spur-winged-Lapwing-765x510.jpg	ee92f06336d9e461045a66ac1b586abd59454778	23204
docs/media/uploads/2020/04/Spur-winged-Lapwing-80x54.jpg	44bebf9052ae0508714dec3c501a0f3ed014fd01	1355
docs/media/uploads/2020/04/Spur-winged-Lapwing-81x55.jpg	f2a9f1ef832150af781fdd5f5dd3f5f36cdb8133	1370
docs/media/uploads/2020/04/Spur-winged-Lapwing-85x57.jpg	fba4ea4c5d0c6d98106ab1774333d120df16cb7f	1417
docs/media/uploads/2020/04/Spur-winged-Lapwing.jpg	e1403c42e9019214fe812f5bd00aab68d062b57b	51228
docs/media/uploads/2020/04/West-Bekaa-112x75.jpg	efc2f058b116bda1ea70572a09b01055445e1a7d	2512
docs/media/uploads/2020/04/West-Bekaa-130x87.jpg	615c126fdcc72d454b1877b844b8356d2a982d29	3097
docs/media/uploads/2020/04/West-Bekaa-150x150.jpg	3231d33fda4d48e4221d70aa83bdae1c31d3f208	6081
docs/media/uploads/2020/04/West-Bekaa-165x109.jpg	8ff57fa686de646f364b699ace46ef79e2980ef5	4194
docs/media/uploads/2020/04/West-Bekaa-170x113.jpg	df1dbafe4ca8e5859836cd86468fe82ebd1fe713	4471
docs/media/uploads/2020/04/West-Bekaa-179x116.jpg	bc8288f428b7bea34090f29b29f971a40686c067	4712
docs/media/uploads/2020/04/West-Bekaa-179x120.jpg	ea28276c9d0b259b560e43562fa3abf7a9170c51	4806
docs/media/uploads/2020/04/West-Bekaa-266x179.jpg	4e2ad32a8e6b96b69207ae8da383cbb6eb571566	7916
docs/media/uploads/2020/04/West-Bekaa-274x183.jpg	0d90f5c50d1bbfd8a247bef21717485394f301e4	8854
docs/media/uploads/2020/04/West-Bekaa-333x227.jpg	be51271f98bf973cc1f465326694ad3b2d6a6e71	11517
docs/media/uploads/2020/04/West-Bekaa-347x233.jpg	314388bcfb46d7b1e459606fcd5ea88a73f7c984	11958
docs/media/uploads/2020/04/West-Bekaa-359x240.jpg	b05d125b21127398067c12648bd818d475dd6ad8	12260
docs/media/uploads/2020/04/West-Bekaa-364x245.jpg	b77a14faa254814bef6e7ff329fcecc03a15dc5d	12954
docs/media/uploads/2020/04/West-Bekaa-367x237.jpg	b8134d9d7ff43a465a4390ecea59b8e466024169	12171
docs/media/uploads/2020/04/West-Bekaa-36x36.jpg	00b744dc5c260018e5cbd030bb0924257dc2db8c	1098
docs/media/uploads/2020/04/West-Bekaa-546x300.jpg	56c51509efc074fda0388d72d414c5f156f0dfa0	18625
docs/media/uploads/2020/04/West-Bekaa-546x365.jpg	10ae8a0647045f18b4a59fc1b4584ba44339ec9d	21617
docs/media/uploads/2020/04/West-Bekaa-576x392.jpg	ff00060bfa310720116dfdca79f73d3674a1ebc1	23429
docs/media/uploads/2020/04/West-Bekaa-702x432.jpg	d6fc8787100aa6e19e1a2a92e9aacb7850f6e112	27107
docs/media/uploads/2020/04/West-Bekaa-765x510.jpg	2c4d5158b9570c2634a0aa3fc3aaaba3edd31db4	33484
docs/media/uploads/2020/04/West-Bekaa-80x54.jpg	88664d24e9b71e0040eb2c89bc99df3df7608fed	1688
docs/media/uploads/2020/04/West-Bekaa-81x55.jpg	04a843f7d46e602bfc71debd5ea13787bb6c23ee	1681
docs/media/uploads/2020/04/West-Bekaa-85x57.jpg	d1a5ee09f3fe1228f6efacc25ee67493dd75c229	1735
docs/media/uploads/2020/04/West-Bekaa-small-112x75.jpg	ffcfe5a657b1f7e5b28b61a78535130702c3f8ea	3031
docs/media/uploads/2020/04/West-Bekaa-small-130x87.jpg	5259b9359a94ed140b1611e65f4a58dcc96c9c26	3709
docs/media/uploads/2020/04/West-Bekaa-small-150x150.jpg	9bf6ff89f1041e34a79ad491d7e9d628fc063adf	5393
docs/media/uploads/2020/04/West-Bekaa-small-165x109.jpg	a463624aead0294f7240029c04cec0f24ad6340e	4740
docs/media/uploads/2020/04/West-Bekaa-small-170x113.jpg	26d45d702bf48217e6cb915e03b8fe22c18397f2	5044
docs/media/uploads/2020/04/West-Bekaa-small-179x116.jpg	9e73af22793a58149a2d78b83e86ddaa06902467	5288
docs/media/uploads/2020/04/West-Bekaa-small-179x120.jpg	d9e75028f12e2ef78bb8b17a06a87f65d8e37421	5358
docs/media/uploads/2020/04/West-Bekaa-small-266x179.jpg	cac72a298dfe743bb3d1c364ff290473b49bcbd9	8757
docs/media/uploads/2020/04/West-Bekaa-small-274x183.jpg	1029f87953104ab7e514034071f40f1f667286fe	9078
docs/media/uploads/2020/04/West-Bekaa-small-333x227.jpg	a6dc30bb6c946b380f46ff2b7f6fc7faaf6ccbf5	11852
docs/media/uploads/2020/04/West-Bekaa-small-347x233.jpg	d94f837d725b00ec9f8cbc96c1fdcaf6a0c32e50	12295
docs/media/uploads/2020/04/West-Bekaa-small-359x240.jpg	04b2deb51d43d79e41bd0983985f3298628d7dbf	12587
docs/media/uploads/2020/04/West-Bekaa-small-364x245.jpg	7a855a46b777fc68f2a4578e3ff586d35cf2c997	13040
docs/media/uploads/2020/04/West-Bekaa-small-367x237.jpg	f8adb79e138f9691b4eb6855aeda97a211cd6f95	12823
docs/media/uploads/2020/04/West-Bekaa-small-36x36.jpg	dfcee4309bdf3d38d682da3c8e5156ebd11a5497	1290
docs/media/uploads/2020/04/West-Bekaa-small-546x300.jpg	3bb2a64933b31844b1d71e744f3905fbdde47608	18972
docs/media/uploads/2020/04/West-Bekaa-small-546x365.jpg	0d033232eddefa497628f6bc73eac52ab37a2154	22459
docs/media/uploads/2020/04/West-Bekaa-small-576x392.jpg	177e8381bb13f2ca102cacea924c0953aee177a0	24376
docs/media/uploads/2020/04/West-Bekaa-small-702x432.jpg	2aa0df308984e233459af6e1fdac4bd16884b236	29719
docs/media/uploads/2020/04/West-Bekaa-small-765x510.jpg	7565f3ffb6b788169fa033c86cf6bdef9498f30c	35168
docs/media/uploads/2020/04/West-Bekaa-small-80x54.jpg	a5ffdbc1536d39706c5cbb15161dd608107d56c3	2134
docs/media/uploads/2020/04/West-Bekaa-small-81x55.jpg	3d776227e1e0e501c3eeb1d6789063a1a8647dcb	2268
docs/media/uploads/2020/04/West-Bekaa-small-85x57.jpg	309d24799dc34aae29b9b183e4e9b8e0cac1ac56	2351
docs/media/uploads/2020/04/West-Bekaa-small.jpg	5f218583e9352bb5c79de13fd0638663f33430f3	2791
docs/media/uploads/2020/04/West-Bekaa.jpg	12b98e6ff00eede04f38d808c8b33e8c5812259e	16091
docs/media/uploads/2020/04/birdlife-112x75.jpg	4a06a513685e025881ad3193a6e32ec9b5d2e1ea	4023
docs/media/uploads/2020/04/birdlife-130x87.jpg	f87b69854f19b254d2d5aa6b2f1bdf9bff61abfd	4827
docs/media/uploads/2020/04/birdlife-150x150.jpg	6ff6b59117eeac6d943795c8be1c264ccf475951	7817
docs/media/uploads/2020/04/birdlife-165x109.jpg	7f00bf1288d412086891ced6587fd8326597cff3	6948
docs/media/uploads/2020/04/birdlife-170x113.jpg	5ca8f9ce7d0b7d88666a24c2a26d6fea530df351	7283
docs/media/uploads/2020/04/birdlife-179x116.jpg	a10221c0c2ca33a4f65cc69992cd89c9f1d231be	7770
docs/media/uploads/2020/04/birdlife-179x120.jpg	97ca84a01be5038561b6923ccc504b2f1edda082	7638
docs/media/uploads/2020/04/birdlife-266x179.jpg	2b89ca41d619a70d4a8a2391c1d578e8e33aea2b	14257
docs/media/uploads/2020/04/birdlife-274x183.jpg	b48e88d2571181f7caead7cbc87893a4cac58602	14030
docs/media/uploads/2020/04/birdlife-300x220.jpg	eeb0e1e16bd05fa12693ddae79277a9eb076b981	17065
docs/media/uploads/2020/04/birdlife-333x227.jpg	74b991311ba47ea565958a45ba7e251abc66f152	20333
docs/media/uploads/2020/04/birdlife-347x233.jpg	66f993f94d8dddc2711bd37572aaeaf980a19f55	20915
docs/media/uploads/2020/04/birdlife-359x240.jpg	ea42109485c4973d8dc2d486ec2a266eff8ddc3d	21756
docs/media/uploads/2020/04/birdlife-364x245.jpg	3897c043bad8d613f0bfad796c602c318c77da38	22630
docs/media/uploads/2020/04/birdlife-367x237.jpg	8765fefee88e473126e3829052a597d8ec38a006	21382
docs/media/uploads/2020/04/birdlife-36x36.jpg	7f37b83b4f8f87973d072e63784f0ee013d4dd94	1265
docs/media/uploads/2020/04/birdlife-546x300.jpg	e3ac3222c62175064044197503cbb0ce0db49af7	31849
docs/media/uploads/2020/04/birdlife-546x365.jpg	e99f5f140a58d78719b89cd76f90f6e9f53d66da	39850
docs/media/uploads/2020/04/birdlife-576x392.jpg	4df6bdb56ed3e1a3f1d569ef5c19e954fcdcb63b	43240
docs/media/uploads/2020/04/birdlife-702x432.jpg	2ec6adf6b739b8392c7da3be910a0de2a1d33e4c	50489
docs/media/uploads/2020/04/birdlife-765x510.jpg	7c3adb4fac35cf1cb7833478e7cb932b448646fe	62051
docs/media/uploads/2020/04/birdlife-80x54.jpg	ab6b6baa73e1395bb0b2eb78f2d474f2a9ede718	2472
docs/media/uploads/2020/04/birdlife-81x55.jpg	b89b2e7eeaddb8e88cdd3097ec0d0ca0fe2ed941	2596
docs/media/uploads/2020/04/birdlife-85x57.jpg	f1cd1b9b7306267465b8410f5b451a5cf7328822	2785
docs/media/uploads/2020/04/birdlife.jpg	becb6269e7a3dd738d8e2cad6e0e62fe8b7baea0	73774
docs/media/uploads/2020/04/cropped-Sayd-Mag-Icon-1-112x75.png	3c3d8d9b7de2b493ee9120095bcbf3b9a4db4e11	2632
docs/media/uploads/2020/04/cropped-Sayd-Mag-Icon-1-130x87.png	7d086e79077bd61bd692b162f7ea02143030d350	2959
docs/media/uploads/2020/04/cropped-Sayd-Mag-Icon-1-135x270.png	c165d8520a5862a46db8792bdbdb63d19f0a398c	2885
docs/media/uploads/2020/04/cropped-Sayd-Mag-Icon-1-150x150.png	6f2beb429804b25a0cb05f776a1efbb88c9ebf40	3446
docs/media/uploads/2020/04/cropped-Sayd-Mag-Icon-1-165x109.png	05ff7d1a0c6a04fc5afb7d61d8659465053320b5	3649
docs/media/uploads/2020/04/cropped-Sayd-Mag-Icon-1-16x32.png	d99346ba05434c4c2c8fc31083c37a8697a80e0e	464
docs/media/uploads/2020/04/cropped-Sayd-Mag-Icon-1-170x113.png	039146dc726a793cf6c9a519393af90d0790f7f1	3788
docs/media/uploads/2020/04/cropped-Sayd-Mag-Icon-1-179x116.png	c05d16390ab9aef4b491434d070a9baaddced0ff	3946
docs/media/uploads/2020/04/cropped-Sayd-Mag-Icon-1-179x120.png	8715d078723a13af695c6b6ba62aa4fa32dc2ed1	3992
docs/media/uploads/2020/04/cropped-Sayd-Mag-Icon-1-266x179.png	7672acfad44e4bf3c235fc88188b8959007bd698	7018
docs/media/uploads/2020/04/cropped-Sayd-Mag-Icon-1-274x183.png	02f6c7548de825f15b09ee8a13d3387c37f98dbc	7005
docs/media/uploads/2020/04/cropped-Sayd-Mag-Icon-1-300x300.png	c8d5a2cc0aa73d47646d3d4afff114e4fdd07510	8124
docs/media/uploads/2020/04/cropped-Sayd-Mag-Icon-1-333x227.png	7189aae300ef1755ccde2b87c884926e92cc004d	9215
docs/media/uploads/2020/04/cropped-Sayd-Mag-Icon-1-347x233.png	52f3d89b6914d41e1eee36f6d11d0dd36eb7c43d	9797
docs/media/uploads/2020/04/cropped-Sayd-Mag-Icon-1-359x240.png	1eec01646da58a6abcb72b1f50e7090b32b35b8c	10187
docs/media/uploads/2020/04/cropped-Sayd-Mag-Icon-1-364x245.png	18e8555975eba63a458648d029ed43fb264ed96b	10216
docs/media/uploads/2020/04/cropped-Sayd-Mag-Icon-1-367x237.png	215e5ed3d80c29bee10020747bd0dbc6072e4946	10385
docs/media/uploads/2020/04/cropped-Sayd-Mag-Icon-1-36x36.png	fc7d37ff7a6e8df3053e75cd0bb230d84df93b39	986
docs/media/uploads/2020/04/cropped-Sayd-Mag-Icon-1-546x300.png	325ec37c35ac092140fd47083d8b5af1c4bc9fc5	17890
docs/media/uploads/2020/04/cropped-Sayd-Mag-Icon-1-546x365.png	53742afd50d24e1ee881a6c6846e4e5fbfb95bb0	17456
docs/media/uploads/2020/04/cropped-Sayd-Mag-Icon-1-576x392.png	cc43a176c94b3fdd935822682ed00be15538d1f1	19645
docs/media/uploads/2020/04/cropped-Sayd-Mag-Icon-1-702x432.png	f130570a7351af8a225392a1d09a87085d352720	27820
docs/media/uploads/2020/04/cropped-Sayd-Mag-Icon-1-765x510.png	dd74a59a65eaf11fafd4ca590b0e310bbb3f404e	32357
docs/media/uploads/2020/04/cropped-Sayd-Mag-Icon-1-80x54.png	7df5c71fbe40a56bc5fea99faa9a008f95834881	2003
docs/media/uploads/2020/04/cropped-Sayd-Mag-Icon-1-81x55.png	cd19267c01bff372a7898f95ab842bab5167e3f8	2007
docs/media/uploads/2020/04/cropped-Sayd-Mag-Icon-1-85x57.png	808a4e357a8a97c19fe098165e80f19ca1272d1e	2077
docs/media/uploads/2020/04/cropped-Sayd-Mag-Icon-1-90x180.png	38ae5258ca146e3910ce1a3ffec9fc33db2ee2b5	1988
docs/media/uploads/2020/04/cropped-Sayd-Mag-Icon-1-96x192.png	7955a5c5d21d83a07358d5ad30aaa7b5a2a0e5ea	2188
docs/media/uploads/2020/04/cropped-Sayd-Mag-Icon-1.png	0130de8f355c176753cce3790304a3489430a0a5	17114
docs/media/uploads/2020/04/cropped-Sayd-Mag-Icon-112x75.png	3c3d8d9b7de2b493ee9120095bcbf3b9a4db4e11	2632
docs/media/uploads/2020/04/cropped-Sayd-Mag-Icon-130x87.png	7d086e79077bd61bd692b162f7ea02143030d350	2959
docs/media/uploads/2020/04/cropped-Sayd-Mag-Icon-135x270.png	c165d8520a5862a46db8792bdbdb63d19f0a398c	2885
docs/media/uploads/2020/04/cropped-Sayd-Mag-Icon-150x150.png	6f2beb429804b25a0cb05f776a1efbb88c9ebf40	3446
docs/media/uploads/2020/04/cropped-Sayd-Mag-Icon-165x109.png	05ff7d1a0c6a04fc5afb7d61d8659465053320b5	3649
docs/media/uploads/2020/04/cropped-Sayd-Mag-Icon-16x32.png	d99346ba05434c4c2c8fc31083c37a8697a80e0e	464
docs/media/uploads/2020/04/cropped-Sayd-Mag-Icon-170x113.png	039146dc726a793cf6c9a519393af90d0790f7f1	3788
docs/media/uploads/2020/04/cropped-Sayd-Mag-Icon-179x116.png	c05d16390ab9aef4b491434d070a9baaddced0ff	3946
docs/media/uploads/2020/04/cropped-Sayd-Mag-Icon-179x120.png	8715d078723a13af695c6b6ba62aa4fa32dc2ed1	3992
docs/media/uploads/2020/04/cropped-Sayd-Mag-Icon-266x179.png	7672acfad44e4bf3c235fc88188b8959007bd698	7018
docs/media/uploads/2020/04/cropped-Sayd-Mag-Icon-274x183.png	02f6c7548de825f15b09ee8a13d3387c37f98dbc	7005
docs/media/uploads/2020/04/cropped-Sayd-Mag-Icon-300x300.png	c8d5a2cc0aa73d47646d3d4afff114e4fdd07510	8124
docs/media/uploads/2020/04/cropped-Sayd-Mag-Icon-333x227.png	7189aae300ef1755ccde2b87c884926e92cc004d	9215
docs/media/uploads/2020/04/cropped-Sayd-Mag-Icon-347x233.png	52f3d89b6914d41e1eee36f6d11d0dd36eb7c43d	9797
docs/media/uploads/2020/04/cropped-Sayd-Mag-Icon-359x240.png	1eec01646da58a6abcb72b1f50e7090b32b35b8c	10187
docs/media/uploads/2020/04/cropped-Sayd-Mag-Icon-364x245.png	18e8555975eba63a458648d029ed43fb264ed96b	10216
docs/media/uploads/2020/04/cropped-Sayd-Mag-Icon-367x237.png	215e5ed3d80c29bee10020747bd0dbc6072e4946	10385
docs/media/uploads/2020/04/cropped-Sayd-Mag-Icon-36x36.png	fc7d37ff7a6e8df3053e75cd0bb230d84df93b39	986
docs/media/uploads/2020/04/cropped-Sayd-Mag-Icon-546x300.png	325ec37c35ac092140fd47083d8b5af1c4bc9fc5	17890
docs/media/uploads/2020/04/cropped-Sayd-Mag-Icon-546x365.png	53742afd50d24e1ee881a6c6846e4e5fbfb95bb0	17456
docs/media/uploads/2020/04/cropped-Sayd-Mag-Icon-576x392.png	cc43a176c94b3fdd935822682ed00be15538d1f1	19645
docs/media/uploads/2020/04/cropped-Sayd-Mag-Icon-702x432.png	f130570a7351af8a225392a1d09a87085d352720	27820
docs/media/uploads/2020/04/cropped-Sayd-Mag-Icon-765x510.png	dd74a59a65eaf11fafd4ca590b0e310bbb3f404e	32357
docs/media/uploads/2020/04/cropped-Sayd-Mag-Icon-80x54.png	7df5c71fbe40a56bc5fea99faa9a008f95834881	2003
docs/media/uploads/2020/04/cropped-Sayd-Mag-Icon-81x55.png	cd19267c01bff372a7898f95ab842bab5167e3f8	2007
docs/media/uploads/2020/04/cropped-Sayd-Mag-Icon-85x57.png	808a4e357a8a97c19fe098165e80f19ca1272d1e	2077
docs/media/uploads/2020/04/cropped-Sayd-Mag-Icon-90x180.png	38ae5258ca146e3910ce1a3ffec9fc33db2ee2b5	1988
docs/media/uploads/2020/04/cropped-Sayd-Mag-Icon-96x192.png	7955a5c5d21d83a07358d5ad30aaa7b5a2a0e5ea	2188
docs/media/uploads/2020/04/cropped-Sayd-Mag-Icon.png	0130de8f355c176753cce3790304a3489430a0a5	17114
docs/media/uploads/2020/04/اكليل-الجبل-112x75.jpg	59353db49e632b675b4adc0a34f3d775ed405152	4735
docs/media/uploads/2020/04/اكليل-الجبل-130x87.jpg	920a20e8117d7df7d7f187f75c41a29cd5aec36a	6093
docs/media/uploads/2020/04/اكليل-الجبل-150x150.jpg	a7c0b9baf5a02e6ed4fe7cc46d1ece0e9792e0b4	46879
docs/media/uploads/2020/04/اكليل-الجبل-165x109.jpg	89650dc39b92757f04ffef31a913cf29a7a3e829	8959
docs/media/uploads/2020/04/اكليل-الجبل-170x113.jpg	72281d91e63c76e779a322dc9e45c7eb14ed7fd7	9680
docs/media/uploads/2020/04/اكليل-الجبل-179x116.jpg	26e1a7b390c607208c1b3a6241cd8026402df1ed	10318
docs/media/uploads/2020/04/اكليل-الجبل-179x120.jpg	9a7e621794f5521d3d6e833b9e61ffb21be9116c	10368
docs/media/uploads/2020/04/اكليل-الجبل-266x179.jpg	8a5567b1014d8bb5e2aeff7241a5aba8d4e2b2b3	59785
docs/media/uploads/2020/04/اكليل-الجبل-274x183.jpg	0f288c19f945aea79b568db5cd2572042f763562	21549
docs/media/uploads/2020/04/اكليل-الجبل-300x200.jpg	79fe928e56a16ff816fd14bfb998f9a3cc14eb42	24593
docs/media/uploads/2020/04/اكليل-الجبل-333x227.jpg	c6756a85b7c68746f0204e27f1c6dc363cc0792c	30166
docs/media/uploads/2020/04/اكليل-الجبل-347x233.jpg	a84c6a7cef4b9464888b75a9c800827a53392b66	32149
docs/media/uploads/2020/04/اكليل-الجبل-359x240.jpg	92832ae97e12db4925c228c4a0e808038b61be63	33394
docs/media/uploads/2020/04/اكليل-الجبل-364x245.jpg	a310750431742b698a3c4e2bb264aac049929b84	34431
docs/media/uploads/2020/04/اكليل-الجبل-367x237.jpg	016f3c3f228a6c157c90e715562452bd3c3cca98	34017
docs/media/uploads/2020/04/اكليل-الجبل-36x36.jpg	6c68ae24be331bc9fcb54e4bd0f0c5acb56f97ab	1338
docs/media/uploads/2020/04/اكليل-الجبل-546x300.jpg	a6954d05bf98151b5c143abe882ca7730abaa572	54545
docs/media/uploads/2020/04/اكليل-الجبل-546x365.jpg	913a8a339cd8ac06c73894fa10e0886782ff72c9	63622
docs/media/uploads/2020/04/اكليل-الجبل-576x392.jpg	d6ec6757d5001a183d5aa2e16676ba36a16b0ce9	68745
docs/media/uploads/2020/04/اكليل-الجبل-702x432.jpg	7d0e4e5c9da8edda07ee38dae238864823471a9e	84999
docs/media/uploads/2020/04/اكليل-الجبل-765x510.jpg	86ebe8572ac4581c02316edf6907eaf93269d11d	101562
docs/media/uploads/2020/04/اكليل-الجبل-80x54.jpg	48c9e6b48c4b573bd370ba8ece31803a5bc6f736	2723
docs/media/uploads/2020/04/اكليل-الجبل-81x55.jpg	a9d52fe0a5973bddb00a0056929a53d955eb079d	2878
docs/media/uploads/2020/04/اكليل-الجبل-85x57.jpg	67e3a83f02aede4324bf89cf4a76becf40219e7c	3119
docs/media/uploads/2020/04/اكليل-الجبل.jpg	6382ebbbfaa03a9fbb2071acd706a7f8753aafc2	129205
docs/media/uploads/2020/04/اياك-ان-تدخل-عالم-الرماية-112x75.jpg	0fa7ca4f42813bf3d088ee4e76846af3729b754e	3851
docs/media/uploads/2020/04/اياك-ان-تدخل-عالم-الرماية-130x87.jpg	9866ca6f12982b2d377430a9c2e5cd48b15c005f	4735
docs/media/uploads/2020/04/اياك-ان-تدخل-عالم-الرماية-150x150.jpg	6113133131156e5cfa6aca52ed5fa476fbf7fd79	7703
docs/media/uploads/2020/04/اياك-ان-تدخل-عالم-الرماية-165x109.jpg	06329ecc6271ddcd2417ee4364a5e6bec4f618c5	6651
docs/media/uploads/2020/04/اياك-ان-تدخل-عالم-الرماية-170x113.jpg	63beb48ee879cf1086a7f0012c00052bf205b12a	7117
docs/media/uploads/2020/04/اياك-ان-تدخل-عالم-الرماية-179x116.jpg	5fe2db7f17b34fa99ae37e9e121150da53ccf0e0	7597
docs/media/uploads/2020/04/اياك-ان-تدخل-عالم-الرماية-179x120.jpg	bc43c3e1c32d19f779dc689b030ea2f4bc0658f3	7442
docs/media/uploads/2020/04/اياك-ان-تدخل-عالم-الرماية-266x179.jpg	3f4ad1ebce3b7079df392bc2a9d7fb4cdcd9b9b7	14969
docs/media/uploads/2020/04/اياك-ان-تدخل-عالم-الرماية-274x183.jpg	ec3666e7d2dc29fed1b802d06ea1232126c8f293	15466
docs/media/uploads/2020/04/اياك-ان-تدخل-عالم-الرماية-300x200.jpg	2252f2b1311c33068eb477c0d053cc147bd77514	17782
docs/media/uploads/2020/04/اياك-ان-تدخل-عالم-الرماية-333x227.jpg	0c8c772e1940fe31a63d17aea4eaa7398d84612b	22411
docs/media/uploads/2020/04/اياك-ان-تدخل-عالم-الرماية-347x233.jpg	7193be9f88ac48121c0e09f34cb4501f2dc76c4e	23927
docs/media/uploads/2020/04/اياك-ان-تدخل-عالم-الرماية-359x240.jpg	6ccd72f22a69859df1bcb9866c0b661ff588ca45	24710
docs/media/uploads/2020/04/اياك-ان-تدخل-عالم-الرماية-364x245.jpg	c05057bcff0f3f452dd097d6737de42c48fa29bd	25943
docs/media/uploads/2020/04/اياك-ان-تدخل-عالم-الرماية-367x237.jpg	212140a5c0720cc0adfc35b1cbbce3b2aa62b88c	25240
docs/media/uploads/2020/04/اياك-ان-تدخل-عالم-الرماية-36x36.jpg	6fe8cbdf46421499ba79151de7d19419d1d08828	1320
docs/media/uploads/2020/04/اياك-ان-تدخل-عالم-الرماية-546x300.jpg	66e8c4236675c45c05257b277b8725360edf24b5	46151
docs/media/uploads/2020/04/اياك-ان-تدخل-عالم-الرماية-546x365.jpg	574b43567f2fd09c67633313350f0be1ca4cea35	52464
docs/media/uploads/2020/04/اياك-ان-تدخل-عالم-الرماية-576x392.jpg	b2d5c23e79b17da387ec1d18e997c1bb78ec6434	58580
docs/media/uploads/2020/04/اياك-ان-تدخل-عالم-الرماية-702x432.jpg	ea5705ccdf894232149c718ed75a2fc535e41307	74047
docs/media/uploads/2020/04/اياك-ان-تدخل-عالم-الرماية-765x510.jpg	2464ece5be647ef8c59d44362acce66ef5678f57	89789
docs/media/uploads/2020/04/اياك-ان-تدخل-عالم-الرماية-80x54.jpg	6456996a23ca06c1e3e5f4ce96c6904b045da7b7	2391
docs/media/uploads/2020/04/اياك-ان-تدخل-عالم-الرماية-81x55.jpg	de7b597c73d2b331551c6497865a9834d471a23d	2483
docs/media/uploads/2020/04/اياك-ان-تدخل-عالم-الرماية-85x57.jpg	f9f2c57a49d010a908c5dd6f85f1285caf78e202	2633
docs/media/uploads/2020/04/اياك-ان-تدخل-عالم-الرماية.jpg	047e3274846e7db234ea994a532a3c06396ffbc0	113290
docs/media/uploads/2020/04/بابونج-112x75.jpg	fc0d170cc3e71c03001766d12515338a360c5900	5285
docs/media/uploads/2020/04/بابونج-130x87.jpg	9174ebe9444733b5a5834d28ae1968873f8d45d9	6662
docs/media/uploads/2020/04/بابونج-150x150.jpg	8b91bea36ae88f10031dcdbbc05ce923ed2522a9	46827
docs/media/uploads/2020/04/بابونج-165x109.jpg	312e3b0aa30ba0f309d5a32d8fd4284ce5caba83	9773
docs/media/uploads/2020/04/بابونج-170x113.jpg	451e43532565428df2a24efb4735a7b2a8d421a4	10503
docs/media/uploads/2020/04/بابونج-179x116.jpg	6bf9327fa8fc467c144e146f91ab54f256574fd2	11046
docs/media/uploads/2020/04/بابونج-179x120.jpg	9672f4b28a7bd260a97f761c0ff33cbaaa0aa250	11127
docs/media/uploads/2020/04/بابونج-266x179.jpg	9d50ea260a83eaa3b731be846446fb1e826b9e39	60019
docs/media/uploads/2020/04/بابونج-274x183.jpg	1f60d57918dc3be4f295122226a375f78f7e57e6	22315
docs/media/uploads/2020/04/بابونج-300x200.jpg	a1b09ecb7627cbe32bb4a42a1f3dfc49dcefbe2d	25351
docs/media/uploads/2020/04/بابونج-333x227.jpg	142ebadfcb3ac067dbd8202d46da2c8c168f67f4	31204
docs/media/uploads/2020/04/بابونج-347x233.jpg	21a1aa9c43e62f05fd6f946db6261d4ef3c94cd3	33068
docs/media/uploads/2020/04/بابونج-359x240.jpg	9d8dd8c19fbeb79a51049bff98e4beb7215f6406	33915
docs/media/uploads/2020/04/بابونج-364x245.jpg	c2f3500cfc6843202a21d3ee73a6f9482c90f397	35437
docs/media/uploads/2020/04/بابونج-367x237.jpg	14992aeff39c8ec40605d6a86a096072e05d3b32	34335
docs/media/uploads/2020/04/بابونج-36x36.jpg	5fd870ee2cfe18c12b07b6beb81247c36428c173	1438
docs/media/uploads/2020/04/بابونج-546x300.jpg	4fee6ce849d08e6be2ce3b0d1d6a202fc946e2e6	55634
docs/media/uploads/2020/04/بابونج-546x365.jpg	2f5f2f3872fb65f3d860e42cfcaa100db9608b83	66034
docs/media/uploads/2020/04/بابونج-576x392.jpg	8f2b99626ade4d1c7c248e0913a28d66664c141b	71691
docs/media/uploads/2020/04/بابونج-702x432.jpg	b5001bc744e8d1e2da9a5f49ab543fd133c01b4b	87630
docs/media/uploads/2020/04/بابونج-765x510.jpg	585c9a12dc629d63461921d402fc93f90ea5d876	106748
docs/media/uploads/2020/04/بابونج-80x54.jpg	905ff259a073cce1ae5604161ccc039f22ff53d8	3049
docs/media/uploads/2020/04/بابونج-81x55.jpg	157dac6b49b9ff408fc6ca25c54eeed8f6520879	3186
docs/media/uploads/2020/04/بابونج-85x57.jpg	45c3cf27fc03352405ea84954005bd3b2a2aa795	3485
docs/media/uploads/2020/04/بابونج.jpg	4b490cf44a016f6619fb4d546f3d29249ce0369f	127308
docs/media/uploads/2020/04/بزال-2-112x75.jpg	ae8010339352ec473fdd7479cd84480ea2447cc4	3033
docs/media/uploads/2020/04/بزال-2-130x87.jpg	e481062560fa18123c98ab4886d1721773d4f96e	3737
docs/media/uploads/2020/04/بزال-2-150x150.jpg	e6860dc7cd5137fcdb37f8baf6941df87153d571	6809
docs/media/uploads/2020/04/بزال-2-165x109.jpg	efc47fc693ce8a0a088a01cc0ffc30a3c8c1d90f	5146
docs/media/uploads/2020/04/بزال-2-170x113.jpg	dab2e4935dc3c699d6b4742830bfa09aa2b76d5c	5360
docs/media/uploads/2020/04/بزال-2-179x116.jpg	cbe21f0db83e835af8e392ec30f341410d56a734	5888
docs/media/uploads/2020/04/بزال-2-179x120.jpg	7c7a97d78e2bdff03756215256fbfabce8bfbbe6	5779
docs/media/uploads/2020/04/بزال-2-266x179.jpg	4685b76d523a623cea86835070bbc87c4e9369e3	10161
docs/media/uploads/2020/04/بزال-2-274x183.jpg	b5a2fcce80a574e50448b4f3e661891447761211	10468
docs/media/uploads/2020/04/بزال-2-300x200.jpg	8660ea8f7d3ee4145fbab82806e95b0f4e1726ef	11692
docs/media/uploads/2020/04/بزال-2-333x227.jpg	4954d0643b21fefe752a0a56ea4c6ee87b9d129d	13498
docs/media/uploads/2020/04/بزال-2-347x233.jpg	1ede1c18742c9733b24869195dbab04ce33800cc	14526
docs/media/uploads/2020/04/بزال-2-359x240.jpg	48459d5701f9c44ece7a36007a91d26b6cea28cd	15443
docs/media/uploads/2020/04/بزال-2-364x245.jpg	92e0fbc95bd970b5f1531eed78479a736d03384e	15269
docs/media/uploads/2020/04/بزال-2-367x237.jpg	fd3b516c87247b6b07278bb4d412ad9e6b7cde96	15947
docs/media/uploads/2020/04/بزال-2-36x36.jpg	17c66cea6fdad0706113f87632959651d43551f7	1272
docs/media/uploads/2020/04/بزال-2-546x300.jpg	fd70c068e3803d344f8105482a83c94b118df159	25671
docs/media/uploads/2020/04/بزال-2-546x365.jpg	6404ffdcd7229c24bbbf8b3cc72e52c9354170fa	26935
docs/media/uploads/2020/04/بزال-2-576x392.jpg	901d7210d01c80f731b0f7723a34fc7dd1b7031c	28977
docs/media/uploads/2020/04/بزال-2-702x432.jpg	944b97c567f0077e4f2c308f4a726f10899eb730	36256
docs/media/uploads/2020/04/بزال-2-765x510.jpg	277e09de7c717146180949b91f35226d515d8d70	41595
docs/media/uploads/2020/04/بزال-2-80x54.jpg	d04a6558c22f9850f95a212137ea477002eb16e7	2081
docs/media/uploads/2020/04/بزال-2-81x55.jpg	e898046cf50f0ab06fb233a7587db650af523567	2130
docs/media/uploads/2020/04/بزال-2-85x57.jpg	e42303a8519c3624dbd2f7041a90ca52a5162347	2272
docs/media/uploads/2020/04/بزال-2.jpg	a1fce85dee58ccf1191f6db625e3e46bf4bdf414	71291
docs/media/uploads/2020/04/بزال-3-112x75.jpg	4f922cbd36b6871ef6853df512264d12efd76bae	3874
docs/media/uploads/2020/04/بزال-3-130x87.jpg	4c950d6dde65b948a9666ef0f91b8aed1b60c51a	4691
docs/media/uploads/2020/04/بزال-3-150x150.jpg	82815ef7a0982d154abd47be7d4e71c6e9b7668b	7693
docs/media/uploads/2020/04/بزال-3-165x109.jpg	f038932bf450b29b261d89b77b1e2acb05314f75	6792
docs/media/uploads/2020/04/بزال-3-170x113.jpg	b04963bc4254d2c51c50f63cd3e697f2e422548f	7223
docs/media/uploads/2020/04/بزال-3-179x116.jpg	3f9d04b10cb87f8c0631ab17ffdb963ae4a9e1dc	7653
docs/media/uploads/2020/04/بزال-3-179x120.jpg	b32354902eb612df6010299ea9fd6ded298ec565	7680
docs/media/uploads/2020/04/بزال-3-266x179.jpg	4502e599599fa7db3ebb3cc7a3b5db6a1b6e5296	15204
docs/media/uploads/2020/04/بزال-3-274x183.jpg	984634d47a7008868e96ad5d5cd7c99fda813b93	15692
docs/media/uploads/2020/04/بزال-3-300x200.jpg	d08eaa9540f8895b31c6893da0a3c1effb075d00	17833
docs/media/uploads/2020/04/بزال-3-333x227.jpg	87b41384356455d5ad80eab7497d37cf9dec80e8	22216
docs/media/uploads/2020/04/بزال-3-347x233.jpg	9103b00c758e8fc5dad0e0745eb84b1c464a55b7	23789
docs/media/uploads/2020/04/بزال-3-359x240.jpg	fb8171d40e5859e67aaab5ffbb2c3076d7838925	24487
docs/media/uploads/2020/04/بزال-3-364x245.jpg	141818e1e77935a86a4a95d902c1877ddc18d7a7	25648
docs/media/uploads/2020/04/بزال-3-367x237.jpg	c124a5039d5e607bad7db4c57586cae48df012d0	24982
docs/media/uploads/2020/04/بزال-3-36x36.jpg	98abf07c12407717e1cc051fdb813c8d0295ddf4	1239
docs/media/uploads/2020/04/بزال-3-546x300.jpg	968e19327c133fe4b2c53f1310b580ffb0b663bb	41973
docs/media/uploads/2020/04/بزال-3-546x365.jpg	75ede11b40286c74cf5693cc457db1d6943788c9	50770
docs/media/uploads/2020/04/بزال-3-576x392.jpg	0e3607a5b0e2f9ba5aa1438f3c53eb08c41d90a1	55456
docs/media/uploads/2020/04/بزال-3-702x432.jpg	23abba68785e7afa8866f849f1e4f91a53eec5e6	68365
docs/media/uploads/2020/04/بزال-3-765x510.jpg	51490308145c967ac3db31578903f11416f5ff43	84486
docs/media/uploads/2020/04/بزال-3-80x54.jpg	5434d567c9c00555c407fafd93e40dbe8d6fa9b2	2382
docs/media/uploads/2020/04/بزال-3-81x55.jpg	b85a05529221f1c17c9149322e6648268d12d5ec	2502
docs/media/uploads/2020/04/بزال-3-85x57.jpg	7a4426f884cace9c4592985a499663b24c92a5ce	2670
docs/media/uploads/2020/04/بزال-3.jpg	68b4384a49213f37773331fab6637330b5923c55	109207
docs/media/uploads/2020/04/بزال-4-112x75.jpg	e3bff24aa575ce0168930a1d73820b5e36ee2751	4276
docs/media/uploads/2020/04/بزال-4-130x87.jpg	fc6f06c21faecaf70cd2571b29930ec87c7c8c56	5316
docs/media/uploads/2020/04/بزال-4-150x150.jpg	501950eed975dba3421c51ae52ef2cbf9f528ad5	9232
docs/media/uploads/2020/04/بزال-4-165x109.jpg	197773f300e4cb5a6f7eecb11e27f4a83e03e80c	7779
docs/media/uploads/2020/04/بزال-4-170x113.jpg	030c538f1a47249e58ceb698d5f7514f53d5064c	8322
docs/media/uploads/2020/04/بزال-4-179x116.jpg	70d67c20f7f0a7504393ecdf7054c2c59a7ad465	8907
docs/media/uploads/2020/04/بزال-4-179x120.jpg	9afd76bffd26c0a003745c119679652b4b7493d7	8914
docs/media/uploads/2020/04/بزال-4-266x179.jpg	a8313ce366ea99bad467e3444b6dbcd4c22c225a	18030
docs/media/uploads/2020/04/بزال-4-274x183.jpg	ade1deb62319e8193adde1e827a024d2c10fb95d	18526
docs/media/uploads/2020/04/بزال-4-300x200.jpg	0aefffeb53f771376ddfb64e4397ea59f3fe5ddf	20909
docs/media/uploads/2020/04/بزال-4-333x227.jpg	043076ae995249611c272292aee727e98860f84c	26367
docs/media/uploads/2020/04/بزال-4-347x233.jpg	9760b2e0907013827f1fed6b7214dce15adcc06d	28018
docs/media/uploads/2020/04/بزال-4-359x240.jpg	57ee7cf89a498805aa2e6997208c088ca15b9ce3	29016
docs/media/uploads/2020/04/بزال-4-364x245.jpg	327446fdc473449aa45e2abca959ab6735634182	30239
docs/media/uploads/2020/04/بزال-4-367x237.jpg	94e06b19d312f7dd3815901d121e914f6fe2d1f5	29597
docs/media/uploads/2020/04/بزال-4-36x36.jpg	e34e5a13bad32c42051000675bcef681fa353245	1326
docs/media/uploads/2020/04/بزال-4-546x300.jpg	b222181f6d2fd2e771d62722b1e13b06daa18fc2	51374
docs/media/uploads/2020/04/بزال-4-546x365.jpg	fbf9bcb0ab75030338a3aaf7360412214ab8bb88	59352
docs/media/uploads/2020/04/بزال-4-576x392.jpg	69dc3a732360127e2a6a9a2bcdc8267c6be8904c	64910
docs/media/uploads/2020/04/بزال-4-702x432.jpg	90aaa988937cdb1f2f36b866358645251392dde1	80875
docs/media/uploads/2020/04/بزال-4-765x510.jpg	3fd7d0b45721a2d66155400938924bd738a748ee	98094
docs/media/uploads/2020/04/بزال-4-80x54.jpg	3adb9a77c4703002086d48b112e511e2c7c420f0	2583
docs/media/uploads/2020/04/بزال-4-81x55.jpg	187bc66b354b5057f4b8221117d6010d4dd73ac4	2707
docs/media/uploads/2020/04/بزال-4-85x57.jpg	f1c6d31e7e96205eea7d5c5bff207f92c3ab500b	2926
docs/media/uploads/2020/04/بزال-4.jpg	4b0c337ab097bf0986bd822375907ab319283a47	124704
docs/media/uploads/2020/04/بزال-5-112x75.jpg	225a247ea14bc12eb0bef24d24abef01b0e86387	4344
docs/media/uploads/2020/04/بزال-5-130x87.jpg	d221d56af484daddd53ce27f11612c5a8a3e49e1	5408
docs/media/uploads/2020/04/بزال-5-150x150.jpg	b294190f4ccec478556f20ecae406a8e571b3dd9	8652
docs/media/uploads/2020/04/بزال-5-165x109.jpg	388b81af7141ed3da4cd3d3035dc06ebc541f6df	7664
docs/media/uploads/2020/04/بزال-5-170x113.jpg	b65de0b252e5cfa1ff3cd06d189705e1d8413bd7	8096
docs/media/uploads/2020/04/بزال-5-179x116.jpg	0aa63a0e405127d9c5c87ee1d38ae8342a033151	8580
docs/media/uploads/2020/04/بزال-5-179x120.jpg	61e29f2225230ba14a7667c7df9ccd62b08c6e4d	8644
docs/media/uploads/2020/04/بزال-5-266x179.jpg	3a7dd1b6cf79338aea1e873f1d7f7dcea86e1138	17169
docs/media/uploads/2020/04/بزال-5-274x183.jpg	257c2ab77f0151e866c932cf074e206d79573e48	17589
docs/media/uploads/2020/04/بزال-5-300x200.jpg	c88c816853bf49d7217758fc49e7c461b182d9c6	20131
docs/media/uploads/2020/04/بزال-5-333x227.jpg	3b4b92f9895c0c8fa06e7dc7c06601c55e4c9f58	25046
docs/media/uploads/2020/04/بزال-5-347x233.jpg	cf95362ba244b3b7e5efe9d2df9ed6bf4e180bd1	26785
docs/media/uploads/2020/04/بزال-5-359x240.jpg	af8b7fad3d5e7637cf9ef58ac1788b421eb37ff1	27384
docs/media/uploads/2020/04/بزال-5-364x245.jpg	f4440a26235a935b6fd8a755d6b24e9a27c5ef08	28794
docs/media/uploads/2020/04/بزال-5-367x237.jpg	053134b63d5f5aaa52fced5736f9465c44a00bf7	27926
docs/media/uploads/2020/04/بزال-5-36x36.jpg	250e101848eeb2fedb88b4b23e9ea09f5f4d64b9	1353
docs/media/uploads/2020/04/بزال-5-546x300.jpg	797dd93f1dbde4b9d1eb75afb9e5bf6bcd7e260c	44881
docs/media/uploads/2020/04/بزال-5-546x365.jpg	06e67f9abff27c53db65c67159ef114bfa05ad7b	56168
docs/media/uploads/2020/04/بزال-5-576x392.jpg	5b2d29ad43bd2aabcd1c29022ef113188cff977a	61547
docs/media/uploads/2020/04/بزال-5-702x432.jpg	6e190e5774d92a1d6557020aeb56340a64ea24d6	74634
docs/media/uploads/2020/04/بزال-5-765x510.jpg	938cf6f693f549d3cea6ad9f6ccc559e7be8cc52	93233
docs/media/uploads/2020/04/بزال-5-80x54.jpg	d2b46291cd8ddeeaa5b586dc4996cc3aeaff90f5	2622
docs/media/uploads/2020/04/بزال-5-81x55.jpg	fdaf97f3130ef59a539af6abc097e396be4b8c1b	2775
docs/media/uploads/2020/04/بزال-5-85x57.jpg	2755a3f9e134b79c362704121c0a259105f5b396	2936
docs/media/uploads/2020/04/بزال-5.jpg	b278ebea184383200e41d12051837da94d4b3df3	117024
docs/media/uploads/2020/04/بزال-6-112x75.jpg	c63502e3fb6e8ff515c2ca35adfd6b544c7f9bd0	3277
docs/media/uploads/2020/04/بزال-6-130x87.jpg	c5bc060794a844ad55158579e631d862a4f9b428	4024
docs/media/uploads/2020/04/بزال-6-150x150.jpg	8a83db8aa94ef672bb42b5b269ddd69437ea2c6d	6399
docs/media/uploads/2020/04/بزال-6-165x109.jpg	3771238a675790d2560411f8d3dcb3d121a9078e	5611
docs/media/uploads/2020/04/بزال-6-170x113.jpg	2e3879b41ce05f117b189e0cbab204e0cd58dfcd	5999
docs/media/uploads/2020/04/بزال-6-179x116.jpg	f30e46aa827a4538131015e4c1dc48390c5aadeb	6274
docs/media/uploads/2020/04/بزال-6-179x120.jpg	de3072f0e5341eaf9d2aa938de8f3c7c58098ea7	6395
docs/media/uploads/2020/04/بزال-6-266x179.jpg	d82acb6d7b28c775245abe02c1b3dadbcf9e1b83	12466
docs/media/uploads/2020/04/بزال-6-274x183.jpg	900d9a6df465b1d3e98960cdf4e7e3880762f78e	12899
docs/media/uploads/2020/04/بزال-6-300x200.jpg	d148a628735d017a907cd12afdfaec6f85765d7c	14774
docs/media/uploads/2020/04/بزال-6-333x227.jpg	0e35cf1828c63f911d33f19aff353d99f7cce2d0	18080
docs/media/uploads/2020/04/بزال-6-347x233.jpg	892a0c8436ebaa09e3362091f5a4c3ae7aa4be77	19321
docs/media/uploads/2020/04/بزال-6-359x240.jpg	5a2833b11753af129a66fbe97bcb628bfa00fbe3	20011
docs/media/uploads/2020/04/بزال-6-364x245.jpg	effe4f57e77a708379ad4c1b3e65581e648c164e	20977
docs/media/uploads/2020/04/بزال-6-367x237.jpg	8e87fae3bb5d43c6ba8118a777f2cb9e6a988f15	20510
docs/media/uploads/2020/04/بزال-6-36x36.jpg	84fb9c1c62262699bca7c30a5a2ddbd39902f0ac	1115
docs/media/uploads/2020/04/بزال-6-546x300.jpg	483ba7c11664e321dff631853464229ea7ea7231	33916
docs/media/uploads/2020/04/بزال-6-546x365.jpg	bc70010f2ac4198a1e04897306e4a3a185a3da16	40246
docs/media/uploads/2020/04/بزال-6-576x392.jpg	ccd41b97b91c531b2c1c624eb6614678e1fef914	44049
docs/media/uploads/2020/04/بزال-6-702x432.jpg	53ac184f0ef94da73ac98197eb8df93ea2883ac4	54372
docs/media/uploads/2020/04/بزال-6-765x510.jpg	4a73a19954ab45508cce42c98d214f5bee0ff710	66248
docs/media/uploads/2020/04/بزال-6-80x54.jpg	b637b313b4333326985699ce9e87f704098bc92e	2076
docs/media/uploads/2020/04/بزال-6-81x55.jpg	4fdbb46b025311be82c399a4b59c224b6f621af7	2149
docs/media/uploads/2020/04/بزال-6-85x57.jpg	82e06549b68f6c5a2e1ae1e21b4d48073ed40b9c	2294
docs/media/uploads/2020/04/بزال-6.jpg	5474eb95d2bfd9eecee600b3149937e87d93a4ea	89689
docs/media/uploads/2020/04/حشرة-ترتدي-جثث-فرائسها-1-112x75.jpg	36b16ff85e1272e2c0f3b12ee2e1b8a2271eaba2	2921
docs/media/uploads/2020/04/حشرة-ترتدي-جثث-فرائسها-1-130x87.jpg	1cc5a1b6f68df7da2c9d911210b33c4724664aa3	3631
docs/media/uploads/2020/04/حشرة-ترتدي-جثث-فرائسها-1-150x150.jpg	334a2877b15701c71310c9fc38795f179576ed44	6550
docs/media/uploads/2020/04/حشرة-ترتدي-جثث-فرائسها-1-165x109.jpg	eb2a4dcebaafe118a30ce700598e52beada176a9	5116
docs/media/uploads/2020/04/حشرة-ترتدي-جثث-فرائسها-1-170x113.jpg	647d0b86018529ed20780a53eb47fc9c93b15381	5515
docs/media/uploads/2020/04/حشرة-ترتدي-جثث-فرائسها-1-179x116.jpg	14431c2268ddb9c3caaf6debe9db766c9e0013e3	5832
docs/media/uploads/2020/04/حشرة-ترتدي-جثث-فرائسها-1-179x120.jpg	c2ab27d3975e15d0bf2141e4ec39c05edb6891f9	5835
docs/media/uploads/2020/04/حشرة-ترتدي-جثث-فرائسها-1-266x179.jpg	ecf0003c23b124022127600267aa2a7adcfe225b	11094
docs/media/uploads/2020/04/حشرة-ترتدي-جثث-فرائسها-1-274x183.jpg	d3043c9fdb7c9e82b4bb21e6b48622707aad6efc	11413
docs/media/uploads/2020/04/حشرة-ترتدي-جثث-فرائسها-1-300x200.jpg	c485642478925648ac5c792f9721b064427beed1	13016
docs/media/uploads/2020/04/حشرة-ترتدي-جثث-فرائسها-1-333x227.jpg	e2c5b7a776e15482884bb001edc67208d84dce2e	15975
docs/media/uploads/2020/04/حشرة-ترتدي-جثث-فرائسها-1-347x233.jpg	59d5d743d10261b2ed197f9e357fe42b5238f259	16889
docs/media/uploads/2020/04/حشرة-ترتدي-جثث-فرائسها-1-359x240.jpg	f1f88b8e09260009520263f65aee07169b552334	17321
docs/media/uploads/2020/04/حشرة-ترتدي-جثث-فرائسها-1-364x245.jpg	fa3d31bd47c65e2f2e8c30d1f96864fd64c3ad0b	18048
docs/media/uploads/2020/04/حشرة-ترتدي-جثث-فرائسها-1-367x237.jpg	9c310d5e289343bf732ab57efbbdfd0abf46cc59	17718
docs/media/uploads/2020/04/حشرة-ترتدي-جثث-فرائسها-1-36x36.jpg	b26571f5a9879bd6e5bc891af6b94c7ba6cc1816	1110
docs/media/uploads/2020/04/حشرة-ترتدي-جثث-فرائسها-1-546x300.jpg	61c3decad8309e0c52c41ee5602a073f26fc3f45	29952
docs/media/uploads/2020/04/حشرة-ترتدي-جثث-فرائسها-1-546x365.jpg	16f9ca8224d7bf8d02dc96f811db371ec94ab788	33749
docs/media/uploads/2020/04/حشرة-ترتدي-جثث-فرائسها-1-576x392.jpg	f8c8d06617c7129f756b9478a5e32c032168e98e	36628
docs/media/uploads/2020/04/حشرة-ترتدي-جثث-فرائسها-1-702x432.jpg	4f47cff410a9fff2379b22fc0edcbfa9ea7ed3cd	45985
docs/media/uploads/2020/04/حشرة-ترتدي-جثث-فرائسها-1-765x510.jpg	b7ee9824c535b41a57a40029b0600d288585da3d	54650
docs/media/uploads/2020/04/حشرة-ترتدي-جثث-فرائسها-1-80x54.jpg	891560fa1447ec7da1c20a7da7eae5a715f743a2	1832
docs/media/uploads/2020/04/حشرة-ترتدي-جثث-فرائسها-1-81x55.jpg	d558e2e99d710e95ff4df7536b6c32ff4c85942b	1883
docs/media/uploads/2020/04/حشرة-ترتدي-جثث-فرائسها-1-85x57.jpg	d253a194c31ebe74e38cd8b03448bb39f01287ed	2040
docs/media/uploads/2020/04/حشرة-ترتدي-جثث-فرائسها-1.jpg	57b5f2b5fbc2d8ea6c487c0f29e981b79c50785c	75235
docs/media/uploads/2020/04/حشرة-ترتدي-جثث-فرائسها-2-112x75.jpg	bcb716716923b3753886df365a02be9759b4130a	3184
docs/media/uploads/2020/04/حشرة-ترتدي-جثث-فرائسها-2-130x87.jpg	e9829f201e9ee2ddc62bfa2c5abe9cf929bb15bd	3885
docs/media/uploads/2020/04/حشرة-ترتدي-جثث-فرائسها-2-150x150.jpg	b7acaebd7a8851043b15768442a8dbc8cca63d0d	7251
docs/media/uploads/2020/04/حشرة-ترتدي-جثث-فرائسها-2-165x109.jpg	e96744385f4bed67a44d534afb2ea37e8cc20c6a	5604
docs/media/uploads/2020/04/حشرة-ترتدي-جثث-فرائسها-2-170x113.jpg	af6695f0df5307a238be83f694e4dd54f0811b89	5971
docs/media/uploads/2020/04/حشرة-ترتدي-جثث-فرائسها-2-179x116.jpg	1f4379132b6f98a14531b29db46e762ef9118056	6328
docs/media/uploads/2020/04/حشرة-ترتدي-جثث-فرائسها-2-179x120.jpg	2e2b51e24ee07b589fb53474dc5307785388d293	6367
docs/media/uploads/2020/04/حشرة-ترتدي-جثث-فرائسها-2-266x179.jpg	70072e7659c859e2d0927532db60f630430b4ad3	12417
docs/media/uploads/2020/04/حشرة-ترتدي-جثث-فرائسها-2-274x183.jpg	95ca872ffc63d8739312202ebdf45c6028b14965	12615
docs/media/uploads/2020/04/حشرة-ترتدي-جثث-فرائسها-2-300x200.jpg	9a9172fffd95499bc1adc26367a31b5b07c64652	14448
docs/media/uploads/2020/04/حشرة-ترتدي-جثث-فرائسها-2-333x227.jpg	88e87f4d865f75636c38fe3671188bbebd6763ef	18272
docs/media/uploads/2020/04/حشرة-ترتدي-جثث-فرائسها-2-347x233.jpg	76a759165a833efc2e01fa468abe0440e10d149c	19064
docs/media/uploads/2020/04/حشرة-ترتدي-جثث-فرائسها-2-359x240.jpg	40ee72c7a135941d2e85554162b1ea5aa5b1b453	19628
docs/media/uploads/2020/04/حشرة-ترتدي-جثث-فرائسها-2-364x245.jpg	d85bee45d6f918c19e6cfea8a2c766c2779aeefe	20667
docs/media/uploads/2020/04/حشرة-ترتدي-جثث-فرائسها-2-367x237.jpg	46aef0650301763a67b9b945cc143c437159e022	20094
docs/media/uploads/2020/04/حشرة-ترتدي-جثث-فرائسها-2-36x36.jpg	0e0871e86edf3ef4ee1be3f0d016d2dc1b0197de	1114
docs/media/uploads/2020/04/حشرة-ترتدي-جثث-فرائسها-2-546x300.jpg	d112ddef8e5c6ae8a801536f4a2e1a8e35d8c212	33654
docs/media/uploads/2020/04/حشرة-ترتدي-جثث-فرائسها-2-546x365.jpg	70f60c5a569023bc433b37a4589bf55c49041aa1	39501
docs/media/uploads/2020/04/حشرة-ترتدي-جثث-فرائسها-2-576x392.jpg	281b5fb6edfe1cb94f60f4a0770229f5d719d03e	43379
docs/media/uploads/2020/04/حشرة-ترتدي-جثث-فرائسها-2-702x432.jpg	f4102d68856b9ddecde4fbbc2ec4929f1cc8e011	53085
docs/media/uploads/2020/04/حشرة-ترتدي-جثث-فرائسها-2-765x510.jpg	08a8b714b71c736c2545795f5befafce5f488f53	64628
docs/media/uploads/2020/04/حشرة-ترتدي-جثث-فرائسها-2-80x54.jpg	9146ad8cd463d31050f78f782b900983e8cea1da	2013
docs/media/uploads/2020/04/حشرة-ترتدي-جثث-فرائسها-2-81x55.jpg	a401872ddc57afb8975a043f4ed8707bd67994ae	2086
docs/media/uploads/2020/04/حشرة-ترتدي-جثث-فرائسها-2-85x57.jpg	64bcf00f9726202517c32f202ea6f86c45175895	2226
docs/media/uploads/2020/04/حشرة-ترتدي-جثث-فرائسها-2.jpg	144228586ade334b8e409fc74e5e5e066b9a9e56	90182
docs/media/uploads/2020/04/رماية-حربية-112x75.jpg	f9cddbae6be5db94ca5b08bfcad7d6518953fdc8	3396
docs/media/uploads/2020/04/رماية-حربية-130x87.jpg	6c80b2c25fcb1616359106148dbe908635d97d8f	4187
docs/media/uploads/2020/04/رماية-حربية-150x150.jpg	dde595ddfd44890dc43d8946a267615b6b674699	6839
docs/media/uploads/2020/04/رماية-حربية-165x109.jpg	a8235e2614ffaccf549a7429b284196f586bb273	5981
docs/media/uploads/2020/04/رماية-حربية-170x113.jpg	5c010d7affb91ceae5b93997fccbe1f6628120ce	6313
docs/media/uploads/2020/04/رماية-حربية-179x116.jpg	5d66742c5dd4b3c87dbe5427ef3c9b42743a9d00	6699
docs/media/uploads/2020/04/رماية-حربية-179x120.jpg	37ace680232e99958ae95e1aa553b80e4bf5ef01	6747
docs/media/uploads/2020/04/رماية-حربية-266x179.jpg	58fdc57a8c47a47ba84c2a46e206008a6700c685	13330
docs/media/uploads/2020/04/رماية-حربية-274x183.jpg	9537906dd8adb4f6273924934f1b26f4afb3a70a	13697
docs/media/uploads/2020/04/رماية-حربية-300x200.jpg	06a37dc1aed0ce948568baa2836460ae413dea9f	15755
docs/media/uploads/2020/04/رماية-حربية-333x227.jpg	06d39950b74cfda558ce8cf4f43e37dd808b7a8d	19259
docs/media/uploads/2020/04/رماية-حربية-347x233.jpg	84c45de1af4ae43446f15cb42c41190cee4950a1	20786
docs/media/uploads/2020/04/رماية-حربية-359x240.jpg	59ae2199bb5dc65165625076833d562f0fc3e797	21566
docs/media/uploads/2020/04/رماية-حربية-364x245.jpg	f19e94bce8156c7be720d1eccd9edeb5c782ee0b	22440
docs/media/uploads/2020/04/رماية-حربية-367x237.jpg	f19cd1223a3c019f47ad073d3fa2dcfd64514c4f	21925
docs/media/uploads/2020/04/رماية-حربية-36x36.jpg	6410c72b589126eb4d7daba8ebd693c108f4db6e	1162
docs/media/uploads/2020/04/رماية-حربية-546x300.jpg	f75db948e01336788397d2384b55891e4a1176b7	35648
docs/media/uploads/2020/04/رماية-حربية-546x365.jpg	905448a232935a2da2c071c4df5602d3cb829560	42525
docs/media/uploads/2020/04/رماية-حربية-576x392.jpg	dba0e1285b238eb4edd172fc81730fed37bd00ae	46209
docs/media/uploads/2020/04/رماية-حربية-702x432.jpg	a2df3f11a2dc812343733a22634650841ee0c55c	56691
docs/media/uploads/2020/04/رماية-حربية-765x510.jpg	8ab18d22860a02c772964c6b6611f81073707dc4	68848
docs/media/uploads/2020/04/رماية-حربية-80x54.jpg	3729c26791158126b96726d3a2172a02b0fe9414	2134
docs/media/uploads/2020/04/رماية-حربية-81x55.jpg	fdf83c0af26b775d001c15811fa5fe0d24946489	2252
docs/media/uploads/2020/04/رماية-حربية-85x57.jpg	df43607edc8ef910c128fe6db84f52f8b95ed266	2362
docs/media/uploads/2020/04/رماية-حربية.jpg	3586756980a93613163501d673ff0b6d76612d26	92091
docs/media/uploads/2020/04/زياد-خازن-بيبي-1-112x75.jpg	699c70209e6d5ab28358b6d348d06c14258fe3fd	4445
docs/media/uploads/2020/04/زياد-خازن-بيبي-1-130x87.jpg	876448ef29f32a07d773ffe51d026a08cd0e9055	5641
docs/media/uploads/2020/04/زياد-خازن-بيبي-1-150x150.jpg	536cd3a7bee46aa4fb1305c8e3b9fa6c013e70a9	42741
docs/media/uploads/2020/04/زياد-خازن-بيبي-1-165x109.jpg	85e892bf8eb7c6e26dcaeaa61bb10a223b6678a7	8362
docs/media/uploads/2020/04/زياد-خازن-بيبي-1-170x113.jpg	a02de1a5ce31d89a337a23bbe271f83ececc6165	8883
docs/media/uploads/2020/04/زياد-خازن-بيبي-1-179x116.jpg	6454bf65e817e6d949cc99c279ebfec687dd133e	9443
docs/media/uploads/2020/04/زياد-خازن-بيبي-1-179x120.jpg	0e6c41602c1e9967efda5ecee2af633dcef1ed9e	9540
docs/media/uploads/2020/04/زياد-خازن-بيبي-1-266x179.jpg	8f0f2a51d6b52a4c385c35eb0e3760887752c56b	19931
docs/media/uploads/2020/04/زياد-خازن-بيبي-1-274x183.jpg	228d3d30deba7d0f7ba50ebc6f3520827a6ad461	20630
docs/media/uploads/2020/04/زياد-خازن-بيبي-1-300x200.jpg	26f53547a3375548d47e1260eb71853d61ae1079	23660
docs/media/uploads/2020/04/زياد-خازن-بيبي-1-333x227.jpg	808044504f1bebd61b21e27076e33e70f79c0250	30291
docs/media/uploads/2020/04/زياد-خازن-بيبي-1-347x233.jpg	4e40a14401f4fc92359fa677c0ae2d330d67277f	32381
docs/media/uploads/2020/04/زياد-خازن-بيبي-1-359x240.jpg	e4d328821e5ddc7b5f87b7b0a8ef03be84b25e93	33782
docs/media/uploads/2020/04/زياد-خازن-بيبي-1-364x245.jpg	b07ccc63ed92ba325f8c51461ecc3aa9e47f8e5e	35234
docs/media/uploads/2020/04/زياد-خازن-بيبي-1-367x237.jpg	e7d71794b8d17edee9f5f1a72ac4d80a3b9d4898	34089
docs/media/uploads/2020/04/زياد-خازن-بيبي-1-36x36.jpg	33dddc69dc2004e2547aab1a6167ce4a2358e65e	1375
docs/media/uploads/2020/04/زياد-خازن-بيبي-1-546x300.jpg	27530c5c4a4a87be73b6081fd6f4d83f3ec4172a	59687
docs/media/uploads/2020/04/زياد-خازن-بيبي-1-546x365.jpg	2db65a913a4e7cc8d23dadfbaf0d626d6855ac02	124849
docs/media/uploads/2020/04/زياد-خازن-بيبي-1-576x392.jpg	32c75b9dddc44bd62c4341f6bd35225715bd2f52	80725
docs/media/uploads/2020/04/زياد-خازن-بيبي-1-702x432.jpg	83828a8d1f69b3dd9ad48a6cda5a689c7caaebb5	99653
docs/media/uploads/2020/04/زياد-خازن-بيبي-1-765x510.jpg	6b17bb5457d9acad7c935fcc0a5d1913b4cf0354	123829
docs/media/uploads/2020/04/زياد-خازن-بيبي-1-80x54.jpg	e6b422daaa8b75a300435dd4c041f07095ef16f6	2685
docs/media/uploads/2020/04/زياد-خازن-بيبي-1-81x55.jpg	1cdf08bb7259b3feb5c65b2f733b7c672c29fd28	2805
docs/media/uploads/2020/04/زياد-خازن-بيبي-1-85x57.jpg	682e47ff59c8b0f51e0493a6bb768ad59f50f94f	3008
docs/media/uploads/2020/04/زياد-خازن-بيبي-1.jpg	4056b38b0afb109667ff2b48f460f6a8e295a140	150082
docs/media/uploads/2020/04/زياد-خازن-بيبي-10-112x75.jpg	f6c4bfa3d30a884c47f9735a4db77082c2bc5a5b	4219
docs/media/uploads/2020/04/زياد-خازن-بيبي-10-130x87.jpg	9bba66435492e91aff134427a217d2ee9e666cc3	5365
docs/media/uploads/2020/04/زياد-خازن-بيبي-10-150x150.jpg	58a858a8e0e95339be459cc66a3886f159c45127	9993
docs/media/uploads/2020/04/زياد-خازن-بيبي-10-165x109.jpg	50f57df2fe7aad562cd13031a98f6711e27d2cf7	8071
docs/media/uploads/2020/04/زياد-خازن-بيبي-10-170x113.jpg	4a91994881471e5be418d52edb54899899d0f1de	8635
docs/media/uploads/2020/04/زياد-خازن-بيبي-10-179x116.jpg	b96ee58c06c74de1ea698a61e647b368dcbe45f7	9257
docs/media/uploads/2020/04/زياد-خازن-بيبي-10-179x120.jpg	4dda2e76e9ca130b8f0cabc0db212b5779bfdf1c	9284
docs/media/uploads/2020/04/زياد-خازن-بيبي-10-266x179.jpg	9483010bf78c613dc6732f7977d9175c8cada652	19430
docs/media/uploads/2020/04/زياد-خازن-بيبي-10-274x183.jpg	9bee0fdd8b2090ec8179092d401b4268975b0526	20224
docs/media/uploads/2020/04/زياد-خازن-بيبي-10-300x300.jpg	daa3c39a9f17d28281145a688eb743e6e61ea7d3	36638
docs/media/uploads/2020/04/زياد-خازن-بيبي-10-333x227.jpg	091e6e07ca85fb3d2c116b3170d5cda671027e6e	29648
docs/media/uploads/2020/04/زياد-خازن-بيبي-10-347x233.jpg	82225a66a6a800596236ffa001dc817cc0f395b3	31396
docs/media/uploads/2020/04/زياد-خازن-بيبي-10-359x240.jpg	6fd90add6e8bbbc133c32109e476eb308d4cfffb	32816
docs/media/uploads/2020/04/زياد-خازن-بيبي-10-364x245.jpg	45ff533acda74166d27440957d2b5c81894826de	33982
docs/media/uploads/2020/04/زياد-خازن-بيبي-10-367x237.jpg	70c8f189ec7b83005367fdc1e06eaf10e3f040ad	33368
docs/media/uploads/2020/04/زياد-خازن-بيبي-10-36x36.jpg	5a6329738f9bd1962626fedd41ea82c63f397de6	1317
docs/media/uploads/2020/04/زياد-خازن-بيبي-10-546x300.jpg	6783af39b9b4853027469568bbd80c7a9bebe02d	53022
docs/media/uploads/2020/04/زياد-خازن-بيبي-10-546x365.jpg	f7a862878a4bf333c4bac8eb33eb1c3483ae1381	64215
docs/media/uploads/2020/04/زياد-خازن-بيبي-10-576x392.jpg	34ff2960f3e117918e91ffe80554ec14ea023200	69423
docs/media/uploads/2020/04/زياد-خازن-بيبي-10-702x432.jpg	ee4db6482c718ac14888864512771d8afde1b3e1	83753
docs/media/uploads/2020/04/زياد-خازن-بيبي-10-765x510.jpg	6d355d111b4e9a6f5089585ea781b73a82f6c5d1	102914
docs/media/uploads/2020/04/زياد-خازن-بيبي-10-80x54.jpg	17e87fd757f4c67f2c29e5ce43b17012b3be2e31	2551
docs/media/uploads/2020/04/زياد-خازن-بيبي-10-81x55.jpg	31abf23808d86ed0bbcd9b5156c006ae310e357f	2671
docs/media/uploads/2020/04/زياد-خازن-بيبي-10-85x57.jpg	127cacb26107d3bc579627f1580797cd647790d4	2914
docs/media/uploads/2020/04/زياد-خازن-بيبي-10.jpg	df21ae27283c81a2ecc695a0f3664f39e4bcc872	124953
docs/media/uploads/2020/04/زياد-خازن-بيبي-2-112x75.jpg	d2c5f8f98ba30e917550b7aa9b2f95ae0696b19c	4347
docs/media/uploads/2020/04/زياد-خازن-بيبي-2-130x87.jpg	9e637e940c84ae6f24d2666218d0883ec89ead4c	5475
docs/media/uploads/2020/04/زياد-خازن-بيبي-2-150x150.jpg	99388cdb91104287ce7dd409302b9c0db099be82	10083
docs/media/uploads/2020/04/زياد-خازن-بيبي-2-165x109.jpg	219f1eb47eba72b299bee4ee0a003a8ddb7d2ed3	8170
docs/media/uploads/2020/04/زياد-خازن-بيبي-2-170x113.jpg	5737ce496d0c66adb9db8628cca3b8d9b32e90e8	8699
docs/media/uploads/2020/04/زياد-خازن-بيبي-2-179x116.jpg	9429d76fdc4d14442bfd9f01262a491e24a1519f	9345
docs/media/uploads/2020/04/زياد-خازن-بيبي-2-179x120.jpg	e37fd73821059823473641b9d67700099e2729d1	9382
docs/media/uploads/2020/04/زياد-خازن-بيبي-2-266x179.jpg	d8814d2ef4273c1aedc9fe6a26baeb792eeb740d	19456
docs/media/uploads/2020/04/زياد-خازن-بيبي-2-274x183.jpg	4b8a05392bcccd92ffb9be58643b7e67762ea3fa	20109
docs/media/uploads/2020/04/زياد-خازن-بيبي-2-300x200.jpg	301f889c654a26b082b2cdcf173adb1a5ab4a49e	23129
docs/media/uploads/2020/04/زياد-خازن-بيبي-2-333x227.jpg	64d35c9727200d093cac9613241ee072ac77bc9c	29431
docs/media/uploads/2020/04/زياد-خازن-بيبي-2-347x233.jpg	f948abf55a8b7e5b892d66e1d1ae777482387972	31655
docs/media/uploads/2020/04/زياد-خازن-بيبي-2-359x240.jpg	a7f047d559b549195a9b52eae644d548464d2a36	32842
docs/media/uploads/2020/04/زياد-خازن-بيبي-2-364x245.jpg	649fe58b35999cc5b4effe088225a1a57d77925d	34235
docs/media/uploads/2020/04/زياد-خازن-بيبي-2-367x237.jpg	340108b17a24ebc56a7f8de4b5c2df24c3e881e2	33182
docs/media/uploads/2020/04/زياد-خازن-بيبي-2-36x36.jpg	8c5035b696689e54341d93cc7e811e54e9f81060	1379
docs/media/uploads/2020/04/زياد-خازن-بيبي-2-546x300.jpg	a3a7edfd4e34dead0fe97322bb947135d72beb09	56850
docs/media/uploads/2020/04/زياد-خازن-بيبي-2-546x365.jpg	3364045ab3ca2f9a9deae2de4fb42cd366fba0a8	69938
docs/media/uploads/2020/04/زياد-خازن-بيبي-2-576x392.jpg	d3669f86b2698885109805b394c8f53093bcdf69	76994
docs/media/uploads/2020/04/زياد-خازن-بيبي-2-702x432.jpg	17d7ee8f74728ab8e94be2a0a4640ef36b482345	95107
docs/media/uploads/2020/04/زياد-خازن-بيبي-2-765x510.jpg	8e4bfd527549a14905f868ba1b6ff6ed75d671e7	117952
docs/media/uploads/2020/04/زياد-خازن-بيبي-2-80x54.jpg	0765db79e3bb00f75cd5e53a9a28f515c57b4896	2646
docs/media/uploads/2020/04/زياد-خازن-بيبي-2-81x55.jpg	45e3790c2877ad20e90b54dd2cad502f27b7aabd	2767
docs/media/uploads/2020/04/زياد-خازن-بيبي-2-85x57.jpg	02638163cdb228a9b0a784ff8375f88ccc80fb06	2947
docs/media/uploads/2020/04/زياد-خازن-بيبي-2.jpg	894f3d8e6c48ea4b17b58b0220adf62a9446b6c8	139118
docs/media/uploads/2020/04/زياد-خازن-بيبي-3-112x75.jpg	6591816a2890889c4c69411b735a6e27e424f808	4103
docs/media/uploads/2020/04/زياد-خازن-بيبي-3-130x87.jpg	5c8934b7f4c95780e4d7a569819e96e01b578250	5231
docs/media/uploads/2020/04/زياد-خازن-بيبي-3-150x150.jpg	6e93ffeafd1e9caed96e0c71e7c0e46b4842d510	8955
docs/media/uploads/2020/04/زياد-خازن-بيبي-3-165x109.jpg	0cdbf25895a0d1b4a9265c21fc1e008d6b3a341c	7669
docs/media/uploads/2020/04/زياد-خازن-بيبي-3-170x113.jpg	967b2e5c98e5ffe0a5e1ea967c58ea55767baf6b	8114
docs/media/uploads/2020/04/زياد-خازن-بيبي-3-179x116.jpg	3a5cb4d74f4640fc01e70a3238cd15bb0f30d898	8691
docs/media/uploads/2020/04/زياد-خازن-بيبي-3-179x120.jpg	a3a359e5b1cf5d262e108506c04d98c3476ed0a7	8767
docs/media/uploads/2020/04/زياد-خازن-بيبي-3-266x179.jpg	9a6f5b7d51906d0c5178eebcea95df5903236fac	18000
docs/media/uploads/2020/04/زياد-خازن-بيبي-3-274x183.jpg	e3556c756e6c39864ef2e7352ae5b80da5d93f3b	18709
docs/media/uploads/2020/04/زياد-خازن-بيبي-3-300x200.jpg	bbefd080cb68adeb691dacbeb1dca626baf9f585	21404
docs/media/uploads/2020/04/زياد-خازن-بيبي-3-333x227.jpg	40c58a8e7ee9f5dc21575be8fef56cc309551f4e	26855
docs/media/uploads/2020/04/زياد-خازن-بيبي-3-347x233.jpg	499e0f0368125f5921cdb8a64ca43fd2a608bccc	28916
docs/media/uploads/2020/04/زياد-خازن-بيبي-3-359x240.jpg	61c9f242e1dd6c835992439c076006b8ccdbde4e	30021
docs/media/uploads/2020/04/زياد-خازن-بيبي-3-364x245.jpg	0e5eb9ced171b7aa1d047a8ac24aefa6114048d6	31132
docs/media/uploads/2020/04/زياد-خازن-بيبي-3-367x237.jpg	8cb8a9b244178e9ed3c2fc16b5c64e8997dac8a6	30620
docs/media/uploads/2020/04/زياد-خازن-بيبي-3-36x36.jpg	64f39a5c131c08d99d75349ab41be5bb8f6b3435	1327
docs/media/uploads/2020/04/زياد-خازن-بيبي-3-546x300.jpg	ff0c0dedfaecefa5fdad16fa79113671594cfedb	54089
docs/media/uploads/2020/04/زياد-خازن-بيبي-3-546x365.jpg	a7eb0b95115150f9861eb93167f87cc3bdf0e9d5	62992
docs/media/uploads/2020/04/زياد-خازن-بيبي-3-576x392.jpg	36e08f6869323aedb1006897f99deb5de764f6b5	69259
docs/media/uploads/2020/04/زياد-خازن-بيبي-3-702x432.jpg	b59515083ac5a875e3d1ca658e529b8a184f4313	87538
docs/media/uploads/2020/04/زياد-خازن-بيبي-3-765x510.jpg	9ddf166e9e7d7a136806556c6d25b4d414ff806b	105939
docs/media/uploads/2020/04/زياد-خازن-بيبي-3-80x54.jpg	cd0287ee85756afe6728bfb8bd2de2d9d16b6265	2477
docs/media/uploads/2020/04/زياد-خازن-بيبي-3-81x55.jpg	b22998db5b3b9b37f79c7ab1020dea96105453e5	2630
docs/media/uploads/2020/04/زياد-خازن-بيبي-3-85x57.jpg	eaa32999d4f1afb595a644b9b40ee5f107b9ca61	2822
docs/media/uploads/2020/04/زياد-خازن-بيبي-3.jpg	28a6b983f5225389087e7dcd3f166aed21b8e698	127804
docs/media/uploads/2020/04/زياد-خازن-بيبي-4-112x75.jpg	389934a22b08d3b3abe502e189e1b0239a5b226c	4353
docs/media/uploads/2020/04/زياد-خازن-بيبي-4-130x87.jpg	fc9777cfbd3e1da710dc2a58efcfdc9fa748865b	5590
docs/media/uploads/2020/04/زياد-خازن-بيبي-4-150x150.jpg	fab644ab3a8512083a1d1c3e6a718f2b3fa4b2f6	9679
docs/media/uploads/2020/04/زياد-خازن-بيبي-4-165x109.jpg	b7c5a14e49efc708ec536baf5ccd89db0743399e	8030
docs/media/uploads/2020/04/زياد-خازن-بيبي-4-170x113.jpg	b35301ea9452c5e36b5116999ca9fb1be34933d3	8626
docs/media/uploads/2020/04/زياد-خازن-بيبي-4-179x116.jpg	3dfd4b6e04d036965f6b96ebf13e946efec35d8a	9201
docs/media/uploads/2020/04/زياد-خازن-بيبي-4-179x120.jpg	6bfe33d406bfade25ea516ce33083248d72dd965	9253
docs/media/uploads/2020/04/زياد-خازن-بيبي-4-266x179.jpg	a17402edfc4334766d9fbc16d5a71fbee9b366a4	18666
docs/media/uploads/2020/04/زياد-خازن-بيبي-4-274x183.jpg	ca81b28c01c607f18fae44e61dc1bbd40cd84cbe	19564
docs/media/uploads/2020/04/زياد-خازن-بيبي-4-300x200.jpg	2a2f6b545bc7ea6e8604f0e409fbf8599b45a047	22304
docs/media/uploads/2020/04/زياد-خازن-بيبي-4-333x227.jpg	bb5106a0aa871b564f18744fe5c6cc5d1c1e5b75	27698
docs/media/uploads/2020/04/زياد-خازن-بيبي-4-347x233.jpg	a78fd6b46d0f2b26ab6a75b6ea26ea34ced019e0	29521
docs/media/uploads/2020/04/زياد-خازن-بيبي-4-359x240.jpg	ea01ff43e1831f506b5b72bae2a3ac1e41d8d5ac	30867
docs/media/uploads/2020/04/زياد-خازن-بيبي-4-364x245.jpg	a51aa893fd54bc151fa560c44d56ae480e2aaa90	32084
docs/media/uploads/2020/04/زياد-خازن-بيبي-4-367x237.jpg	b518d860a1ad0b45916af16a10935cea1a050a59	31441
docs/media/uploads/2020/04/زياد-خازن-بيبي-4-36x36.jpg	a7c7e7dee42efb0250fcd2a742d0df3e9fa67927	1440
docs/media/uploads/2020/04/زياد-خازن-بيبي-4-546x300.jpg	e8ab8065c399b0c31bd7c4990a11270b84b55765	55721
docs/media/uploads/2020/04/زياد-خازن-بيبي-4-546x365.jpg	c90046dfe7c038a5e292ac29a44d9ed7dba2934f	63563
docs/media/uploads/2020/04/زياد-خازن-بيبي-4-576x392.jpg	f236ee7748ff5c86085ecf0060e3691866681a8b	69587
docs/media/uploads/2020/04/زياد-خازن-بيبي-4-702x432.jpg	fdd7cdc53f9572ba42ee9c1fb8b389b1cd9eadca	88464
docs/media/uploads/2020/04/زياد-خازن-بيبي-4-765x510.jpg	f69e1b28d4175618d5f7e4613924848f35d9da21	106229
docs/media/uploads/2020/04/زياد-خازن-بيبي-4-80x54.jpg	335ff824686448739ac9ca880c0cb95942fe9876	2718
docs/media/uploads/2020/04/زياد-خازن-بيبي-4-81x55.jpg	380d981d3a4e8dfadeac90a289985b0e40720959	2846
docs/media/uploads/2020/04/زياد-خازن-بيبي-4-85x57.jpg	a9362a11217635b30af02740bdbe5e356e9e866b	3033
docs/media/uploads/2020/04/زياد-خازن-بيبي-4.jpg	f997e39e7e9d32e4e61516c23afbe5bf5c4eec81	129444
docs/media/uploads/2020/04/زياد-خازن-بيبي-5-112x75.jpg	24154f15ac9741e85cd8575b6407053d1ddacce9	4521
docs/media/uploads/2020/04/زياد-خازن-بيبي-5-130x87.jpg	2f0936265ba4d1e561905375cb8137c050491b6e	5674
docs/media/uploads/2020/04/زياد-خازن-بيبي-5-150x150.jpg	690a6289927b5f60bdfbe2cf519dc0ec2440dcbf	10348
docs/media/uploads/2020/04/زياد-خازن-بيبي-5-165x109.jpg	47ac19639d89c1b60d58e59bff3f10191b2fd0d8	8150
docs/media/uploads/2020/04/زياد-خازن-بيبي-5-170x113.jpg	f2cbe793af65eb28c2af61d28247af30b71eba9c	8723
docs/media/uploads/2020/04/زياد-خازن-بيبي-5-179x116.jpg	0cc1e7cc3469158929ee14cabae11ea054154795	9242
docs/media/uploads/2020/04/زياد-خازن-بيبي-5-179x120.jpg	8f9ae16d53369a8d7a1eb55f17ff6ceec2b5282c	9309
docs/media/uploads/2020/04/زياد-خازن-بيبي-5-200x300.jpg	bd94d9ffc9fc4f942a94d7f3ece8878aa73db476	24201
docs/media/uploads/2020/04/زياد-خازن-بيبي-5-266x179.jpg	22eb3baac5dc3d721d6d9a2b65af3db2ff293fc3	18139
docs/media/uploads/2020/04/زياد-خازن-بيبي-5-274x183.jpg	fa6119ab4d49cf0dac8fcace4428a2eb71234099	18593
docs/media/uploads/2020/04/زياد-خازن-بيبي-5-333x227.jpg	4f5afb52a5cc8f6b283624304df4e4585ce32a24	26337
docs/media/uploads/2020/04/زياد-خازن-بيبي-5-347x233.jpg	a0a2b5cf7258f4611abb7ae4c6215a18aab7b479	27603
docs/media/uploads/2020/04/زياد-خازن-بيبي-5-359x240.jpg	a0e6346b04353c8afad53cca7b65a278090ca95c	28549
docs/media/uploads/2020/04/زياد-خازن-بيبي-5-364x245.jpg	e797ef3e830b64c0c9284b02f4a138c658c275a6	29557
docs/media/uploads/2020/04/زياد-خازن-بيبي-5-367x237.jpg	517ed407a34ed93d30a0e26f143000edddcbb715	28887
docs/media/uploads/2020/04/زياد-خازن-بيبي-5-36x36.jpg	31d25e6d9ce420ffdb5aadd138ede4eb5e46731a	1416
docs/media/uploads/2020/04/زياد-خازن-بيبي-5-546x300.jpg	5dd003a7a56c327562a7db8e4f944f49a33a7b92	44333
docs/media/uploads/2020/04/زياد-خازن-بيبي-5-546x365.jpg	2e8c4ad987186aacdda0a7e19acbc4f689c7281d	53477
docs/media/uploads/2020/04/زياد-خازن-بيبي-5-576x392.jpg	1cbd683e2f9be9b53065c5257df43d97fd800057	57913
docs/media/uploads/2020/04/زياد-خازن-بيبي-5-702x432.jpg	735786d89c2299022ddac4808bb798665feda920	69292
docs/media/uploads/2020/04/زياد-خازن-بيبي-5-765x510.jpg	705a55994f418a4b97cd6da5736a0d630f2db5b6	84641
docs/media/uploads/2020/04/زياد-خازن-بيبي-5-80x54.jpg	566991a17150d1bb39db9cfa5870e42324020eea	2705
docs/media/uploads/2020/04/زياد-خازن-بيبي-5-81x55.jpg	07edbcbed68acf3d663487a7d5daddaa903e1432	2812
docs/media/uploads/2020/04/زياد-خازن-بيبي-5-85x57.jpg	17c0076c02cdf651bc2c07615c10dfae83fa988e	3094
docs/media/uploads/2020/04/زياد-خازن-بيبي-5.jpg	e95c3feccff8854aff9e102bcc30a83bd9cb7154	128465
docs/media/uploads/2020/04/زياد-خازن-بيبي-6-112x75.jpg	343b339a517b28c8eddfc6d977e5e38eacd2a06b	3909
docs/media/uploads/2020/04/زياد-خازن-بيبي-6-130x87.jpg	26f61ce4d33a48c5755d2a41a71d07fb1b98ce73	4843
docs/media/uploads/2020/04/زياد-خازن-بيبي-6-150x150.jpg	dc8b9054992af69be0b02ecc16362f6e81535705	8556
docs/media/uploads/2020/04/زياد-خازن-بيبي-6-165x109.jpg	1a8007ae641f52f3536de33ffb50079c2d7f1b3d	6943
docs/media/uploads/2020/04/زياد-خازن-بيبي-6-170x113.jpg	64039eef788494cbe63f1a48306d02561741ee45	7403
docs/media/uploads/2020/04/زياد-خازن-بيبي-6-179x116.jpg	cba21aaf322c1a1f0b09d50c1f92777871f7168e	7798
docs/media/uploads/2020/04/زياد-خازن-بيبي-6-179x120.jpg	0d08ea2abf012bb1c59c36bce801bace0410a83e	7861
docs/media/uploads/2020/04/زياد-خازن-بيبي-6-200x300.jpg	6eb324f4c98653579a7f75ebffc91c2031e62f98	18282
docs/media/uploads/2020/04/زياد-خازن-بيبي-6-266x179.jpg	730835fff1463e14f4fc309c98a91c4a318f0bb0	15257
docs/media/uploads/2020/04/زياد-خازن-بيبي-6-274x183.jpg	743211b199798ea95faf3fc72ed680360bb07559	15749
docs/media/uploads/2020/04/زياد-خازن-بيبي-6-333x227.jpg	1f53920037b9f0cab9b55124df8846ba4cc1dd58	22196
docs/media/uploads/2020/04/زياد-خازن-بيبي-6-347x233.jpg	65d971de9d26a81fd43801b2c399959b395a1bf7	23329
docs/media/uploads/2020/04/زياد-خازن-بيبي-6-359x240.jpg	a1b86443e2c1518e6ffbcebbfd89190841cb7443	24174
docs/media/uploads/2020/04/زياد-خازن-بيبي-6-364x245.jpg	f6664061cfd06ff282cecdd14b4e15270c65c8bf	24975
docs/media/uploads/2020/04/زياد-خازن-بيبي-6-367x237.jpg	f1b520ea207c9433ec389cfa6e0bddaa2ccb3390	24275
docs/media/uploads/2020/04/زياد-خازن-بيبي-6-36x36.jpg	d1290789a3a21686dc5edacb43a531540bc83eba	1306
docs/media/uploads/2020/04/زياد-خازن-بيبي-6-546x300.jpg	7b9bef22a12d7e137e0437c1274d3c8b23d300f7	37390
docs/media/uploads/2020/04/زياد-خازن-بيبي-6-546x365.jpg	7e03a9c5d1bc445a1fffaff4292178136b46d91f	45259
docs/media/uploads/2020/04/زياد-خازن-بيبي-6-576x392.jpg	1d0ee83ddf3b62b1d3ce994636508c6fe55d194e	49062
docs/media/uploads/2020/04/زياد-خازن-بيبي-6-702x432.jpg	967fe8806bb9619c121eb7cc7093e134f4746e8f	58575
docs/media/uploads/2020/04/زياد-خازن-بيبي-6-765x510.jpg	aa3e9992ae9afda1addac2efc0d41e170848ca94	71722
docs/media/uploads/2020/04/زياد-خازن-بيبي-6-80x54.jpg	8649f115fda4c30cd5b4c60fc38f8aeb33c2dfe3	2376
docs/media/uploads/2020/04/زياد-خازن-بيبي-6-81x55.jpg	84a6b6f5365f3f61ce702c8de73a76da78796480	2457
docs/media/uploads/2020/04/زياد-خازن-بيبي-6-85x57.jpg	452ece9155b0e3c0b3d7fbaeca21831824a62454	2687
docs/media/uploads/2020/04/زياد-خازن-بيبي-6.jpg	3f49bd712a172a56dcce28f0a18e8628668469cd	99803
docs/media/uploads/2020/04/زياد-خازن-بيبي-7-112x75.jpg	e31832c5d596f174c3cd7e65cf5145aa985b3198	4169
docs/media/uploads/2020/04/زياد-خازن-بيبي-7-130x87.jpg	7e6dfc110e781f74a3783fd2c4a09c854b3784da	4978
docs/media/uploads/2020/04/زياد-خازن-بيبي-7-150x150.jpg	a677edbde23d3a0fd8fbe6c315a9daf90cc1843e	8998
docs/media/uploads/2020/04/زياد-خازن-بيبي-7-165x109.jpg	3a891a58f0b7bb4813affb6a0871d0598d3447e4	7180
docs/media/uploads/2020/04/زياد-خازن-بيبي-7-170x113.jpg	f096898312d890d77b01e0448db43a66e585f436	7578
docs/media/uploads/2020/04/زياد-خازن-بيبي-7-179x116.jpg	01c4b8ca1d61370b348904f5c3d0908bac48da4d	7863
docs/media/uploads/2020/04/زياد-خازن-بيبي-7-179x120.jpg	642e13f6baaacaa5b085a35dc63de503278fc259	7973
docs/media/uploads/2020/04/زياد-خازن-بيبي-7-200x300.jpg	8606ca4fae68549d0cbb8f59638dd1193842f61f	19387
docs/media/uploads/2020/04/زياد-خازن-بيبي-7-266x179.jpg	3cd0ee9cf0c75f935d90712bb7c6e6f7e2b56401	14442
docs/media/uploads/2020/04/زياد-خازن-بيبي-7-274x183.jpg	2e0df7b6e8bafdcb9a443303835a6fc20005eca3	14847
docs/media/uploads/2020/04/زياد-خازن-بيبي-7-333x227.jpg	121f9c2bbd8bec2a22f6cfe42e2ae20a6fdf6115	20029
docs/media/uploads/2020/04/زياد-خازن-بيبي-7-347x233.jpg	250cfe0052e83768dceb28174388cedf3d0ed4fd	20963
docs/media/uploads/2020/04/زياد-خازن-بيبي-7-359x240.jpg	b4c8c81dd8b7505eb9bb4bc72c0ddc5ed097d96c	21637
docs/media/uploads/2020/04/زياد-خازن-بيبي-7-364x245.jpg	6571050daeb97ee3ae5a7c9b99c88460a0665d42	22250
docs/media/uploads/2020/04/زياد-خازن-بيبي-7-367x237.jpg	b12cfc4d5653aac23f6bea912e3cf80c8a97f28c	21768
docs/media/uploads/2020/04/زياد-خازن-بيبي-7-36x36.jpg	33786af2a9894eb38e23f963555c39eadbfc17ff	1421
docs/media/uploads/2020/04/زياد-خازن-بيبي-7-546x300.jpg	eedefeab09047775a7f7b14585c88b4e8e1abfa1	32365
docs/media/uploads/2020/04/زياد-خازن-بيبي-7-546x365.jpg	f89f439c042e86c6862ab7d15d6bba6f3d3443c0	38829
docs/media/uploads/2020/04/زياد-خازن-بيبي-7-576x392.jpg	b5646467415f8831361531e3127051281757987d	41655
docs/media/uploads/2020/04/زياد-خازن-بيبي-7-702x432.jpg	e9192e6160395c8b49ead42bb8a7665325de0d39	49805
docs/media/uploads/2020/04/زياد-خازن-بيبي-7-765x510.jpg	f5eccecb70c7c0ddb3c1fe031200b22559914d59	60791
docs/media/uploads/2020/04/زياد-خازن-بيبي-7-80x54.jpg	c1aeeaf407fc59fbd8b88c06a07dd6dd82a0b902	2643
docs/media/uploads/2020/04/زياد-خازن-بيبي-7-81x55.jpg	9fa3a0a5a10f6125d50878cadfc7deb592db5921	2675
docs/media/uploads/2020/04/زياد-خازن-بيبي-7-85x57.jpg	f0a273b177778738363b67e75c8fb9d194e5a5c1	3002
docs/media/uploads/2020/04/زياد-خازن-بيبي-7.jpg	6333824ef8998dbcf0794d825c87fab456855e66	94000
docs/media/uploads/2020/04/زياد-خازن-بيبي-8-112x75.jpg	96c59647a5e6f43cabe9d45a7951cc4231c0e4fc	4275
docs/media/uploads/2020/04/زياد-خازن-بيبي-8-130x87.jpg	7cd3526c89bd58f9cedf9f91501812f4ee308c5a	5375
docs/media/uploads/2020/04/زياد-خازن-بيبي-8-150x150.jpg	9222448c2fcc2c69f07ddc8faabad56aa5912dda	9626
docs/media/uploads/2020/04/زياد-خازن-بيبي-8-165x109.jpg	1c8a39bd95a44007dbdce02b749adeee23f43239	7818
docs/media/uploads/2020/04/زياد-خازن-بيبي-8-170x113.jpg	73d8196c701da00552a4e56c4e12f02ba3ea16eb	8386
docs/media/uploads/2020/04/زياد-خازن-بيبي-8-179x116.jpg	5899f5fd853be82cc090b610ab04c9509a0cc30f	8905
docs/media/uploads/2020/04/زياد-خازن-بيبي-8-179x120.jpg	cc18609fdccd82ff1cb2e8f25ee071df459a13c3	8950
docs/media/uploads/2020/04/زياد-خازن-بيبي-8-200x300.jpg	4db598fdc5728cdd7664936e5636d256b16e2148	22504
docs/media/uploads/2020/04/زياد-خازن-بيبي-8-266x179.jpg	95bf73da06072448ad3cda1a2341b9fb543df9e0	17613
docs/media/uploads/2020/04/زياد-خازن-بيبي-8-274x183.jpg	e6a3564f0cd02a394718dc6daac1dde684e7bd58	18039
docs/media/uploads/2020/04/زياد-خازن-بيبي-8-333x227.jpg	74c0d4c9824f12540811395ba9b0f665bc679ac1	25479
docs/media/uploads/2020/04/زياد-خازن-بيبي-8-347x233.jpg	9046ab0cb8cfeb65c056f3a9852301cf9cf2015f	26922
docs/media/uploads/2020/04/زياد-خازن-بيبي-8-359x240.jpg	97a98d80940354f79bda113b2b10132f08926c08	27903
docs/media/uploads/2020/04/زياد-خازن-بيبي-8-364x245.jpg	9a952dfdb03d7a70312d6c2a2fab23ef1bfef9dd	28693
docs/media/uploads/2020/04/زياد-خازن-بيبي-8-367x237.jpg	bd906f0bfe03c5a20fa3907949541cde574725ab	28272
docs/media/uploads/2020/04/زياد-خازن-بيبي-8-36x36.jpg	f696869c563220d8e43356157f2d2feecc6cdb04	1364
docs/media/uploads/2020/04/زياد-خازن-بيبي-8-546x300.jpg	0e1373829e68fc9a4fce0f98614556426ce2550c	43629
docs/media/uploads/2020/04/زياد-خازن-بيبي-8-546x365.jpg	648e9d38c4a696569ad1756f218d7ab87d13b77b	52504
docs/media/uploads/2020/04/زياد-خازن-بيبي-8-576x392.jpg	45f96d1b01a6cad0b8aebda7b2674c1e388b3ea0	56827
docs/media/uploads/2020/04/زياد-خازن-بيبي-8-702x432.jpg	bedc09c97e217a705f2f75a109875931b4194e1b	67900
docs/media/uploads/2020/04/زياد-خازن-بيبي-8-765x510.jpg	7e845c2807b89659788098ba6651ea60cc6a6b62	83021
docs/media/uploads/2020/04/زياد-خازن-بيبي-8-80x54.jpg	eea0da81e9fc8785b33e5ffff9cb742e9d8b6532	2650
docs/media/uploads/2020/04/زياد-خازن-بيبي-8-81x55.jpg	69a55870cf58af53d057dd1de3f9c8728cd9ae93	2701
docs/media/uploads/2020/04/زياد-خازن-بيبي-8-85x57.jpg	e98217dfda7d92459b54c2a38202c902a2e950e9	2976
docs/media/uploads/2020/04/زياد-خازن-بيبي-8.jpg	aadabf37aa6a4c20ba04761e6d0d7b8d1160277d	128189
docs/media/uploads/2020/04/زياد-خازن-بيبي-9-112x75.jpg	8e45e4a0cb9e2e2b166e7f584b79f630910ca301	3615
docs/media/uploads/2020/04/زياد-خازن-بيبي-9-130x87.jpg	665897a59763bf271317d66ecf93ea75e377bca1	4464
docs/media/uploads/2020/04/زياد-خازن-بيبي-9-150x150.jpg	5ca9588f67c65f0ea8514c596dcd1c4f5787dbba	7978
docs/media/uploads/2020/04/زياد-خازن-بيبي-9-165x109.jpg	d95845d8b4329abb46ebc440305177aeb8ed5d93	6256
docs/media/uploads/2020/04/زياد-خازن-بيبي-9-170x113.jpg	a6f99fc94f15d816bfffcddee7b6caabf7df011f	6572
docs/media/uploads/2020/04/زياد-خازن-بيبي-9-179x116.jpg	6e24c054e6b90125690f91e2f0939882497e6358	7003
docs/media/uploads/2020/04/زياد-خازن-بيبي-9-179x120.jpg	f2d4ebb8913501d96546c5ca31f8c985e7582a5d	7012
docs/media/uploads/2020/04/زياد-خازن-بيبي-9-200x300.jpg	d8a3495509b278caf396cb1128bec502c3684b22	16127
docs/media/uploads/2020/04/زياد-خازن-بيبي-9-266x179.jpg	88e0df560eb0ac43f2b65ab86361b808fe1805c7	12921
docs/media/uploads/2020/04/زياد-خازن-بيبي-9-274x183.jpg	f00335f11fc2708f29d3fd883df7639017e5c1dc	13270
docs/media/uploads/2020/04/زياد-خازن-بيبي-9-333x227.jpg	58ad837e15b83b055c57879dfd118c4c3e7abb6f	18391
docs/media/uploads/2020/04/زياد-خازن-بيبي-9-347x233.jpg	948cb435d27e270e55256f7803bb5cadbd2ab44f	19199
docs/media/uploads/2020/04/زياد-خازن-بيبي-9-359x240.jpg	fd63bfd1737eca6bb104887aaddc7e1bf5614d7b	19851
docs/media/uploads/2020/04/زياد-خازن-بيبي-9-364x245.jpg	7fba04fe0383be8e70864ce44646103585161f5d	20221
docs/media/uploads/2020/04/زياد-خازن-بيبي-9-367x237.jpg	70217f12ea95c1ba661d2d92c0105dedea97dff2	19940
docs/media/uploads/2020/04/زياد-خازن-بيبي-9-36x36.jpg	1a14b09baf77ef89ae484be11d1c1c8aa8582032	1326
docs/media/uploads/2020/04/زياد-خازن-بيبي-9-546x300.jpg	2a1dc29984e7ffe8216f0c32fb64a34c6637e8a4	30223
docs/media/uploads/2020/04/زياد-خازن-بيبي-9-546x365.jpg	a00c8448f99ef2ba48f0cf7deba0da19cf45b205	36418
docs/media/uploads/2020/04/زياد-خازن-بيبي-9-576x392.jpg	79f283ee94732856ab31d916e931f3bad3c9d8ca	39449
docs/media/uploads/2020/04/زياد-خازن-بيبي-9-702x432.jpg	9c5419d68089bac6a4ba26ebd20cfd9eecdef669	46661
docs/media/uploads/2020/04/زياد-خازن-بيبي-9-765x510.jpg	8eb5d32353bd7d5c1c1631ab126c67617e44abff	57679
docs/media/uploads/2020/04/زياد-خازن-بيبي-9-80x54.jpg	e1c9288640d1a1c23f7e345dbfc298d11d3f7f5b	2360
docs/media/uploads/2020/04/زياد-خازن-بيبي-9-81x55.jpg	ac7fcf173cd53791de72c264c7e41d13fc5de243	2430
docs/media/uploads/2020/04/زياد-خازن-بيبي-9-85x57.jpg	9f75c0780d7f83f743b9b92b9e57fdff640a2af3	2670
docs/media/uploads/2020/04/زياد-خازن-بيبي-9.jpg	ad0c6d8d44579d5b56f98709fa16546e6a459399	85516
docs/media/uploads/2020/04/شربل-كاملة-112x75.jpg	63b67fa1d95b1b9f7a895cc63fc093361269a36c	3370
docs/media/uploads/2020/04/شربل-كاملة-130x87.jpg	46df2d48a9a06f781dff0e0747b2ef7c614ba815	4148
docs/media/uploads/2020/04/شربل-كاملة-150x150.jpg	d624d9e0ee00b65fe5cfd3ddc81401b2553cc84e	6892
docs/media/uploads/2020/04/شربل-كاملة-165x109.jpg	6977a842f5bdb10994c7cb9b41aca4917262e404	5762
docs/media/uploads/2020/04/شربل-كاملة-170x113.jpg	8b207621a0b5ae7a0b8770bca0eddd5e00579383	6070
docs/media/uploads/2020/04/شربل-كاملة-179x116.jpg	97982fa05ff567d10f17aeebb728e7b2ebc4d92a	6613
docs/media/uploads/2020/04/شربل-كاملة-179x120.jpg	650ac022038130d6fa9bfcbe2b668fb82bda5c7c	6677
docs/media/uploads/2020/04/شربل-كاملة-266x179.jpg	868b9fe6b4052500ee8366ed7d295a427ddfe478	12565
docs/media/uploads/2020/04/شربل-كاملة-274x183.jpg	a0eef094a1a34a7ae2da4f72539be7602df206ab	13106
docs/media/uploads/2020/04/شربل-كاملة-300x200.jpg	d1eb4158cdf848ac0a2b399187346f5f9c07d502	15208
docs/media/uploads/2020/04/شربل-كاملة-333x227.jpg	c5133c06b357cacb8addf2a2709613120c72e5eb	18658
docs/media/uploads/2020/04/شربل-كاملة-347x233.jpg	05c283784c38b4b5c233330b196a817544b0b8af	19680
docs/media/uploads/2020/04/شربل-كاملة-359x240.jpg	73e21d47d4db06c7965b2a111b64dd871e882911	20759
docs/media/uploads/2020/04/شربل-كاملة-364x245.jpg	e47d5360bdda8c310edf4bd806d4f148b511ae30	21455
docs/media/uploads/2020/04/شربل-كاملة-367x237.jpg	a9f3e19afffa9a48c43c276a8e56a44b197461f7	21135
docs/media/uploads/2020/04/شربل-كاملة-36x36.jpg	3fed4fe0f80d7f2da321e825a4bca9919158f1ba	1188
docs/media/uploads/2020/04/شربل-كاملة-546x300.jpg	5efc28707d401b5c30fa13b5f9fa9a683f730e14	39054
docs/media/uploads/2020/04/شربل-كاملة-546x365.jpg	e07309077911758c20a204a9ed40aaf89913450f	40193
docs/media/uploads/2020/04/شربل-كاملة-576x392.jpg	95f1001110806aa288f61b3b34f06f08a2cf6cde	44694
docs/media/uploads/2020/04/شربل-كاملة-702x432.jpg	77439bf8b8cb47fb48481d26eee6cee5f211cd87	56789
docs/media/uploads/2020/04/شربل-كاملة-765x510.jpg	ebe6764880680c8867641469219b14647131591c	65586
docs/media/uploads/2020/04/شربل-كاملة-80x54.jpg	5120c6fc8e3caf84d155e70775240b8322fdcc63	2107
docs/media/uploads/2020/04/شربل-كاملة-81x55.jpg	d3fae8414f1ec11a37187b6b572c78536f32bfc1	2193
docs/media/uploads/2020/04/شربل-كاملة-85x57.jpg	11a87c0ac7e9581ad8fe1eb8381b9f93fdd7e5c0	2267
docs/media/uploads/2020/04/شربل-كاملة.jpg	2bac6e11041cd1a62d669b9b4a86c78b21b61590	90879
docs/media/uploads/2020/04/صياد-112x75.jpg	39e0eb4f294ad291b2d5a8880093fd6ac5b346a8	3619
docs/media/uploads/2020/04/صياد-130x87.jpg	cdff30bfb43bef5d9193a5685be703237fa29cfd	4397
docs/media/uploads/2020/04/صياد-150x150.jpg	437a940512ecbe29a407411584dbcc80ee918e01	7348
docs/media/uploads/2020/04/صياد-165x109.jpg	d6495717ae0376789400bb5cee7534c359ec9266	6307
docs/media/uploads/2020/04/صياد-170x113.jpg	ba6f96207adde77017250dae553ae6a943b34623	6691
docs/media/uploads/2020/04/صياد-179x116.jpg	add1d42b4110a48d2f31645659834e6c56cca54f	7162
docs/media/uploads/2020/04/صياد-179x120.jpg	19f1c9f8a4fdc255030bce15af174d4fe52f505d	7211
docs/media/uploads/2020/04/صياد-266x179.jpg	7ce178e6ccac29c1c6509f9c373fa97d54a457b0	14132
docs/media/uploads/2020/04/صياد-274x183.jpg	1774e460b1d502fd64ba8ad40f64a323284e4436	14691
docs/media/uploads/2020/04/صياد-300x200.jpg	971e11e3c23ab28f54ee943763d1c19df0b86821	16699
docs/media/uploads/2020/04/صياد-333x227.jpg	5bb06b277e2c0a29f6d78a7f472f349025509357	20559
docs/media/uploads/2020/04/صياد-347x233.jpg	d3b8c554294305735d52fce91bce2f7fde78fdf2	22032
docs/media/uploads/2020/04/صياد-359x240.jpg	3c9c83820c5c66d17f4d6ad450aeee3d9c171b95	22686
docs/media/uploads/2020/04/صياد-364x245.jpg	7a30fce30e1fe254d17128834cd659f0e7bb0f3d	23692
docs/media/uploads/2020/04/صياد-367x237.jpg	0cde0ee2b2b9a66a6897b457e0a681b26f7b1a2c	23135
docs/media/uploads/2020/04/صياد-36x36.jpg	343042971e379865404b4d846751174534cb630b	1180
docs/media/uploads/2020/04/صياد-546x300.jpg	02dc2ec7f152636fb53ffcd3bf552e1e3c784c2f	38615
docs/media/uploads/2020/04/صياد-546x365.jpg	5a8550aff259f5b1077bfb7db3c026ded2d26e48	45348
docs/media/uploads/2020/04/صياد-576x392.jpg	3855f280fa47f669ac641dab57a3b11a8291bd41	49458
docs/media/uploads/2020/04/صياد-702x432.jpg	82414d15d8f2a1a523bea3b6e317a6b9875db434	61035
docs/media/uploads/2020/04/صياد-765x510.jpg	cf31015fb6db34d40d8fd39cd85b9666774f415d	74190
docs/media/uploads/2020/04/صياد-80x54.jpg	c999891272d80c7c1d3fdda4e4316c0f40abffb6	2207
docs/media/uploads/2020/04/صياد-81x55.jpg	f2dff0b2df4ce02ea5e7efed1add0770ed067a06	2305
docs/media/uploads/2020/04/صياد-85x57.jpg	c548673f0aa373861fb9eafe696b89acba4a522a	2490
docs/media/uploads/2020/04/صياد.jpg	34d204db61fbfd25a0faa69475b66ade69f7ebf2	96616
docs/media/uploads/2020/04/فؤاد-عيتاني-تلفزيون-الجديد-1024x572.jpg	9d938895c160e90912223c21e76a8d1863ce9539	84434
docs/media/uploads/2020/04/فؤاد-عيتاني-تلفزيون-الجديد-112x75.jpg	6d8d36384a4e9c35fe379977606a5fb0bbaa5038	3755
docs/media/uploads/2020/04/فؤاد-عيتاني-تلفزيون-الجديد-130x87.jpg	3b67d559c72ed430aed4e00366536e9d8fe6f60b	4704
docs/media/uploads/2020/04/فؤاد-عيتاني-تلفزيون-الجديد-150x150.jpg	4049403302278b7be1eb5e499ab74eacedddbc23	7422
docs/media/uploads/2020/04/فؤاد-عيتاني-تلفزيون-الجديد-165x109.jpg	4601abac78ca215eb2b26dade7c9aecf93982391	6725
docs/media/uploads/2020/04/فؤاد-عيتاني-تلفزيون-الجديد-170x113.jpg	0910b6a1de0e922f176f9b7767e9d05570ac59b5	7035
docs/media/uploads/2020/04/فؤاد-عيتاني-تلفزيون-الجديد-179x116.jpg	087e31b5df4cdc53b114b004a628dd514d2a6d84	7398
docs/media/uploads/2020/04/فؤاد-عيتاني-تلفزيون-الجديد-179x120.jpg	090c12f9d0ff5d683f65dd024022020b35d69bf8	7483
docs/media/uploads/2020/04/فؤاد-عيتاني-تلفزيون-الجديد-266x179.jpg	99ee5c0c4bc7c6171848452099e6dc2be522c53a	13877
docs/media/uploads/2020/04/فؤاد-عيتاني-تلفزيون-الجديد-274x183.jpg	27554ed50d4bbaacda180cec96860b7de8220325	14230
docs/media/uploads/2020/04/فؤاد-عيتاني-تلفزيون-الجديد-300x168.jpg	bfbc37daa7127889e2e43a75a709a916713def84	14346
docs/media/uploads/2020/04/فؤاد-عيتاني-تلفزيون-الجديد-333x227.jpg	0a3d9b42bf3722d024e3a73550c1792b5857a888	19698
docs/media/uploads/2020/04/فؤاد-عيتاني-تلفزيون-الجديد-347x233.jpg	8f86b62420df89c76c246ae14cbca58ebd4ba007	20354
docs/media/uploads/2020/04/فؤاد-عيتاني-تلفزيون-الجديد-359x240.jpg	4c234f479edc67388beed2272336845af7787c96	20964
docs/media/uploads/2020/04/فؤاد-عيتاني-تلفزيون-الجديد-364x245.jpg	b10f8d85166b557ddeee563185232a1136e946e3	21996
docs/media/uploads/2020/04/فؤاد-عيتاني-تلفزيون-الجديد-367x237.jpg	574a3fe7217c523c240244fa5e047031ef8a708a	21421
docs/media/uploads/2020/04/فؤاد-عيتاني-تلفزيون-الجديد-36x36.jpg	724caae6cebd8533d9df7f4f30d6aea7c8d95d6e	1295
docs/media/uploads/2020/04/فؤاد-عيتاني-تلفزيون-الجديد-546x300.jpg	f6bc5d3fb217844f090143b501b9d52ccc04ed4d	34153
docs/media/uploads/2020/04/فؤاد-عيتاني-تلفزيون-الجديد-546x365.jpg	598ca0cda39228689413a09e818596d170a55762	39179
docs/media/uploads/2020/04/فؤاد-عيتاني-تلفزيون-الجديد-576x392.jpg	c0568251ec19dfaac736d3bf89d0f552808a26ac	42396
docs/media/uploads/2020/04/فؤاد-عيتاني-تلفزيون-الجديد-702x432.jpg	9db7cbcd0afd4b78480f6552fb6a88e7f8a7798d	52021
docs/media/uploads/2020/04/فؤاد-عيتاني-تلفزيون-الجديد-765x510.jpg	04ce1b823922e1b700d3cb7765e842b1611a2a3a	62381
docs/media/uploads/2020/04/فؤاد-عيتاني-تلفزيون-الجديد-768x429.jpg	45b4d1aaf26516e7c0f9b4f15dc064b99053965c	56166
docs/media/uploads/2020/04/فؤاد-عيتاني-تلفزيون-الجديد-80x54.jpg	4afd93cdf310efe96c702904dc20651aab74eb1e	2380
docs/media/uploads/2020/04/فؤاد-عيتاني-تلفزيون-الجديد-81x55.jpg	ed4428d9269828e0ea4f9d5898a5f2f0632d6286	2501
docs/media/uploads/2020/04/فؤاد-عيتاني-تلفزيون-الجديد-85x57.jpg	524a1716c36beb227fc036e1a7d6c508aaa1a584	2682
docs/media/uploads/2020/04/فؤاد-عيتاني-تلفزيون-الجديد.jpg	2405ba9a5d72cd495cfb50d08408db23c7ba3951	111888
docs/media/uploads/2020/04/فيلة-بلا-انياب-112x75.jpg	c2efa91a0b11918e28dd09159d1cf1ce60d5ad2c	3396
docs/media/uploads/2020/04/فيلة-بلا-انياب-130x87.jpg	53baa5d3054dd21883b4b52e70b57b2121e9de12	4201
docs/media/uploads/2020/04/فيلة-بلا-انياب-150x150.jpg	3378b12082dd6f3dd35d3c49264a6a7b48ba2324	36312
docs/media/uploads/2020/04/فيلة-بلا-انياب-165x109.jpg	e305f1a475c4159407f5291723d36df496f030d5	5919
docs/media/uploads/2020/04/فيلة-بلا-انياب-170x113.jpg	71eee22434d88e8efe60fdd6a833b3c5d6c1204e	6328
docs/media/uploads/2020/04/فيلة-بلا-انياب-179x116.jpg	77ddfabc21b8509db74e7104da212ec67c65c0b5	6715
docs/media/uploads/2020/04/فيلة-بلا-انياب-179x120.jpg	f27e8ff705f6fbcb6048d0a12e83952bc828c88e	6714
docs/media/uploads/2020/04/فيلة-بلا-انياب-266x179.jpg	dd2bd11ebbbf2856c3efd350d590331a2838e5f8	12815
docs/media/uploads/2020/04/فيلة-بلا-انياب-274x183.jpg	1ba8a5726f99b89e5b9eab2bdf397b3b815f704e	13264
docs/media/uploads/2020/04/فيلة-بلا-انياب-300x200.jpg	e91926ef3b93a48996107af6d0a9975bda7265f6	15034
docs/media/uploads/2020/04/فيلة-بلا-انياب-333x227.jpg	f0cd14f6e1a554a919af44017f25e3414d5c1f7d	51907
docs/media/uploads/2020/04/فيلة-بلا-انياب-347x233.jpg	c9cde15a168df0649f0902e418d5a79071fe5b9f	19832
docs/media/uploads/2020/04/فيلة-بلا-انياب-359x240.jpg	ba1b40deba3c9a13385e263ef18569bce44283fc	20496
docs/media/uploads/2020/04/فيلة-بلا-انياب-364x245.jpg	f479f19f01d04009121e47629d21ce61e14e99c3	21417
docs/media/uploads/2020/04/فيلة-بلا-انياب-367x237.jpg	7b75f09c5aac6a11cd08af4505b347659f940eec	20836
docs/media/uploads/2020/04/فيلة-بلا-انياب-36x36.jpg	7b13877ee66446cb37f91dc1aa9fdf8128204c25	1218
docs/media/uploads/2020/04/فيلة-بلا-انياب-546x300.jpg	b2251d1017ebe960fb1d8cfc6df003953883ae2c	36598
docs/media/uploads/2020/04/فيلة-بلا-انياب-546x365.jpg	c63cb283591013fedc4ebe33b4e40db0c45b1cac	42023
docs/media/uploads/2020/04/فيلة-بلا-انياب-576x392.jpg	9860afb3a13adb6b0c8e5ef4a899f4caee6d4fff	46014
docs/media/uploads/2020/04/فيلة-بلا-انياب-702x432.jpg	7e6568e060779ba12415fecd763bc54f4741fd2a	57745
docs/media/uploads/2020/04/فيلة-بلا-انياب-765x510.jpg	eda26c974acd775384a8764b8a6d8200dabba54c	70375
docs/media/uploads/2020/04/فيلة-بلا-انياب-80x54.jpg	3c9f5e628959a41d4866ce29afa7136536b0e422	2209
docs/media/uploads/2020/04/فيلة-بلا-انياب-81x55.jpg	9b4ce351abf1adddde75bc3797b629ab83c55816	2278
docs/media/uploads/2020/04/فيلة-بلا-انياب-85x57.jpg	2f375244ef60051ca4146b99e1b478b5590c46e4	2404
docs/media/uploads/2020/04/فيلة-بلا-انياب.jpg	5ee00837805cf639af14c824d508381bfd3b95ff	91099
docs/media/uploads/2020/04/قطقاط-مطوق-صغير-112x75.jpg	2221037cf3197b9dee360b8d39ed782ae4d6051a	3494
docs/media/uploads/2020/04/قطقاط-مطوق-صغير-130x87.jpg	f68b8ceae0ca2d24a078d0849fff09a013f1bbdd	4381
docs/media/uploads/2020/04/قطقاط-مطوق-صغير-150x150.jpg	ed682f6dff336ef4873595a40c6a702746d58b99	7034
docs/media/uploads/2020/04/قطقاط-مطوق-صغير-165x109.jpg	cbe3280217a623a8089cb53ea40606c9e1d58ee1	6286
docs/media/uploads/2020/04/قطقاط-مطوق-صغير-170x113.jpg	06766e0389e9b06f3726aa96787c471db716c6b2	6704
docs/media/uploads/2020/04/قطقاط-مطوق-صغير-179x116.jpg	f5218b0e8c1499396e44c2753c2b22a1227e0041	7133
docs/media/uploads/2020/04/قطقاط-مطوق-صغير-179x120.jpg	5a3d5cba12a1b68c5ff1189a188cb64c8ce0858b	7078
docs/media/uploads/2020/04/قطقاط-مطوق-صغير-266x179.jpg	fe21681609cf08f494a8755d3fd0b6e9794f85ca	14343
docs/media/uploads/2020/04/قطقاط-مطوق-صغير-274x183.jpg	4fd898214dc0114e6acf8db1ce20658239b643ba	14609
docs/media/uploads/2020/04/قطقاط-مطوق-صغير-300x200.jpg	00c19668480efedfa442814ee81cc567d3b0411e	16745
docs/media/uploads/2020/04/قطقاط-مطوق-صغير-333x227.jpg	2bae2ef434601bbb2bd7068bfbb3349ed97d1762	20641
docs/media/uploads/2020/04/قطقاط-مطوق-صغير-347x233.jpg	69e76fa3ffdee3de9b988ef839ab3e755972f447	22031
docs/media/uploads/2020/04/قطقاط-مطوق-صغير-359x240.jpg	6f48a93da07e7b533223ca90053511092e2fa1ae	22509
docs/media/uploads/2020/04/قطقاط-مطوق-صغير-364x245.jpg	7241087f05215dde4c7c68a0882dda71ede9b7c9	23565
docs/media/uploads/2020/04/قطقاط-مطوق-صغير-367x237.jpg	a7255cc74f8ccfe0ff4a097e1cf88991f7c8bb86	22996
docs/media/uploads/2020/04/قطقاط-مطوق-صغير-36x36.jpg	55c0757bc1e2220a254a5e08d0f04221f8d5c38e	1093
docs/media/uploads/2020/04/قطقاط-مطوق-صغير-546x300.jpg	8843403a467caa1ac8fdc87e3a470ae27eccf7da	36278
docs/media/uploads/2020/04/قطقاط-مطوق-صغير-546x365.jpg	6c5ed7465a05707cca6f07a7a04719bcba0a9338	44992
docs/media/uploads/2020/04/قطقاط-مطوق-صغير-576x392.jpg	fcd784ab3287aa2c09a382ab9b95678dddcf1901	48931
docs/media/uploads/2020/04/قطقاط-مطوق-صغير-702x432.jpg	deaa6c4dd148fe54111a37e976d2a9cf7b5bacd0	58905
docs/media/uploads/2020/04/قطقاط-مطوق-صغير-765x510.jpg	acf896c44be97e0839a30316a1663bcb58e5736e	73609
docs/media/uploads/2020/04/قطقاط-مطوق-صغير-80x54.jpg	43a8c6216c2f2e8c91a71e2d42c134b45c88a9f3	2075
docs/media/uploads/2020/04/قطقاط-مطوق-صغير-81x55.jpg	672058b2b2fea68ea608bceefbfabb06ea3b8aae	2189
docs/media/uploads/2020/04/قطقاط-مطوق-صغير-85x57.jpg	3dbcce7598111494174aa9273fb288523677274e	2348
docs/media/uploads/2020/04/قطقاط-مطوق-صغير.jpg	8abaff6dc00c09db2a17a88ac253a92af21ad5fc	94175
docs/media/uploads/2020/04/قواص-112x75.jpg	7b069a27499a7ea781a8354f8adfb8e2109bb2e3	4028
docs/media/uploads/2020/04/قواص-130x87.jpg	55834258611f4b246246bf789e48520335c907e2	5088
