path	git_blob_sha	size_bytes
docs/media/uploads/2021/01/31661_101740346542079_3870605_n-112x75.jpg	0cf06cca3b12f7c41c73257cc3b9a10b00e507c0	4017
docs/media/uploads/2021/01/31661_101740346542079_3870605_n-130x87.jpg	fd4895bf22745f54595a39c547a3b41e8395cde7	4959
docs/media/uploads/2021/01/31661_101740346542079_3870605_n-150x150.jpg	4d2d95b821f8db0664792fe793eddcbc4194917e	7214
docs/media/uploads/2021/01/31661_101740346542079_3870605_n-165x109.jpg	11c96bd48ffad5cdb0714be8a0fe9eb5d7a1f385	6896
docs/media/uploads/2021/01/31661_101740346542079_3870605_n-170x113.jpg	1ab1fde6cac25ee4e163f7355b3446f91418e3c2	7288
docs/media/uploads/2021/01/31661_101740346542079_3870605_n-179x116.jpg	35fc34c04d50ff28687c6758f7822e897515a44e	7679
docs/media/uploads/2021/01/31661_101740346542079_3870605_n-179x120.jpg	410a5f7910e18580e870fe9bb5d478f5b00be33d	7654
docs/media/uploads/2021/01/31661_101740346542079_3870605_n-266x179.jpg	7f2142b4bdd794c27bbfc38e71f062ed90f3d9ea	13491
docs/media/uploads/2021/01/31661_101740346542079_3870605_n-274x183.jpg	d19a012d5a363933d2df194a27df428cc9b08f23	14046
docs/media/uploads/2021/01/31661_101740346542079_3870605_n-300x200.jpg	06ba94ff74d18a67d37aa41d056162feec945b74	15608
docs/media/uploads/2021/01/31661_101740346542079_3870605_n-333x227.jpg	347ab893c772c12e83edfb0c04a4748cd80ca994	18318
docs/media/uploads/2021/01/31661_101740346542079_3870605_n-347x233.jpg	5f0cfeda1271c9789182cf6b9d1fb95c2c372603	19561
docs/media/uploads/2021/01/31661_101740346542079_3870605_n-359x240.jpg	711bdb26cdfa3c0bb92b81cba0fa8e678ddbbc32	20371
docs/media/uploads/2021/01/31661_101740346542079_3870605_n-364x245.jpg	29b95d6028be5d22ccc80729bbb89b43f2a9408a	20819
docs/media/uploads/2021/01/31661_101740346542079_3870605_n-367x237.jpg	fa32e483c0cb4b790b155433cc0adae056406d0a	20664
docs/media/uploads/2021/01/31661_101740346542079_3870605_n-36x36.jpg	2192bef5b9ac420b78e2ba2d0fddc78c0f02843e	1334
docs/media/uploads/2021/01/31661_101740346542079_3870605_n-546x300.jpg	9d934e1285254146a2ca8828dd89ee1492a3d036	30487
docs/media/uploads/2021/01/31661_101740346542079_3870605_n-546x365.jpg	e0c6525f09ef0036b3aa9a714116edbf160aa22f	36068
docs/media/uploads/2021/01/31661_101740346542079_3870605_n-576x392.jpg	ccc627a8e53ed02a6e235354414e9d68f6fd3f12	38698
docs/media/uploads/2021/01/31661_101740346542079_3870605_n-702x432.jpg	e7900c4a983a9ea5bddc4622e46784f69f26558b	46770
docs/media/uploads/2021/01/31661_101740346542079_3870605_n-765x510.jpg	e938a1f01fe5c4aef4190d036930a434e57d5204	55992
docs/media/uploads/2021/01/31661_101740346542079_3870605_n-80x54.jpg	8951b191e702702a627af39011ae2c69e18f33c5	2466
docs/media/uploads/2021/01/31661_101740346542079_3870605_n-81x55.jpg	c1c91697c2bed3bcd8c414cde3cd357395a386bb	2587
docs/media/uploads/2021/01/31661_101740346542079_3870605_n-85x57.jpg	d2ee1567810cd7b94a76ebffba14a95c7939aba2	2822
docs/media/uploads/2021/01/31661_101740346542079_3870605_n.jpg	ab3344d70c8b74559d70eb45dc42f387b99d8511	82099
docs/media/uploads/2021/01/صورة-الدورة-112x75.jpg	1ec988af8ce778102007a488f9489196910b21f7	4196
docs/media/uploads/2021/01/صورة-الدورة-130x87.jpg	554251f804f406491eed336c19139bf57a484d86	5296
docs/media/uploads/2021/01/صورة-الدورة-150x150.jpg	5d9744491a01e16ab481a8e57a5d52dca151c2bb	8874
docs/media/uploads/2021/01/صورة-الدورة-165x109.jpg	82bc7319a027e0a400f8e3e57daf054e4cd3a7a9	7811
docs/media/uploads/2021/01/صورة-الدورة-170x113.jpg	9b744ffd4af9d502d4e049d40717a6b183e1d85e	8469
docs/media/uploads/2021/01/صورة-الدورة-179x116.jpg	defc98334433856846ff0f9208d9bce93170614d	8881
docs/media/uploads/2021/01/صورة-الدورة-179x120.jpg	7f8edbb7d262eaaec171de405deeb1358f20c2c8	8748
docs/media/uploads/2021/01/صورة-الدورة-266x179.jpg	b3078a573413c74ef0d707fcba23e8852b5bb0e9	17228
docs/media/uploads/2021/01/صورة-الدورة-274x183.jpg	933a5496fcd4ba74c833e59b11a863192d7e1fb5	18175
docs/media/uploads/2021/01/صورة-الدورة-300x200.jpg	c8f80399bf0afcdb5e8d4a5a393cba72ee33e236	21023
docs/media/uploads/2021/01/صورة-الدورة-333x227.jpg	7e3be85df54ae028de362107fa137789fb913052	25598
docs/media/uploads/2021/01/صورة-الدورة-347x233.jpg	b7edfb8a386c57f8a1e57ea9ef56a9bb02a62d13	27172
docs/media/uploads/2021/01/صورة-الدورة-359x240.jpg	bf9ea2715d0ec390f131412861681fe8b1aedb0c	28520
docs/media/uploads/2021/01/صورة-الدورة-364x245.jpg	5825c89e19c9e057ecbc60dd894f0cf6b0f45dd8	29149
docs/media/uploads/2021/01/صورة-الدورة-367x237.jpg	11203429af1ecd1185c403b233794c70b74fc5ee	29291
docs/media/uploads/2021/01/صورة-الدورة-36x36.jpg	6a5a08391c887f78395757e74d2a946935e8dfed	1280
docs/media/uploads/2021/01/صورة-الدورة-546x300.jpg	4527cc79027772c07e7f6074a2c1cf5ab40f739f	47320
docs/media/uploads/2021/01/صورة-الدورة-546x365.jpg	44d5b2688baa23eb1beebf49bc7bd8169a82a016	56985
docs/media/uploads/2021/01/صورة-الدورة-576x392.jpg	abfffdfba9387a7446b939c2ca1c8601484b9552	62680
docs/media/uploads/2021/01/صورة-الدورة-702x432.jpg	2284ff10ddcc9480679cbf0cf546cecba38c923e	75999
docs/media/uploads/2021/01/صورة-الدورة-765x510.jpg	de4716fc361a3f5e8c2430c9f983f01ce39349e9	92086
docs/media/uploads/2021/01/صورة-الدورة-80x54.jpg	e198418b396f872bd00f8add6d6f6eada1fd6928	2550
docs/media/uploads/2021/01/صورة-الدورة-81x55.jpg	ad6235bbb64f60dcf6e6146690349f8cdc73d253	2679
docs/media/uploads/2021/01/صورة-الدورة-85x57.jpg	c8d2f9ecea2e04a8aed3fa355c0fb01ced841447	2867
docs/media/uploads/2021/01/صورة-الدورة.jpg	aeda49387b611b213df0d67c18ee0f08460ddbc2	168312
docs/media/uploads/2021/02/مجلة-الأمن-112x75.jpg	29ed73b57ddab11be727974e62171014477113c8	3539
docs/media/uploads/2021/02/مجلة-الأمن-130x87.jpg	baf8143cbb72c48a98f4a2450364ebe3dfebfd8c	4317
docs/media/uploads/2021/02/مجلة-الأمن-150x150.jpg	1fe0ca2aa71080605353acfc1cd2c03dcebc319e	7614
docs/media/uploads/2021/02/مجلة-الأمن-165x109.jpg	e8feb4366d31547a27ea13961715b510d79b13fe	6069
docs/media/uploads/2021/02/مجلة-الأمن-170x113.jpg	9b3e81c5f4302bbcbb39696a4222d147f729d076	6427
docs/media/uploads/2021/02/مجلة-الأمن-179x116.jpg	9125651f9c47a422d957466c2aba00353e1f1ba3	6876
docs/media/uploads/2021/02/مجلة-الأمن-179x120.jpg	f6a19e95860d9c477e2808b0fd7491f10dd762f8	6939
docs/media/uploads/2021/02/مجلة-الأمن-266x179.jpg	2073b1e1081832a88a33de50813b9b9c70ca83ce	13561
docs/media/uploads/2021/02/مجلة-الأمن-274x183.jpg	adc5c6f8c49f6f300392e3667bdd023ab4fd5df6	13947
docs/media/uploads/2021/02/مجلة-الأمن-300x200.jpg	7840c83814ada02e7f642ab7f5768a614539d8c1	16026
docs/media/uploads/2021/02/مجلة-الأمن-333x227.jpg	e7792141844f98f89d91b7fef33bf7df300153ce	19638
docs/media/uploads/2021/02/مجلة-الأمن-347x233.jpg	c4f570a9827d72aadd4679112a92599c136cad37	20694
docs/media/uploads/2021/02/مجلة-الأمن-359x240.jpg	bc4297d96418871cd34fde581c6cbd7ee174bd3f	22209
docs/media/uploads/2021/02/مجلة-الأمن-364x245.jpg	9d6d34c33683273f023d750403fd98eb8c077b2b	22780
docs/media/uploads/2021/02/مجلة-الأمن-367x237.jpg	e76954465dd55d6f121c5411efc7b2407bc6a83b	22720
docs/media/uploads/2021/02/مجلة-الأمن-36x36.jpg	132d4ffc3b8891943dba7d5c2f9c01bbb6e0633c	1262
docs/media/uploads/2021/02/مجلة-الأمن-546x300.jpg	f1740b17b9baf44307bfa3d70a008b4e61454c83	38030
docs/media/uploads/2021/02/مجلة-الأمن-546x365.jpg	e94120bc96b35e4b001394af989237cc5a3d9c4e	42968
docs/media/uploads/2021/02/مجلة-الأمن-576x392.jpg	1a58d6654100bc29d9c2a083cdebfc4ce7b4c1da	47488
docs/media/uploads/2021/02/مجلة-الأمن-702x432.jpg	0007f71af47c3fea09d4391fade1573304194fc9	59774
docs/media/uploads/2021/02/مجلة-الأمن-765x510.jpg	a987896b50cd98286587d88b10735355cd7d1f04	70533
docs/media/uploads/2021/02/مجلة-الأمن-80x54.jpg	86da69a7deb48871b411bd1ab01871a72bf0bf22	2270
docs/media/uploads/2021/02/مجلة-الأمن-81x55.jpg	53f515541cf5df3c6d67c28571957b7172e7fb23	2304
docs/media/uploads/2021/02/مجلة-الأمن-85x57.jpg	ee4148cdaa62c6da006464f5b00e18833f727339	2414
docs/media/uploads/2021/02/مجلة-الأمن.jpg	ec602fb432b423fc5ae44b6438c8546dc5b808e2	605935
docs/media/uploads/2021/02/مخابرات-جيش-1-112x75.jpg	3def76d30c32b5fcb8724ecd6397cf9ec18ad499	3511
docs/media/uploads/2021/02/مخابرات-جيش-1-130x87.jpg	f8522b1a5de3d1a94e9ccfa75457382ca68e8b79	4387
docs/media/uploads/2021/02/مخابرات-جيش-1-150x150.jpg	2b20d12deaeecad03270d5896dafeddacc7f4ce0	6287
docs/media/uploads/2021/02/مخابرات-جيش-1-165x109.jpg	b3d2938cc78b3c77ac96b8b38f337fcd10f93c5b	6097
docs/media/uploads/2021/02/مخابرات-جيش-1-170x113.jpg	36303da6757bdad93022f15af71c6c93b6556f93	6537
docs/media/uploads/2021/02/مخابرات-جيش-1-179x116.jpg	e56b2cb1b946464ace58c973913aa7f3847776cb	6928
docs/media/uploads/2021/02/مخابرات-جيش-1-179x120.jpg	4f220cea8a59c8a5a80fb9e010f62326dd4c68cf	7003
docs/media/uploads/2021/02/مخابرات-جيش-1-266x179.jpg	b6c6fc5edb7b565e8466be234cb557db8e2135c8	13475
docs/media/uploads/2021/02/مخابرات-جيش-1-274x183.jpg	0408c0bfaa2e71704d893133757e5a8c2cb8981d	13848
docs/media/uploads/2021/02/مخابرات-جيش-1-300x200.jpg	80ab9534712f2fa378bca964d5e86131eeacefe5	15790
docs/media/uploads/2021/02/مخابرات-جيش-1-333x227.jpg	bc2c481773321bdb931949dc5a302acdc02ae4fe	19212
docs/media/uploads/2021/02/مخابرات-جيش-1-347x233.jpg	de3156f3e041842613abcc60d2f2e576882ee931	20465
docs/media/uploads/2021/02/مخابرات-جيش-1-359x240.jpg	be7bfed087d6cf1f97458c298976212a61f2ebbd	21042
docs/media/uploads/2021/02/مخابرات-جيش-1-364x245.jpg	22b4f6a8ef75ba9b7e0317899a414c720f835a4e	21905
docs/media/uploads/2021/02/مخابرات-جيش-1-367x237.jpg	b84d61bd0c3d084e01f32160fba716d1a23a94b8	21305
docs/media/uploads/2021/02/مخابرات-جيش-1-36x36.jpg	ea5daed77e6d066dda954e6b95b6e75e224e4efc	1130
docs/media/uploads/2021/02/مخابرات-جيش-1-546x300.jpg	82abc9a7386bab2b0b8e4abb7dafbeec2ee0fb97	33407
docs/media/uploads/2021/02/مخابرات-جيش-1-546x365.jpg	478c7b070d2845239419bcb63d259cefd8af345b	41361
docs/media/uploads/2021/02/مخابرات-جيش-1-576x392.jpg	00480db73716f8108a17a0dfc10328b0102aacdf	44802
docs/media/uploads/2021/02/مخابرات-جيش-1-702x432.jpg	1a6e25eaf8488096f262205f6bf6a54817e3104a	54081
docs/media/uploads/2021/02/مخابرات-جيش-1-765x510.jpg	da312f7a2923086b0421e0603e67356a237e8b13	66948
docs/media/uploads/2021/02/مخابرات-جيش-1-80x54.jpg	a33247eb93a348568b41ac39503a794f933b817a	2193
docs/media/uploads/2021/02/مخابرات-جيش-1-81x55.jpg	b776955f975baa24e13774de2bbea91b44b6a29f	2290
docs/media/uploads/2021/02/مخابرات-جيش-1-85x57.jpg	ed8d2e253655a97faa7f650ac99af779fbe45322	2459
docs/media/uploads/2021/02/مخابرات-جيش-1.jpg	cd852a927a3b10338a2d18debb39feb119552d83	95971
docs/media/uploads/2021/02/مخابرات-جيش-2-112x75.jpg	f6eac6c64dfb819005553326a770aea462deb8b3	3697
docs/media/uploads/2021/02/مخابرات-جيش-2-130x87.jpg	7a253c23c87c598b5e7884f26293f37533fd529f	4542
docs/media/uploads/2021/02/مخابرات-جيش-2-150x150.jpg	0f960f03715b9b88a2018f6b47c3343a88ee5fbe	6450
docs/media/uploads/2021/02/مخابرات-جيش-2-165x109.jpg	092be78b894e348aa22d2dae6f6109a63b92fd67	6295
docs/media/uploads/2021/02/مخابرات-جيش-2-170x113.jpg	2070cb4ae4c37c93dd2328f6dddbc66586f0642b	6649
docs/media/uploads/2021/02/مخابرات-جيش-2-179x116.jpg	bfd748cec52e9aee59897b042740bc72ed3938f7	7000
docs/media/uploads/2021/02/مخابرات-جيش-2-179x120.jpg	aa014a4529a309bd1c07ee68e112b83420c871d3	7074
docs/media/uploads/2021/02/مخابرات-جيش-2-266x179.jpg	627a8d79c29911a90b664d0f1083df8889adf2e5	13307
docs/media/uploads/2021/02/مخابرات-جيش-2-274x183.jpg	4b467a7893791ca501bb4df5be7257fc9f26f613	13711
docs/media/uploads/2021/02/مخابرات-جيش-2-300x200.jpg	66cb9cabb3cd113c73caf488ec7d6c3e88ea0649	15545
docs/media/uploads/2021/02/مخابرات-جيش-2-333x227.jpg	f804883ec992f0f78edaa6795db433d4558e5b02	18718
docs/media/uploads/2021/02/مخابرات-جيش-2-347x233.jpg	3253faf2074497b34180760dbebef6b1b60e816b	20057
docs/media/uploads/2021/02/مخابرات-جيش-2-359x240.jpg	106feb42be92834ce2a3fce3fb49d78c517f0920	20612
docs/media/uploads/2021/02/مخابرات-جيش-2-364x245.jpg	6652eadb9fb3508a01e6c41bf63597fbcb954138	21442
docs/media/uploads/2021/02/مخابرات-جيش-2-367x237.jpg	6708c72c3d6941b0e8756a27a56f2b40ddf57c80	20898
docs/media/uploads/2021/02/مخابرات-جيش-2-36x36.jpg	c8493d73fd7f20c570016d802290a6f64bafb71c	1261
docs/media/uploads/2021/02/مخابرات-جيش-2-546x300.jpg	9d8f8907f34f6f6a00b585fec113f468e4a8e31f	32296
docs/media/uploads/2021/02/مخابرات-جيش-2-546x365.jpg	388d9c2c327e6c25f0eb14448fc5823da0ea4945	39440
docs/media/uploads/2021/02/مخابرات-جيش-2-576x392.jpg	d86b4d61f8daf0d4a1a428a965ac3f1fd74e0dd9	42634
docs/media/uploads/2021/02/مخابرات-جيش-2-702x432.jpg	f91d45e0afb641448f881bf7001286ac903bced4	51257
docs/media/uploads/2021/02/مخابرات-جيش-2-765x510.jpg	ed93dd6156a415d6ff7b91f61c698ba84ff20b57	63026
docs/media/uploads/2021/02/مخابرات-جيش-2-80x54.jpg	e61ec579f02003329a0dffda28b2c2b268d85386	2350
docs/media/uploads/2021/02/مخابرات-جيش-2-81x55.jpg	c7c58e86fbba31555b937c4847fd1eb6ecdb686a	2451
docs/media/uploads/2021/02/مخابرات-جيش-2-85x57.jpg	4aabe182f36e5aee1777d9b3986bd79968474fbe	2581
docs/media/uploads/2021/02/مخابرات-جيش-2.jpg	a5e0e198f74a7bdc84b22a05f390e746684225b4	91807
docs/media/uploads/2021/02/مخابرات-جيش-3-112x75.jpg	9bb871b4eb1f6c51fad436e3d178e8cd9be6381f	4137
docs/media/uploads/2021/02/مخابرات-جيش-3-130x87.jpg	d2b0b42c0e8b70e490dada66d395112d3cb738e6	5230
docs/media/uploads/2021/02/مخابرات-جيش-3-150x150.jpg	2dc3d5562f53aafe00c578bfdfa0f0f92f1116c3	8810
docs/media/uploads/2021/02/مخابرات-جيش-3-165x109.jpg	c17f914ecf4656a70917e85d09b694513fccf7d3	7669
docs/media/uploads/2021/02/مخابرات-جيش-3-170x113.jpg	77ca2f257421a7d919a71113511d6748e9d217f8	8244
docs/media/uploads/2021/02/مخابرات-جيش-3-179x116.jpg	351ed86f63044ab07534f43b3ca2c0ecfd5a33c5	8799
docs/media/uploads/2021/02/مخابرات-جيش-3-179x120.jpg	f130e98470f6124727c5e8e5a3d9005bb66e7da5	8795
docs/media/uploads/2021/02/مخابرات-جيش-3-266x179.jpg	55567da1dc563d92e1afc4bf3f25452a9b8b6c36	18048
docs/media/uploads/2021/02/مخابرات-جيش-3-274x183.jpg	8b1daac6f67fc1eb68072cb0ab1dcd0f9f10477b	18556
docs/media/uploads/2021/02/مخابرات-جيش-3-300x200.jpg	c03f7c93832fdb2d292ce4312804eb9d7fa4ddda	21204
docs/media/uploads/2021/02/مخابرات-جيش-3-333x227.jpg	39c603482b9e5a84163d54a9b6cbf7d64cd6bee3	26470
docs/media/uploads/2021/02/مخابرات-جيش-3-347x233.jpg	23e8f351e322a8934fca1b87d09aa86ceb053414	28238
docs/media/uploads/2021/02/مخابرات-جيش-3-359x240.jpg	8d9084e11d8d6b1e54a446a31ea0dd9954e4de8b	29244
docs/media/uploads/2021/02/مخابرات-جيش-3-364x245.jpg	1e6e1adac47df4375bc833cae9eec52dfd855195	30475
docs/media/uploads/2021/02/مخابرات-جيش-3-367x237.jpg	fbfa3a1d5a13f4da3c2179eec15227db05d4fd0a	29844
docs/media/uploads/2021/02/مخابرات-جيش-3-36x36.jpg	07a8f2d4ef814cf7a83b060f1605357438c96079	1241
docs/media/uploads/2021/02/مخابرات-جيش-3-546x300.jpg	ffad8b1da95f0c1d0af024247093b0f85ab4bc55	50582
docs/media/uploads/2021/02/مخابرات-جيش-3-546x365.jpg	dc18ffad5c6cf5777a28fa7b84943f33352902a6	58920
docs/media/uploads/2021/02/مخابرات-جيش-3-576x392.jpg	103248835d54877ec40cc69aa03af3e6cd7e8c8e	64158
docs/media/uploads/2021/02/مخابرات-جيش-3-702x432.jpg	0f2828081657d4332a021076cc14f4212b63d7a4	79348
docs/media/uploads/2021/02/مخابرات-جيش-3-765x510.jpg	60fea10a1881ada4ab1fcfef12355e51d79e6f15	95501
docs/media/uploads/2021/02/مخابرات-جيش-3-80x54.jpg	7390bbe90295054bdaf9027173895a0dc79c8df3	2463
docs/media/uploads/2021/02/مخابرات-جيش-3-81x55.jpg	5eb17063882559c9550ade571ff8db83f59927d5	2562
docs/media/uploads/2021/02/مخابرات-جيش-3-85x57.jpg	68ffc9ceb773f30e28aa738abed7918f7cf18bbe	2772
docs/media/uploads/2021/02/مخابرات-جيش-3.jpg	3cd984acfb45c0b7c52e7d84c51836325717f6fc	125032
docs/media/uploads/2021/03/اعلان-الجائزة-112x75.jpg	14fb0e77478e51db4476a4b02cbfeb85c7b30ca2	3163
docs/media/uploads/2021/03/اعلان-الجائزة-130x87.jpg	3b5d13b22fb493d2af5e2d0e48899c127f1a6dfe	3952
docs/media/uploads/2021/03/اعلان-الجائزة-150x150.jpg	77fc942207a35e3c226501301670eb7ad2c5a966	6735
docs/media/uploads/2021/03/اعلان-الجائزة-165x109.jpg	e87b497221ee27a706de4313e351bdb0d3929fb2	5723
docs/media/uploads/2021/03/اعلان-الجائزة-170x113.jpg	2f1ba43d2b48a465bf60a1bfc6757f63b5a6506f	6040
docs/media/uploads/2021/03/اعلان-الجائزة-179x116.jpg	916a3e1db8fb040d08886ba26e899f72c38a3f28	6444
docs/media/uploads/2021/03/اعلان-الجائزة-179x120.jpg	6d44f1d2f1b8a7e9ce5ad1b764f2c483a49d382e	6352
docs/media/uploads/2021/03/اعلان-الجائزة-266x179.jpg	3b14325b7a309115ad23d241d08823a3b27e310e	12917
docs/media/uploads/2021/03/اعلان-الجائزة-274x183.jpg	c478b3b0d81e818b52ddd68af3b319a0da5fbd50	13232
docs/media/uploads/2021/03/اعلان-الجائزة-300x200.jpg	8891cf76f63bf1a0203f5e4a63489c4068f05f32	14965
docs/media/uploads/2021/03/اعلان-الجائزة-333x227.jpg	fb6528cc0a614055e90e74fa51788a85920583a4	18698
docs/media/uploads/2021/03/اعلان-الجائزة-347x233.jpg	356d2075346e29945cacb6472b0f83e7c5594faa	19501
docs/media/uploads/2021/03/اعلان-الجائزة-359x240.jpg	9eb4f10c6823df65063ab70b94b256fc000395c1	20944
docs/media/uploads/2021/03/اعلان-الجائزة-364x245.jpg	5a97202bdc05884c1580914b8347baf0ab7077b6	21470
docs/media/uploads/2021/03/اعلان-الجائزة-367x237.jpg	2c48134657e212e18e959454ab56aa206924c3ac	21543
docs/media/uploads/2021/03/اعلان-الجائزة-36x36.jpg	38047474192c8159a7d95c0fdcc9e0332be34da1	1038
docs/media/uploads/2021/03/اعلان-الجائزة-546x300.jpg	d58da3ebd48198753d32635f3dbb7ab1554fc409	32888
docs/media/uploads/2021/03/اعلان-الجائزة-546x365.jpg	7d2a551cc47c2e1f39ffab268059ce9658824b27	40443
docs/media/uploads/2021/03/اعلان-الجائزة-576x392.jpg	e4874feb3ab9e885446b250d01cbef35746820b6	44554
docs/media/uploads/2021/03/اعلان-الجائزة-702x432.jpg	a13c1751de948c4f9b0df1b0352a961e3cd6c80b	54054
docs/media/uploads/2021/03/اعلان-الجائزة-765x510.jpg	c12f72c6ca45a3dd1b11943a65ae95f0be83da56	65737
docs/media/uploads/2021/03/اعلان-الجائزة-80x54.jpg	42421f9c508139337a2d0f4394da5a14c89741e5	1962
docs/media/uploads/2021/03/اعلان-الجائزة-81x55.jpg	1571c525197285b094689852ab34a437f4c04fe7	2009
docs/media/uploads/2021/03/اعلان-الجائزة-85x57.jpg	c79687c51550d9e7797517dd075cf0d9c14c642a	2148
docs/media/uploads/2021/03/اعلان-الجائزة.jpg	88c297fa7648893829beec6eaf186fa15b6a60dc	99528
docs/media/uploads/2021/03/ايدي-1-112x75.jpg	bb343646d5e07cd585246ee0153af9ba4a26efce	1518
docs/media/uploads/2021/03/ايدي-1-130x87.jpg	524d36e319f480c468600901f031368835fd1d85	1846
docs/media/uploads/2021/03/ايدي-1-150x150.jpg	72d8f70957cf2c618906d8eca38f007bb4ea04e2	2267
docs/media/uploads/2021/03/ايدي-1-165x109.jpg	112bab213daf83406e4074782eedc7f738415294	2336
docs/media/uploads/2021/03/ايدي-1-170x113.jpg	8bb87e155e0da3603e9749af5400f8c8f20f24f1	2398
docs/media/uploads/2021/03/ايدي-1-179x116.jpg	a170ee53658f5f18f64971884d3d49986c999580	2580
docs/media/uploads/2021/03/ايدي-1-179x120.jpg	d387bcd18d066e1f891ce01e3a0762e680b66665	2560
docs/media/uploads/2021/03/ايدي-1-266x179.jpg	c4947996ff8995adf3cda595e9e484fe8f44f8b4	4488
docs/media/uploads/2021/03/ايدي-1-274x183.jpg	5fc0b97396d960a9a8a192614d636f8f37e999ff	4638
docs/media/uploads/2021/03/ايدي-1-300x200.jpg	b59406905f50805245fa630f4a7f8f35be545840	5337
docs/media/uploads/2021/03/ايدي-1-333x227.jpg	4dcc8bb22b7a404f436b93d91bfa83fa6da26032	5956
docs/media/uploads/2021/03/ايدي-1-347x233.jpg	d10361282c2b6f98bac4d1f7e0d84c0623dcc06a	6591
docs/media/uploads/2021/03/ايدي-1-359x240.jpg	ae13a28d88af96d90fc2e2a83679d541dac618bc	6965
docs/media/uploads/2021/03/ايدي-1-364x245.jpg	664d3f482372f66792182758bf55ceb695f1234e	6912
docs/media/uploads/2021/03/ايدي-1-367x237.jpg	609fad83ac6f148156cd878978642f4c8b240cc1	7201
docs/media/uploads/2021/03/ايدي-1-36x36.jpg	2ae10ae6ff40a51852bc1046386fc7f9146ddab6	779
docs/media/uploads/2021/03/ايدي-1-546x300.jpg	6f9639d008360d875309f401519249352e358068	11738
docs/media/uploads/2021/03/ايدي-1-546x365.jpg	fa1166bd06e728f5506a9a88f1b9f21a84d12834	12931
docs/media/uploads/2021/03/ايدي-1-576x392.jpg	dcdc26ac2c7b26eae5434ebd7a0d1aa986ea402b	13775
docs/media/uploads/2021/03/ايدي-1-702x432.jpg	9ab67243cf7cab1070cce647ead50609b8f199c4	17814
docs/media/uploads/2021/03/ايدي-1-765x510.jpg	e65c3590029f044dc0e3f007121ef07c49837909	20781
docs/media/uploads/2021/03/ايدي-1-80x54.jpg	c5fbc31971b312be1cec2d6c24ea8368a01f4865	1193
docs/media/uploads/2021/03/ايدي-1-81x55.jpg	761559e0926fd85a0c08e423170a47f028dec12a	1204
docs/media/uploads/2021/03/ايدي-1-85x57.jpg	9d06c193e13fbd7d3e04a29eecbfcc892e97eee9	1225
docs/media/uploads/2021/03/ايدي-1.jpg	600204a6bad3c8338c45ff4d8b777ddc264365bb	53708
docs/media/uploads/2021/03/ايدي-10-112x75.jpg	58cd9070cb4055efc6cbe9b65cb11ca14f3ce637	4358
docs/media/uploads/2021/03/ايدي-10-130x87.jpg	84f340cb8339896969bfb67af9b2291c7039336d	5369
docs/media/uploads/2021/03/ايدي-10-150x150.jpg	52bd2b9b734be388aeb1042a56eed485055a5b65	8090
docs/media/uploads/2021/03/ايدي-10-165x109.jpg	6c56886bb6cb0ce5dde2422333b367bc409587c1	7351
docs/media/uploads/2021/03/ايدي-10-170x113.jpg	d2b2b4818f95ec07a07c96895d1aac830f9c237f	7868
docs/media/uploads/2021/03/ايدي-10-179x116.jpg	638206c226c82bf639202d0b680866e37a86e1e5	8253
docs/media/uploads/2021/03/ايدي-10-179x120.jpg	f85493a2a7da9e47b399ab52e485d673854ee566	8300
docs/media/uploads/2021/03/ايدي-10-266x179.jpg	fa7ef0639ff1a29ba9838bf2c71422cab4908bdc	15339
docs/media/uploads/2021/03/ايدي-10-274x183.jpg	5a0785d3653bb96b86c07a09bff5aa288b84a4c9	15804
docs/media/uploads/2021/03/ايدي-10-300x200.jpg	578c189adbc2690d0b0471863f239c8fd3237605	17983
docs/media/uploads/2021/03/ايدي-10-333x227.jpg	df4043f548939aeccd9b21cdbc33f03e23286b5d	21450
docs/media/uploads/2021/03/ايدي-10-347x233.jpg	06a2e0321704b177016cef3eeaad98670e381347	22975
docs/media/uploads/2021/03/ايدي-10-359x240.jpg	a19573ca936faa8dc0eba721e7aad3db57c4f8b7	23480
docs/media/uploads/2021/03/ايدي-10-364x245.jpg	78edbf7372ee27a9b8c071bd5e8bcf82619394d0	24438
docs/media/uploads/2021/03/ايدي-10-367x237.jpg	29d492a4007812b6f16a80b59c29e931317af475	23980
docs/media/uploads/2021/03/ايدي-10-36x36.jpg	26bc5baad813fd955e3048a2fb964043dc92db4d	1462
docs/media/uploads/2021/03/ايدي-10-546x300.jpg	08d1d62cc6755056d7ddccc003450ac94571deb2	37501
docs/media/uploads/2021/03/ايدي-10-546x365.jpg	02475715027b05c34a2861873d5e569e9e16379b	44977
docs/media/uploads/2021/03/ايدي-10-576x392.jpg	7e9e9c9abc04221777dd891f8ec1477a5e820392	49212
docs/media/uploads/2021/03/ايدي-10-702x432.jpg	a014920076e31348d66aeb92e969764ce89d036a	59794
docs/media/uploads/2021/03/ايدي-10-765x510.jpg	bc4289fdd52f0d29e8b0d79dc48c9f0f04726e8a	73475
docs/media/uploads/2021/03/ايدي-10-80x54.jpg	9d49870a682973fc162e9ff46978a4541e040d3a	2784
docs/media/uploads/2021/03/ايدي-10-81x55.jpg	898dcff13a9cc69aba77e6d1dad8e7c1c5c030ba	2886
docs/media/uploads/2021/03/ايدي-10-85x57.jpg	450cff28a63f7851cc073ebbe253c3f817b3fee5	3100
docs/media/uploads/2021/03/ايدي-10.jpg	f4fe2ec4d40f65fff8085edda70826db4b3af194	97366
docs/media/uploads/2021/03/ايدي-3-112x75.jpg	cbc3ebbf2cdb7ef770cad339f6ec1b9743e1a1ec	2747
docs/media/uploads/2021/03/ايدي-3-130x87.jpg	d4d43462d3245b9621aee3a609636bd8076a28f2	3440
docs/media/uploads/2021/03/ايدي-3-150x150.jpg	2533add3a1eb69be42ae4c14ce7bd6d932887fa8	5706
docs/media/uploads/2021/03/ايدي-3-165x109.jpg	4f1d24b69150add3841bdb3c896fd5f71f715a48	4940
docs/media/uploads/2021/03/ايدي-3-170x113.jpg	fcfefef32ff19e78a93fb0a72a868a2f269c8a3f	5257
docs/media/uploads/2021/03/ايدي-3-179x116.jpg	8b5a2cc24009fa17054807aace96128cbc20c961	5604
docs/media/uploads/2021/03/ايدي-3-179x120.jpg	dcdb87d8f0f9ca45be2eef735aa7fa2a3653e2e0	5557
docs/media/uploads/2021/03/ايدي-3-266x179.jpg	91effc2b91d10c0af7eecdf443d8597e3b5bc45a	11767
docs/media/uploads/2021/03/ايدي-3-274x183.jpg	1513b3be63a1839b6f20103f2697f6c36adbe1d3	12233
docs/media/uploads/2021/03/ايدي-3-300x200.jpg	69cc9859642124f7a9c36bba34c424ba5c07b7a6	14108
docs/media/uploads/2021/03/ايدي-3-333x227.jpg	01affea671c90fa340063b8994d872f21284ccdc	18175
docs/media/uploads/2021/03/ايدي-3-347x233.jpg	fda06c37b536e84c6e833151ed8b10dac02faa97	19440
docs/media/uploads/2021/03/ايدي-3-359x240.jpg	6a111027ae675b3075c341e43c0966a5a461ae34	20181
docs/media/uploads/2021/03/ايدي-3-364x245.jpg	2a8e583095194af062c8869ccf9f105041a3d1a7	21143
docs/media/uploads/2021/03/ايدي-3-367x237.jpg	022f2842204ef68d384cf440c1119d3527080c9b	20809
docs/media/uploads/2021/03/ايدي-3-36x36.jpg	794f015267a8fb706bb790f4ca8aefdef527f83e	1005
docs/media/uploads/2021/03/ايدي-3-546x300.jpg	b9f9eb548061b85d27537973eac65f080feb5402	39867
docs/media/uploads/2021/03/ايدي-3-546x365.jpg	83f6668c27797be7fd0b5598d0e973ac2cb68054	45970
docs/media/uploads/2021/03/ايدي-3-576x392.jpg	e1ce827a466dc747065c87d07528f9a20cf9480e	51113
docs/media/uploads/2021/03/ايدي-3-702x432.jpg	6254b1542dbb068aa5c5b6b3bedd2f6b5a28dfbc	65042
docs/media/uploads/2021/03/ايدي-3-765x510.jpg	5f6aee558a250991f58dd8bacd0ad32aff04fd5a	79779
docs/media/uploads/2021/03/ايدي-3-80x54.jpg	427420ff79924a4067c67bfd2c1be44788b95ec6	1799
docs/media/uploads/2021/03/ايدي-3-81x55.jpg	69d280c92183bdea1218e5dbc4861d91c58231b6	1884
docs/media/uploads/2021/03/ايدي-3-85x57.jpg	c30443da8e51cebf7f9c96c822d2a792a77130b8	1998
docs/media/uploads/2021/03/ايدي-3.jpg	10266ceb2b9f3acc9e0f0d4ef2c6530ff164abe4	109676
docs/media/uploads/2021/03/ايدي-4-112x75.jpg	85e16ed9a91c73ca297ad5ee009df885d74e9c56	3236
docs/media/uploads/2021/03/ايدي-4-130x87.jpg	974c0a895e51fe49d0e39e19666abd285dfaec84	3900
docs/media/uploads/2021/03/ايدي-4-150x150.jpg	a6ab55668be9c7e83f169c99d14f8aca8fdd2def	6841
docs/media/uploads/2021/03/ايدي-4-165x109.jpg	fd73e7ccb9f2300089e0f7c805cd21fd308d0910	5504
docs/media/uploads/2021/03/ايدي-4-170x113.jpg	e48ecbb1ae5ca1127e77ca509796e72236166f19	5887
docs/media/uploads/2021/03/ايدي-4-179x116.jpg	09a1d6bd73a9d6ece555456ac234079c8ffe2914	6262
docs/media/uploads/2021/03/ايدي-4-179x120.jpg	a7b23726659f69a960a14ce1b4ee8ecfd6501c97	6223
docs/media/uploads/2021/03/ايدي-4-266x179.jpg	d4950e3e96b6db0d99b61c7d25fd91c18a518d3a	11758
docs/media/uploads/2021/03/ايدي-4-274x183.jpg	be78c3308a15332d2ae8733a5be5f135e8063ea5	12298
docs/media/uploads/2021/03/ايدي-4-300x200.jpg	abb2d95d6716e2fa1774d2484a6fc5477a4d25db	14014
docs/media/uploads/2021/03/ايدي-4-333x227.jpg	e6b512057bd245fe3ecd4b8f96cd19fa81392621	16944
docs/media/uploads/2021/03/ايدي-4-347x233.jpg	6407fd02f65acf872836e0675af8cc95cef8bfc4	18050
docs/media/uploads/2021/03/ايدي-4-359x240.jpg	2dbe582d1464e7402c12351852e5e881d0ec0e7d	18664
docs/media/uploads/2021/03/ايدي-4-364x245.jpg	6d85b9941218c7f312f0b8c6c24fb4cf3e254ee3	19258
docs/media/uploads/2021/03/ايدي-4-367x237.jpg	f2ee3ed17216256dcc7e0be8f005f0f7d0ab8d6d	19440
docs/media/uploads/2021/03/ايدي-4-36x36.jpg	8915e0b588ef436ed6f529247b71e7f0db1b02d2	1170
docs/media/uploads/2021/03/ايدي-4-546x300.jpg	90dff2b0bfc983852210629dc259d4cc5d0bdb1b	33482
docs/media/uploads/2021/03/ايدي-4-546x365.jpg	7ab3e1c0746ea6f91d3858ac77d5ee864e9ab690	36461
docs/media/uploads/2021/03/ايدي-4-576x392.jpg	b6f88ce528c380e219bb37fe1a130addd2fd1a2c	39815
docs/media/uploads/2021/03/ايدي-4-702x432.jpg	394f4a9e4fab1eca14d97c95413ec9e332b81966	50491
docs/media/uploads/2021/03/ايدي-4-765x510.jpg	6f5caa81ad0e4876f247f7f7c58365642f2f95f4	59358
docs/media/uploads/2021/03/ايدي-4-80x54.jpg	2371123298cfd983947da63f6c9d78d85eb52564	2061
docs/media/uploads/2021/03/ايدي-4-81x55.jpg	a3fdd3f43edc8767f13ad749e85eb224abb33403	2120
docs/media/uploads/2021/03/ايدي-4-85x57.jpg	7c8ba4cc7f3bc612e6d646cd2dda5282d536fb58	2269
docs/media/uploads/2021/03/ايدي-4.jpg	cfb99e459880b5318e7afef9e3b81390a31295bc	89241
docs/media/uploads/2021/03/ايدي-5-112x75.jpg	8366cc97e0c2b0610ffcd4ffc6b97e675dc4bcc3	3905
docs/media/uploads/2021/03/ايدي-5-130x87.jpg	9b85257e8db996424fc407bd38c9811dc7e4e591	4759
docs/media/uploads/2021/03/ايدي-5-150x150.jpg	9521733866d2373a4d9f2499685fb1395a41d5a5	7345
docs/media/uploads/2021/03/ايدي-5-165x109.jpg	c1828b89f9ff9441ce2b654e5113b0ceeed3f397	6725
docs/media/uploads/2021/03/ايدي-5-170x113.jpg	1b3a7f005cc91c52a0bfae9f18adf23ce57bf3f1	7207
docs/media/uploads/2021/03/ايدي-5-179x116.jpg	4e807d877c5acdb5201f00719cd466fe3b2d5df1	7697
docs/media/uploads/2021/03/ايدي-5-179x120.jpg	cf728b534adefbd7ef5537f3051b6a5d101b2080	7561
docs/media/uploads/2021/03/ايدي-5-266x179.jpg	61c1df13bca68f0c6086b3f2968840762d7d48c9	14322
docs/media/uploads/2021/03/ايدي-5-274x183.jpg	187b36ce1e41ada6b2d60af8546cba1fd22ffbf5	14796
docs/media/uploads/2021/03/ايدي-5-300x200.jpg	4620200f7897d5106bf970c7210d7801f63ec31e	16610
docs/media/uploads/2021/03/ايدي-5-333x227.jpg	339701cb82fcecd53cecf56c5482515edbfa2341	20077
docs/media/uploads/2021/03/ايدي-5-347x233.jpg	0a9ae78f3aca70e8cf1bc1d3af6a2997c5ea8e3a	21523
docs/media/uploads/2021/03/ايدي-5-359x240.jpg	35c5f32e3662b6d9d700fe48d0009601c339637c	22157
docs/media/uploads/2021/03/ايدي-5-364x245.jpg	acc7e3729e68e26ad05193ebf53a0d5dc7bfaf3d	22896
docs/media/uploads/2021/03/ايدي-5-367x237.jpg	137b23e64021dcb7db7b25d73487073f104a7880	22639
docs/media/uploads/2021/03/ايدي-5-36x36.jpg	274cddbb080b1ce00e9f79d0f515f843ad16741c	1291
docs/media/uploads/2021/03/ايدي-5-546x300.jpg	2a5507d9f68981243a0bc3ccf7a52f7a9b85fff7	37292
docs/media/uploads/2021/03/ايدي-5-546x365.jpg	4a3f1aacd17f801e36dc1c1ee2ea3c6ad95c6585	42192
docs/media/uploads/2021/03/ايدي-5-576x392.jpg	90e264f95aa5f29f261d04b85228156b4850854d	45647
docs/media/uploads/2021/03/ايدي-5-702x432.jpg	6c3af0a15e73892fde54c9792db3840f958677fb	56655
docs/media/uploads/2021/03/ايدي-5-765x510.jpg	aebcaed5fbc0a0e34d5192417896f59666619118	67758
docs/media/uploads/2021/03/ايدي-5-80x54.jpg	2ca108d7f30946eb85720e415bf3d8bf3887e239	2431
docs/media/uploads/2021/03/ايدي-5-81x55.jpg	da5f3391cb38f00bc6a7fd84dce400c9ec5561f1	2511
docs/media/uploads/2021/03/ايدي-5-85x57.jpg	09f56382ec887deb8876ea026e248e20c93d53b5	2744
docs/media/uploads/2021/03/ايدي-5.jpg	0b7aced2f80919b18953266263c55002add7d9c5	94069
docs/media/uploads/2021/03/ايدي-6-112x75.jpg	10d4ba1a2b1a877efa4931c3b37ffe75b3ad6b23	2299
docs/media/uploads/2021/03/ايدي-6-130x87.jpg	ced0c8b12b2f38d53db64aea1f6dbd9b90ff74ed	2725
docs/media/uploads/2021/03/ايدي-6-150x150.jpg	f10505f07e7227e414fd103897b2bf02b0ef3cfa	3432
docs/media/uploads/2021/03/ايدي-6-165x109.jpg	8c8ba6755be2e63440a768dbe1986863ab60a472	3563
docs/media/uploads/2021/03/ايدي-6-170x113.jpg	1b626edbc94d02623f9074c0782203fa070cd1d6	3776
docs/media/uploads/2021/03/ايدي-6-179x116.jpg	b634c23e224074b2357ca7a270972b23aaff41ca	4025
docs/media/uploads/2021/03/ايدي-6-179x120.jpg	3248a24c4c6528cc8bd387195ef0f0d6071279c2	3974
docs/media/uploads/2021/03/ايدي-6-266x179.jpg	ffbb0c1a15dc70a48881b32f4a1891747e4da18a	6857
docs/media/uploads/2021/03/ايدي-6-274x183.jpg	f24c979c7af9b338517396c3d5fb9848100a2e75	7252
docs/media/uploads/2021/03/ايدي-6-300x200.jpg	b6bb4be9acdb88901effd4593b39c13965f966ba	8269
docs/media/uploads/2021/03/ايدي-6-333x227.jpg	dc6ef9f94e550f8b39e2f825dc5e658225e3a336	9337
docs/media/uploads/2021/03/ايدي-6-347x233.jpg	c6f18537501b9f77b5bbd48889d9acb3dff3e9de	10146
docs/media/uploads/2021/03/ايدي-6-359x240.jpg	23da526e332af6f2ccc9d0e403888e4043215ae2	10459
docs/media/uploads/2021/03/ايدي-6-364x245.jpg	06afdf5f133f7003d68933862d9cef918fa4b1c1	10862
docs/media/uploads/2021/03/ايدي-6-367x237.jpg	34df6edaebcda198bb6e17c59d34183d3f508ac4	10866
docs/media/uploads/2021/03/ايدي-6-36x36.jpg	219624ef0cee94265724cbc5f43a8d82602dadd6	954
docs/media/uploads/2021/03/ايدي-6-546x300.jpg	09e77f4a6049c1df48e67ad9a62b4103f2256a74	17393
docs/media/uploads/2021/03/ايدي-6-546x365.jpg	d521cb4901ad7cb3b261301cc035fbfc933fb3df	19214
docs/media/uploads/2021/03/ايدي-6-576x392.jpg	51c202a70bdbb33749e0fdd4adb784bd501b8e6c	20594
docs/media/uploads/2021/03/ايدي-6-702x432.jpg	433ceaa80910f11730983db74e756c8bb5fea4c6	26219
docs/media/uploads/2021/03/ايدي-6-765x510.jpg	9a1268e3c4653d5692907b0f3eab604416de87f1	30893
docs/media/uploads/2021/03/ايدي-6-80x54.jpg	ea360d3ce9d8ad4e3cbd751883c22f67480f821e	1631
docs/media/uploads/2021/03/ايدي-6-81x55.jpg	a1a6fc3558a1b5e2a3c0f352406b4c3d75e475d9	1723
docs/media/uploads/2021/03/ايدي-6-85x57.jpg	0859375392a87554c7712de39bf5db78cea13e54	1760
docs/media/uploads/2021/03/ايدي-6.jpg	02b2e39df8280738763d776b2d3909d6f151d378	60051
docs/media/uploads/2021/03/ايدي-7-112x75.jpg	7437248547197b72b7829e294d2abda6aaf5dcd8	4069
docs/media/uploads/2021/03/ايدي-7-130x87.jpg	b93d74d6db248c0386e9f2d96404208976e01d20	5148
docs/media/uploads/2021/03/ايدي-7-150x150.jpg	e5d15f2566a7b9e87d0dc07732e495d28ab3e120	7981
docs/media/uploads/2021/03/ايدي-7-165x109.jpg	cca3e99207071299b0e9fc2a4ea3a204ef7e40a6	7272
docs/media/uploads/2021/03/ايدي-7-170x113.jpg	1bea7094601753a40e781c479f484643e17dcfd2	7826
docs/media/uploads/2021/03/ايدي-7-179x116.jpg	b310b0ee945267e8b7b305f7dbff31b2202c8f47	8349
docs/media/uploads/2021/03/ايدي-7-179x120.jpg	ecb0124ef2b4a871d372495d8d6a03e53879ad4a	8320
docs/media/uploads/2021/03/ايدي-7-266x179.jpg	0eacdcd9ae5e4e64cbf0deb765babdb988d447be	16471
docs/media/uploads/2021/03/ايدي-7-274x183.jpg	a280ce02e4077dfdd6f3cf276a14620b1e2c586f	16936
docs/media/uploads/2021/03/ايدي-7-300x200.jpg	66a3f44f47b276f2bcc21ff6da1830daf4acc9cc	19327
docs/media/uploads/2021/03/ايدي-7-333x227.jpg	116627c3d8f96a22ae0c04561f84650dabf842ed	23986
docs/media/uploads/2021/03/ايدي-7-347x233.jpg	fa48852830e3fd1293ab689ea875745ef841817a	25570
docs/media/uploads/2021/03/ايدي-7-359x240.jpg	d0ce70571104a992ed0d28df355a4b7e5643868e	26296
docs/media/uploads/2021/03/ايدي-7-364x245.jpg	e75045fa7b62af8c2ea517cf8a7e91138e5565a5	27492
docs/media/uploads/2021/03/ايدي-7-367x237.jpg	9dc0cad63e80585041e35d6a4cc6bfe77dc7a356	26821
docs/media/uploads/2021/03/ايدي-7-36x36.jpg	47719ab63c9ce21c21b0b81714cbf26edf90ed64	1261
docs/media/uploads/2021/03/ايدي-7-546x300.jpg	5395f276170e6f2177376740144878c9c5269f4a	44248
docs/media/uploads/2021/03/ايدي-7-546x365.jpg	4e3b346cde734611fcc75eebfbae260ebcf7b424	53013
docs/media/uploads/2021/03/ايدي-7-576x392.jpg	f5f55fae7ed9ea136fdb50c4dd4cfd3ca234d602	57569
docs/media/uploads/2021/03/ايدي-7-702x432.jpg	1c37e304f2510814ab2fee85b35c633a6abdbe7e	70765
docs/media/uploads/2021/03/ايدي-7-765x510.jpg	3f657cd8e820ec53696877550564399e6c3e2a1e	86871
docs/media/uploads/2021/03/ايدي-7-80x54.jpg	b05a044ef1fa1071320dafbb5fcd2f75ca1db173	2497
docs/media/uploads/2021/03/ايدي-7-81x55.jpg	c0e4fd0c829e32d58550b8bee99d8d35cd00a3ca	2617
docs/media/uploads/2021/03/ايدي-7-85x57.jpg	5cc55ed2f5f99b3c7be41ae1cb2c8fde3ff7c701	2848
docs/media/uploads/2021/03/ايدي-7.jpg	1d3ab7c9e5f61e0913684538f43c9096166235bf	117570
docs/media/uploads/2021/03/ايدي-8-112x75.jpg	d4f0a043b10e39416ae216d8f9f07511f7416682	2644
docs/media/uploads/2021/03/ايدي-8-130x87.jpg	fee40c30766735bc9098ede642cc7d1a2b206559	3159
docs/media/uploads/2021/03/ايدي-8-150x150.jpg	6f6b30c8e878aa60be9484641bdec703b22fc4cc	5249
docs/media/uploads/2021/03/ايدي-8-165x109.jpg	438146e7b843320bc5b1825c95327ee94e3a39d2	4415
docs/media/uploads/2021/03/ايدي-8-170x113.jpg	575f9e6b4624187440363eeb051db0fac256ccee	4685
docs/media/uploads/2021/03/ايدي-8-179x116.jpg	ed81969690d8f8327a8115aa9fa811193bedc2a2	5032
docs/media/uploads/2021/03/ايدي-8-179x120.jpg	892b42beb29eeb0f385b2f52dfa2f9c4c438c1bf	5019
docs/media/uploads/2021/03/ايدي-8-266x179.jpg	d9d5c62a4181187e4c6d80f63745ddb00c975c01	9773
docs/media/uploads/2021/03/ايدي-8-274x183.jpg	eab3e09ea8a68d8d19f635a0dc7c89e0d4fdf474	10434
docs/media/uploads/2021/03/ايدي-8-300x200.jpg	f991e54cc29b2c0f9e3a092ebdeb64d4d091b16e	12163
docs/media/uploads/2021/03/ايدي-8-333x227.jpg	a1ac50fa7e95b99834b3a5e18cc21b5382b34db1	14710
docs/media/uploads/2021/03/ايدي-8-347x233.jpg	6241a3e2f8b36c5f1e15b6bb469ad3641022dea6	16088
docs/media/uploads/2021/03/ايدي-8-359x240.jpg	f655212c9e9d2a3c841f4d08409692ad6d43b191	16787
docs/media/uploads/2021/03/ايدي-8-364x245.jpg	4f1f69f5f231c0e3e72bcc7fa0abcfed25581be2	17146
docs/media/uploads/2021/03/ايدي-8-367x237.jpg	88b6731156d33975bef5492a92d25db8109ba3d6	17215
docs/media/uploads/2021/03/ايدي-8-36x36.jpg	e57a1928bf7adef9cf3c8b7bd39b9734ecd8370d	1027
docs/media/uploads/2021/03/ايدي-8-546x300.jpg	2ee793754e273fae4201e63b8bfb588722e0c57e	29663
docs/media/uploads/2021/03/ايدي-8-546x365.jpg	0900d506cb33168f8e8be35d30ac5acaccceae5e	34855
docs/media/uploads/2021/03/ايدي-8-576x392.jpg	e372d50c1a46a4f1f0bbcea7f337c9bd84a88b12	38318
docs/media/uploads/2021/03/ايدي-8-702x432.jpg	d23773c952fc5a3d9e41eaa32340277b043fa210	47703
docs/media/uploads/2021/03/ايدي-8-765x510.jpg	29a52531af33c17bf17d7aa0924750958c70fc6f	58827
docs/media/uploads/2021/03/ايدي-8-80x54.jpg	6760a1a465922e10e0b5e7055670159faaac3ef0	1639
docs/media/uploads/2021/03/ايدي-8-81x55.jpg	26ae5104a37ed61f76357f4259a85c2dc1e7455e	1714
docs/media/uploads/2021/03/ايدي-8-85x57.jpg	81202f3c72ca5a39e9129891c05393ecf9a09655	1849
docs/media/uploads/2021/03/ايدي-8.jpg	d1b661154f8a5e13efd95fee59907ba639f5dcf6	85915
docs/media/uploads/2021/03/ايدي-9-112x75.jpg	d64e8aeba92ef164a9021c9f94a10e7c8890b89a	2977
docs/media/uploads/2021/03/ايدي-9-130x87.jpg	281b7e1b477910258b51afe95b62d66d13b0a000	3641
docs/media/uploads/2021/03/ايدي-9-150x150.jpg	ecd1ce5b9e436485d29a9cd3a191fc1d2b189a1f	5962
docs/media/uploads/2021/03/ايدي-9-165x109.jpg	4825cf1be9d231b0848e5fac38ce8bf7f02265b9	5205
docs/media/uploads/2021/03/ايدي-9-170x113.jpg	84179d89f95ce22da7f9854397de724f465c09e0	5490
docs/media/uploads/2021/03/ايدي-9-179x116.jpg	5a612645a2de095e32f173275e75358944ffb156	5886
docs/media/uploads/2021/03/ايدي-9-179x120.jpg	30c0ad52cb1b2c3c32240e26907e1fc5e3752322	5799
docs/media/uploads/2021/03/ايدي-9-266x179.jpg	054e61a5538ecfa5860e3de683950f6519add41a	11306
docs/media/uploads/2021/03/ايدي-9-274x183.jpg	8fef723edc2008f69e10d40c85e2733632728204	11892
docs/media/uploads/2021/03/ايدي-9-300x200.jpg	dc891da6f65e15cffb859cddebc5b4d83c7bd76b	13652
docs/media/uploads/2021/03/ايدي-9-333x227.jpg	7802ffa65e440f4ba35c11a1842fb54a29d2c15a	16635
docs/media/uploads/2021/03/ايدي-9-347x233.jpg	8da82d884b2393ed2f138968ca17b7c479621399	17865
docs/media/uploads/2021/03/ايدي-9-359x240.jpg	686e66cc5a28b5613a85d6ee8e3b7468d58f8375	18581
docs/media/uploads/2021/03/ايدي-9-364x245.jpg	b4b1c0309f2082908610e078a601d9ee54ce3dcd	18906
docs/media/uploads/2021/03/ايدي-9-367x237.jpg	1afea3640ae9df3ce5c6631966515a5d0b797bd8	18997
docs/media/uploads/2021/03/ايدي-9-36x36.jpg	19e81a8754c922873bf9c3ebccc605e3f6e9fef7	1086
docs/media/uploads/2021/03/ايدي-9-546x300.jpg	d7d3e315b60dfe464c79eda22036f160ce6aebc5	31226
docs/media/uploads/2021/03/ايدي-9-546x365.jpg	e3d7cd2736ade1ce2600865dcd9759a1e3bf83c4	36921
docs/media/uploads/2021/03/ايدي-9-576x392.jpg	a690c10a8f56f4452c8cf77351c19cb8279a90de	40229
docs/media/uploads/2021/03/ايدي-9-702x432.jpg	62e2ebffb57d7c769698e28c4720e745e1bc81a5	49130
docs/media/uploads/2021/03/ايدي-9-765x510.jpg	24845bdbadec584625bc5f3ad8178bfed25a9ade	60876
docs/media/uploads/2021/03/ايدي-9-80x54.jpg	e5383f6c4afa403d7d3150ad08f81e94b5887171	1872
docs/media/uploads/2021/03/ايدي-9-81x55.jpg	3bef7baa5c6121e4d5fd6052ab1bb3caf6557893	1956
docs/media/uploads/2021/03/ايدي-9-85x57.jpg	78ae1cbbe1b0b182d8b2d6dfbcc73f0000d1bbcf	2071
docs/media/uploads/2021/03/ايدي-9.jpg	eeaa6186aa689c190bdac5f083c0a89fa12a3198	89284
docs/media/uploads/2021/03/ايدي2-112x75.jpg	34b069f878544f23450b7b358b28e8f852391e79	3657
docs/media/uploads/2021/03/ايدي2-130x87.jpg	43c09ce2240247b06757ce41c395b49aaf6d8d56	4552
docs/media/uploads/2021/03/ايدي2-150x150.jpg	04a00864df1910190134c094216a2bd6f1d66dc7	6755
docs/media/uploads/2021/03/ايدي2-165x109.jpg	19e4369b9940e5d0f67ca6e9520571bfa0b946e2	6317
docs/media/uploads/2021/03/ايدي2-170x113.jpg	4257b39f1ef155138485b9995d4170dfc32ebfc7	6763
docs/media/uploads/2021/03/ايدي2-179x116.jpg	e0dd84b5bcab55241c43448272920ac918ddf130	7147
docs/media/uploads/2021/03/ايدي2-179x120.jpg	2cb76052189bb7351fae161ebbb9b89a4f2f2e91	7105
docs/media/uploads/2021/03/ايدي2-266x179.jpg	947b10c872b6ff9ce22dc51a4887747c393ff006	13615
docs/media/uploads/2021/03/ايدي2-274x183.jpg	8d78512a315fdeacad3834747136d64d03dbd45c	14023
docs/media/uploads/2021/03/ايدي2-300x200.jpg	fe43444f9abc3b8b2f76aaeab8e21c3e306a0696	16006
docs/media/uploads/2021/03/ايدي2-333x227.jpg	08b200c2663c18fd4c666ae0460cbbcf4d42cb42	19301
docs/media/uploads/2021/03/ايدي2-347x233.jpg	662d20d564a4e5a8eed7747e787a547a4768c26f	20883
docs/media/uploads/2021/03/ايدي2-359x240.jpg	48072a63320ae75609cd6aa6ba09d78d33642a0f	21536
docs/media/uploads/2021/03/ايدي2-364x245.jpg	be1fe75022c46208f421f2e0f89aba9b00c07eb9	22385
docs/media/uploads/2021/03/ايدي2-367x237.jpg	6ca109f6e38fad3f06349ad96726395e5bec1206	22069
docs/media/uploads/2021/03/ايدي2-36x36.jpg	b6d790ba9690f8d727eb2cf87804bcb629047e9d	1252
docs/media/uploads/2021/03/ايدي2-546x300.jpg	5b44ebb885ce2c17ca964f44686c3e8a92aff43f	38571
docs/media/uploads/2021/03/ايدي2-546x365.jpg	c33a1f70ae75ac0c233762d5ae0778e8c4485454	43234
docs/media/uploads/2021/03/ايدي2-576x392.jpg	424b1de48523372fed51fe992aef59cef4127516	47186
docs/media/uploads/2021/03/ايدي2-702x432.jpg	f51554e9eeaa0d0acb72cfbcc0b91e9d070eab17	59807
docs/media/uploads/2021/03/ايدي2-765x510.jpg	7b5507f9a89ca28c75329a5d9c5999abbab2fbbf	71401
docs/media/uploads/2021/03/ايدي2-80x54.jpg	39c632f638ab36d479eb9cbaecb309cd6dec89c1	2349
docs/media/uploads/2021/03/ايدي2-81x55.jpg	8fe1768712fd97f0ee185dfcb07d4cc5e367af93	2440
docs/media/uploads/2021/03/ايدي2-85x57.jpg	8af28aa7a59eb956772d6a127027a0ad27b509ce	2631
docs/media/uploads/2021/03/ايدي2.jpg	f5b237786c81120732935fea5d95ee6c767f9b4a	100097
docs/media/uploads/2021/03/جائزة-112x75.jpg	67c837ac8895f9fd3dc95cf07c4dc5d996324b0f	4240
docs/media/uploads/2021/03/جائزة-130x87.jpg	9d4a9d58f6896ded7d7b690eca2268792e0974a6	5042
docs/media/uploads/2021/03/جائزة-150x150.jpg	c1782451e51d6ac0aad985ff823ca41e6b8cfc31	8241
docs/media/uploads/2021/03/جائزة-165x109.jpg	4a647d92f32371705a2f3ea314432a865254244e	7188
docs/media/uploads/2021/03/جائزة-170x113.jpg	2ec07a5a2a118c02d76e8fa6fd03432a0734580a	7462
docs/media/uploads/2021/03/جائزة-179x116.jpg	ce576405e04f33cfea987de3ea60da39a8128c6d	8241
docs/media/uploads/2021/03/جائزة-179x120.jpg	65659eb6f96ee0dc1dcf30c945166569248f4d67	8297
docs/media/uploads/2021/03/جائزة-266x179.jpg	3fa31753c39204e33ab6172c8f838332c1df95bf	15706
docs/media/uploads/2021/03/جائزة-274x183.jpg	7ef0c0983dbde2bd0ac094fd32a6cf7ccbccd691	15674
docs/media/uploads/2021/03/جائزة-300x200.jpg	28c2d027d088b04b09f0b09a3ecfbb4ec9c30f24	18356
docs/media/uploads/2021/03/جائزة-333x227.jpg	061a3026360358fe3e8bebe24f732846c826baa8	22106
docs/media/uploads/2021/03/جائزة-347x233.jpg	bb32f6bb4a666befb2cc4c1f6d3163307ebea847	23846
docs/media/uploads/2021/03/جائزة-359x240.jpg	f8f33db38a2f520e876c03a19e4ed0cc3cdd61f5	24018
docs/media/uploads/2021/03/جائزة-364x245.jpg	d3ce7c82856c4f90ee0a9651e343d46cc86c14bb	25113
docs/media/uploads/2021/03/جائزة-367x237.jpg	0e8b2919889e198813e942d94144ab6e0c49a687	24735
docs/media/uploads/2021/03/جائزة-36x36.jpg	a51c639be47b83cbc510847ad93b397a6b6d4d43	1367
docs/media/uploads/2021/03/جائزة-546x300.jpg	ea3384897153abca7987ce2dd05a0c480b58e0cd	38732
docs/media/uploads/2021/03/جائزة-546x365.jpg	96738baabedd66d3e2f88f6922d869bebb44c008	45894
docs/media/uploads/2021/03/جائزة-576x392.jpg	ec3df8b4d847cc0e79ee61cf79941449e7dd2e29	50476
docs/media/uploads/2021/03/جائزة-702x432.jpg	8035dd08968347dd6a2e240558981903e53a2884	61551
docs/media/uploads/2021/03/جائزة-765x510.jpg	41c6b9cb37547f1769b3de7eedcbf7641a6df6d6	73221
docs/media/uploads/2021/03/جائزة-80x54.jpg	77d9b12ad8ac765079088847d4bd081fa3e3731f	2649
docs/media/uploads/2021/03/جائزة-81x55.jpg	d17f1896b9965902970ed8582d924765c85931a5	2738
docs/media/uploads/2021/03/جائزة-85x57.jpg	e454e936f8d598e92d42ca6bd9d37285ba731f03	2777
docs/media/uploads/2021/03/جائزة.jpg	6b27353c4cbf6027073db1e8de8dcfbe06520b52	102776
docs/media/uploads/2021/03/خبر-غير-صحيح-112x75.jpg	952de797ceaf3ac0d4e0ce5607648cda3f61e5f2	3596
docs/media/uploads/2021/03/خبر-غير-صحيح-130x87.jpg	04e1e6b13445a23bf70463829c2cce09ca735759	4312
docs/media/uploads/2021/03/خبر-غير-صحيح-150x150.jpg	0558b890e0a3170ce1656dd4c0e8c58aff0128b5	6730
docs/media/uploads/2021/03/خبر-غير-صحيح-165x109.jpg	bbefe0a329e24a494be35d57b9a67364305b3189	6042
docs/media/uploads/2021/03/خبر-غير-صحيح-170x113.jpg	6d6331e474c0a87b068a462859703a81eb0c6d0b	6458
docs/media/uploads/2021/03/خبر-غير-صحيح-179x116.jpg	d34b95452602e4b47c8e45c6f4df2ad3335eaa2d	6861
docs/media/uploads/2021/03/خبر-غير-صحيح-179x120.jpg	1688dfba3a8c124ec0ef2362e4e5607462f7f6c8	6784
docs/media/uploads/2021/03/خبر-غير-صحيح-266x179.jpg	999ff2aed4aaa72608d415d8198bee519ce04517	12214
docs/media/uploads/2021/03/خبر-غير-صحيح-274x183.jpg	53ac0408f53f3096f1400413a9ca3197ea0b1d06	12851
docs/media/uploads/2021/03/خبر-غير-صحيح-300x200.jpg	dc1cf73f534767fd39a0d62f0c8432084ecadfd8	14325
docs/media/uploads/2021/03/خبر-غير-صحيح-333x227.jpg	949b19d7ee349aacd1eae7825d7724cffa6b4b33	17078
docs/media/uploads/2021/03/خبر-غير-صحيح-347x233.jpg	92b45ebd7470ac55530ec8990c5e22931a94f122	18356
docs/media/uploads/2021/03/خبر-غير-صحيح-359x240.jpg	7e4f617fbff9af170a98dcde830d3a8fd869bd73	18800
docs/media/uploads/2021/03/خبر-غير-صحيح-364x245.jpg	da2d7bce189e4e5f3612284586e35bb91325cdf8	19336
docs/media/uploads/2021/03/خبر-غير-صحيح-367x237.jpg	4453be25ee5c2b2332856a8866ef207350113a00	19613
docs/media/uploads/2021/03/خبر-غير-صحيح-36x36.jpg	d0c40741264b77884752003b3efd8ec3152c0745	1270
docs/media/uploads/2021/03/خبر-غير-صحيح-546x300.jpg	1f6beb3a636816a01d6bd9b69b939460b88af911	33034
docs/media/uploads/2021/03/خبر-غير-صحيح-546x365.jpg	f01faba6d0933e00788e38d71da23c59454fa3d6	35900
docs/media/uploads/2021/03/خبر-غير-صحيح-576x392.jpg	81b711ec34bfbefa762e6d195ebed330b2207a6b	38535
docs/media/uploads/2021/03/خبر-غير-صحيح-702x432.jpg	93e6cc3e3055411b14104cf48359fdb6c3e29e45	48870
docs/media/uploads/2021/03/خبر-غير-صحيح-765x510.jpg	05ad4c0b7fd89ef12213865c35624fee2f1d331e	56744
docs/media/uploads/2021/03/خبر-غير-صحيح-80x54.jpg	2862d8412869a8d8f69ed65d9141d288c92efe8b	2268
docs/media/uploads/2021/03/خبر-غير-صحيح-81x55.jpg	966d7511402941ec84b4dc2987ae42e054614097	2368
docs/media/uploads/2021/03/خبر-غير-صحيح-85x57.jpg	75c347fde459d7cf303786e2f96bdf5882af8e2f	2530
docs/media/uploads/2021/03/خبر-غير-صحيح.jpg	7ffa84f1d217de88fbf26e1e3757550893064072	87606
docs/media/uploads/2021/07/1jpg-112x75.jpg	435b457e48a5e835f0d3ff99351d07e028eca0b5	3855
docs/media/uploads/2021/07/1jpg-130x87.jpg	c8b7971f4dd760627f4da97ba90eb8c2f094954b	4808
docs/media/uploads/2021/07/1jpg-150x150.jpg	fb7dbd421af68401a412e89095fc2044a3f5c979	7919
docs/media/uploads/2021/07/1jpg-165x109.jpg	56f3790a972f4645b34240163cc4b4d403d7a39d	6888
docs/media/uploads/2021/07/1jpg-170x113.jpg	c7668f34174a47cc1d4ee6a21bb9c206aaf2dd3a	7425
docs/media/uploads/2021/07/1jpg-179x116.jpg	e183bc6a2d3961b760f5b809647eb63c85372d71	7854
docs/media/uploads/2021/07/1jpg-179x120.jpg	99967688871c95d4be482730dc94364b9ce218e5	7818
docs/media/uploads/2021/07/1jpg-266x179.jpg	4148de84ea432060fb6864b90195e9195b119976	15489
docs/media/uploads/2021/07/1jpg-274x183.jpg	dc5a8845c51950094e8be9d82b2bfc43a309dade	15876
docs/media/uploads/2021/07/1jpg-300x200.jpg	9652350f982d6ef47f6a0369cb930af4da846014	18091
docs/media/uploads/2021/07/1jpg-333x227.jpg	64e8e4f8777724e649acd96e51920e7fe46ea4f1	22144
docs/media/uploads/2021/07/1jpg-347x233.jpg	1c247140cb7d6aabb86e1338c021481a14ae10a9	23637
docs/media/uploads/2021/07/1jpg-359x240.jpg	c588a4055429de8476ea372452fa50d1bc12c737	24434
docs/media/uploads/2021/07/1jpg-364x245.jpg	de5df4483e7999960d433f8e04dc87dad555eea0	25290
docs/media/uploads/2021/07/1jpg-367x237.jpg	21233144c948685618df285b1483de49e10ddfbf	24644
docs/media/uploads/2021/07/1jpg-36x36.jpg	b7bfcdfea0cd2353d053d990e55cd10118820509	1245
docs/media/uploads/2021/07/1jpg-546x300.jpg	a3d34b06ee08afba6743529cd1426ea7f0fc1674	39636
docs/media/uploads/2021/07/1jpg-546x365.jpg	da9b56c3c554f647d00989907e0a7eb41a68cca0	47117
docs/media/uploads/2021/07/1jpg-576x392.jpg	5f2e33753ac4553a7801cb597a5f3c3e618b585f	51028
docs/media/uploads/2021/07/1jpg-702x432.jpg	2681f27b2b4d49eed2dfd7d3cc1a6ea43d3dc654	61679
docs/media/uploads/2021/07/1jpg-765x510.jpg	870e95b3d08ed80dce654d2682c57d7504d8ac72	75392
docs/media/uploads/2021/07/1jpg-80x54.jpg	364db86e914ebea198a1fd9f89c411abd11d05e0	2371
docs/media/uploads/2021/07/1jpg-81x55.jpg	e4462b4816b24c00c351a2345dad8f263db7d281	2491
docs/media/uploads/2021/07/1jpg-85x57.jpg	34969b294ecd180c1f3336a9f2e758c135e09549	2667
docs/media/uploads/2021/07/1jpg.jpg	913a0a3c5a9773664fb5a1e40894ff13b9a7e20d	101274
docs/media/uploads/2021/07/2-112x75.jpg	06c2672a24b3922e6ed9158a40a355931995b962	3810
docs/media/uploads/2021/07/2-130x87.jpg	de6a87324fe2895fb6cc481e66b82ebb5865deba	4863
docs/media/uploads/2021/07/2-150x150.jpg	e7a668911bf01b49c69831adebdc684e42f7a8af	8587
docs/media/uploads/2021/07/2-165x109.jpg	5c8d77437d2f3da64b0421464429f5d216f17969	7248
docs/media/uploads/2021/07/2-170x113.jpg	741cd77518b2b76e4637377899403f65d677ea43	7816
docs/media/uploads/2021/07/2-179x116.jpg	49e00dec48ac4081d6ce2426c659f32d0f9a0360	8332
docs/media/uploads/2021/07/2-179x120.jpg	18d424c954d1a563f649c2fc94699fd1a496bc4e	8402
docs/media/uploads/2021/07/2-266x179.jpg	483720ac1c71842a7562a3caf6017e6596c09044	17870
docs/media/uploads/2021/07/2-274x183.jpg	242dd64dd21745ce1b29f5fa94da8523bc2d62e3	18529
docs/media/uploads/2021/07/2-300x200.jpg	805c5d6dd7d8b149b42de7c245757e488fb5f2d4	21292
docs/media/uploads/2021/07/2-333x227.jpg	abe28e998420718796d285f2177715b625ba55b7	27365
docs/media/uploads/2021/07/2-347x233.jpg	4eea935f007496247e0fc79bb0af3e6b202809d9	29330
docs/media/uploads/2021/07/2-359x240.jpg	e282b96c353d1a8c4473db1ea141d9b9cb4047b9	30642
docs/media/uploads/2021/07/2-364x245.jpg	0455992a3b57069db51faab17a498fc612488739	31940
docs/media/uploads/2021/07/2-367x237.jpg	e74489c40a7d00c118f48d46a7413c7d60e2b133	31069
docs/media/uploads/2021/07/2-36x36.jpg	b18d0cd3264dca1f07824c9e87ac0f0722b8b967	1186
docs/media/uploads/2021/07/2-546x300.jpg	96e4abce4b1ae496ed90c0cb48b54ac46806a92a	55159
docs/media/uploads/2021/07/2-546x365.jpg	ae4349c566aa762f885eca5fcdc145553ae4add0	67290
docs/media/uploads/2021/07/2-576x392.jpg	db51d2378182e2c29c11a68597645b9cda7ef5d3	74726
docs/media/uploads/2021/07/2-702x432.jpg	3c7ddf3d1815de17d48d11aabba821b5c4eb912a	93015
docs/media/uploads/2021/07/2-765x510.jpg	6c3c3c04b735a6f0c8253cf06f3ca00c18c4f598	115193
docs/media/uploads/2021/07/2-80x54.jpg	c417a91cb2dba16ec61bde6492c658c71a87b3ef	2265
docs/media/uploads/2021/07/2-81x55.jpg	fb6705d18308b9042347238919cb91d94c192f0f	2389
docs/media/uploads/2021/07/2-85x57.jpg	43007acc1e39d341e63e32e2b22ff7edd2f3ffed	2552
docs/media/uploads/2021/07/2.jpg	068d2eb303a17c8f9d7d160939bbab498af4ce56	149432
docs/media/uploads/2021/07/3jpg-112x75.jpg	c2c03b442361fcafd714cee9c3b6c73220d6e4b3	4133
docs/media/uploads/2021/07/3jpg-130x87.jpg	5122cd26ef0578251c9cc8dd7bc17c00ac3c21ce	5230
docs/media/uploads/2021/07/3jpg-150x150.jpg	9a1422bff1df1c7b1c6ac51084f02912a8dc68fe	8628
docs/media/uploads/2021/07/3jpg-165x109.jpg	c957cd246ca1352ad0e1a770cadb51065f965d6d	7625
docs/media/uploads/2021/07/3jpg-170x113.jpg	e1aad4c58b884e7a4316e6d9806434b53ec72afa	8155
docs/media/uploads/2021/07/3jpg-179x116.jpg	747a13db162bf40fc03f7aa5dbf556a24dbbb996	8695
docs/media/uploads/2021/07/3jpg-179x120.jpg	e7b14d494d269abd790efadb66e2b7d603e9834b	8758
docs/media/uploads/2021/07/3jpg-266x179.jpg	1b15d817386038eac29a5d6462cdd08560880a79	17781
docs/media/uploads/2021/07/3jpg-274x183.jpg	1a4b22ec189c23f7f62a4a5110cbd9f8dd438fdb	18280
docs/media/uploads/2021/07/3jpg-300x200.jpg	55063a012a51773c7b0e254fa1999776f0a61245	20940
docs/media/uploads/2021/07/3jpg-333x227.jpg	dbb972230c80aacd7b5578ae7e987ee967d4df36	25941
docs/media/uploads/2021/07/3jpg-347x233.jpg	b33e2139dad277155c0db233221aa3fb8bebb9c2	27920
docs/media/uploads/2021/07/3jpg-359x240.jpg	5edf3179eb76f7df4da6e7d52d2018afdf7362d5	28829
docs/media/uploads/2021/07/3jpg-364x245.jpg	16e2d1e894ad3b863031e513fcfdcfa44df4423f	30096
docs/media/uploads/2021/07/3jpg-367x237.jpg	2a08349f079e9ff7bdf513425854a682f09a5848	29344
docs/media/uploads/2021/07/3jpg-36x36.jpg	2f92488913568e6adc3c8f7225e52e929c22a4ea	1242
docs/media/uploads/2021/07/3jpg-546x300.jpg	33c4252a747f024237fbf2b0c139c3edeca9af03	49344
docs/media/uploads/2021/07/3jpg-546x365.jpg	be25c34bdfbd64ef20368bff57c53e2227f68cb9	58871
docs/media/uploads/2021/07/3jpg-576x392.jpg	6ace76d088ad59bfacbd0321b570f7cbc67a4669	64317
docs/media/uploads/2021/07/3jpg-702x432.jpg	727344cc812a1f062d3c992da896717167566957	78716
docs/media/uploads/2021/07/3jpg-765x510.jpg	13319f5ed6ab67b51ba408386382541bd2427f6d	96493
docs/media/uploads/2021/07/3jpg-80x54.jpg	74c1385b92b9eaf550d6f239c52b689273e48b96	2472
docs/media/uploads/2021/07/3jpg-81x55.jpg	adbd7d2195d6ce5396e0b7c8678ce739c4b39f5d	2586
docs/media/uploads/2021/07/3jpg-85x57.jpg	b489e74bd69b523b60d7dca631301847c6d3f4ba	2797
docs/media/uploads/2021/07/3jpg.jpg	3fa8620ee711458731e183e0c195e188cc2b58bd	77829
docs/media/uploads/2021/07/4-112x75.jpg	a693f748d2721ce3f4d47f28cf848b295e77c495	3483
docs/media/uploads/2021/07/4-130x87.jpg	6de669c09db3bf47d062b12e834dfee349d5eb5d	4252
docs/media/uploads/2021/07/4-150x150.jpg	859f025d6cb3ee5256f417ff895795413d50d8b9	8422
docs/media/uploads/2021/07/4-165x109.jpg	b0ccfd003e41fbaa18347c74decabafe272f17f2	5769
docs/media/uploads/2021/07/4-170x113.jpg	2775760d7673bb398f31dcb12e7bbf821d903db4	6449
docs/media/uploads/2021/07/4-179x116.jpg	c31adcc7b906cc86c4fda11c74fda0d3bf260935	6914
docs/media/uploads/2021/07/4-179x120.jpg	715196cb9569e8dc41e5e47e9ad9296d5a0462d9	6738
docs/media/uploads/2021/07/4-266x179.jpg	ac8f322c115135eef24007f3f3b7893a0be342d4	12659
docs/media/uploads/2021/07/4-274x183.jpg	13897cf50c532fb8e29c9d5b13aaf04de2d25776	13420
docs/media/uploads/2021/07/4-300x200.jpg	0bc6d01a6c34111e982501ee96149d6faff40214	15002
docs/media/uploads/2021/07/4-333x227.jpg	4cd48212880cd2ab7d3ca09dcbad332255cf294f	18624
docs/media/uploads/2021/07/4-347x233.jpg	a9c987d9e04a8f98e7fe2033f0b51b3bc0e79b6a	19280
docs/media/uploads/2021/07/4-359x240.jpg	e0cd9c774d856ed5bf65536e5dae20f902c49c0c	20150
docs/media/uploads/2021/07/4-364x245.jpg	3961ae20e1c2310cee2045f99a0740d9025fb4dc	20432
docs/media/uploads/2021/07/4-367x237.jpg	f920cbc4e26b55645ef1bbab646c7716668dbad7	20774
docs/media/uploads/2021/07/4-36x36.jpg	f10f268b98b84b14e6f0808fd6e6ae1c027b0dbf	1283
docs/media/uploads/2021/07/4-546x300.jpg	de34b64f6b9eb67cc0aa9b18426b2b32305eadcf	30905
docs/media/uploads/2021/07/4-546x365.jpg	311f633730bea2e5d13755e2719462092adde62c	38233
docs/media/uploads/2021/07/4-576x392.jpg	f73fb6f95b242ad4e88d4011fad22ad72f8c8f2b	41477
docs/media/uploads/2021/07/4-702x432.jpg	96da66e28fad382902adaeb82df21040c2a5b2a9	50124
docs/media/uploads/2021/07/4-765x510.jpg	bdb10f656bf9dc601b79b9e2e5944f463dbe4665	60869
docs/media/uploads/2021/07/4-80x54.jpg	16acb949f47c0e70a96ff3ec9a136f3aee9defa8	2147
docs/media/uploads/2021/07/4-81x55.jpg	d7a35cb4710fea785e027744880e21f536a108da	2235
docs/media/uploads/2021/07/4-85x57.jpg	6dd240b212a96e9c22edd8d756ec52c370aaaca9	2364
docs/media/uploads/2021/07/4.jpg	b3de9586ea84e06ab8a6de5c77ed961d59f8606a	93446
docs/media/uploads/2021/07/غبريال-عبد-النور-1-112x75.jpg	e74cc3d81a0164ba3034f3735e0929f2d325ed38	2955
docs/media/uploads/2021/07/غبريال-عبد-النور-1-130x87.jpg	bbe60e2df91803ab775774fc96ece5fc716d2394	3599
docs/media/uploads/2021/07/غبريال-عبد-النور-1-150x150.jpg	a9403263e3694cf2d0d9a33aa2c38eac17a37acb	6019
docs/media/uploads/2021/07/غبريال-عبد-النور-1-165x109.jpg	6ad8c37e76a6fbbd90dbc46163ec1aeae0a166e5	5148
docs/media/uploads/2021/07/غبريال-عبد-النور-1-170x113.jpg	f2f2152184d9af317b59ec2488c7f45b6aaf0b5c	5545
docs/media/uploads/2021/07/غبريال-عبد-النور-1-179x116.jpg	c8c303476da3ab581c77ed6dc68c88fe3d9f2471	5887
docs/media/uploads/2021/07/غبريال-عبد-النور-1-179x120.jpg	decb7592278e84dd993cec17f3acc047373e3293	5792
docs/media/uploads/2021/07/غبريال-عبد-النور-1-266x179.jpg	a65e77533cf1856e5360a4d3ad306b6aa789f8ed	12062
docs/media/uploads/2021/07/غبريال-عبد-النور-1-274x183.jpg	10bbe33d3ac6897257dfe86bed3c6b9ff25ef988	12445
docs/media/uploads/2021/07/غبريال-عبد-النور-1-300x200.jpg	4a88e23ce6ad12da07875aedad6c230f15ea1d7b	14192
docs/media/uploads/2021/07/غبريال-عبد-النور-1-333x227.jpg	9fb86ef81cc16f527d1d7d197bb6aa5b9e1dbd5e	17947
docs/media/uploads/2021/07/غبريال-عبد-النور-1-347x233.jpg	69d5303ef3dc8bfed3d3b14ecdc86e740efd819f	19117
docs/media/uploads/2021/07/غبريال-عبد-النور-1-359x240.jpg	cfdac595334786b4af01b2e55f3fa47b376625c4	19708
docs/media/uploads/2021/07/غبريال-عبد-النور-1-364x245.jpg	18e5e7526173a1e6b7f2d591c2a5001597b76a65	20601
docs/media/uploads/2021/07/غبريال-عبد-النور-1-367x237.jpg	85117a325a9183926d505e244ceb58e2cad77752	20211
docs/media/uploads/2021/07/غبريال-عبد-النور-1-36x36.jpg	ffb8a469ed143b239d476d9909ffa52a541663cf	1039
docs/media/uploads/2021/07/غبريال-عبد-النور-1-546x300.jpg	425e46933e9321c3d79700e31406fbb9588a34a9	33355
docs/media/uploads/2021/07/غبريال-عبد-النور-1-546x365.jpg	018a8e9c8563be7bb53cddddb6439fe8bb4c7f2b	41687
docs/media/uploads/2021/07/غبريال-عبد-النور-1-576x392.jpg	c30095754efb24f06a70486840a923316bac65fd	45467
docs/media/uploads/2021/07/غبريال-عبد-النور-1-702x432.jpg	ea41dee8c21d45c5749aca77991283b862308916	55094
docs/media/uploads/2021/07/غبريال-عبد-النور-1-765x510.jpg	a556b64c85cb672afb10505746679a305a319c62	69480
docs/media/uploads/2021/07/غبريال-عبد-النور-1-80x54.jpg	442cb60b7639cab91a4cad565f6e2bca15a486c8	1837
docs/media/uploads/2021/07/غبريال-عبد-النور-1-81x55.jpg	6bdb2f20095a6513945707ce5cc052f2410b612e	1916
docs/media/uploads/2021/07/غبريال-عبد-النور-1-85x57.jpg	2a390069a2247d673fd2f15b4ce5af46680feb07	2053
docs/media/uploads/2021/07/غبريال-عبد-النور-1.jpg	f0fd5cde2f572319f61114a624ea6c2ad38af8bc	96055
docs/media/uploads/2021/07/غبريال-عبد-النور-2-112x75.jpg	539e6bfd64ad5fe4af4be48da85f27755cec0f47	3637
docs/media/uploads/2021/07/غبريال-عبد-النور-2-130x87.jpg	d5313dd325b0eeae263e2e287de9c6532db595e8	4417
docs/media/uploads/2021/07/غبريال-عبد-النور-2-150x150.jpg	f802cf903c2da1c0ae0776fd8781fb84fd1e8a2a	7175
docs/media/uploads/2021/07/غبريال-عبد-النور-2-165x109.jpg	7966540875c845292f031d54964765dc9bcf8d76	6111
docs/media/uploads/2021/07/غبريال-عبد-النور-2-170x113.jpg	25c9a01f81306c2437afc1dd3d5dfefc89025368	6513
docs/media/uploads/2021/07/غبريال-عبد-النور-2-179x116.jpg	2ccc1efedc2f67d6934ff5dec13ce02269367003	6929
docs/media/uploads/2021/07/غبريال-عبد-النور-2-179x120.jpg	d3277cbc5d680c92f81b8fa6858b53c2e4e86c92	6906
docs/media/uploads/2021/07/غبريال-عبد-النور-2-266x179.jpg	218df30d5adf70f1e0f0aca3a4a6829fd428ee10	13176
docs/media/uploads/2021/07/غبريال-عبد-النور-2-274x183.jpg	6d94f8912ed74aeaa50eda0c01cd1e4adfa0a462	13467
docs/media/uploads/2021/07/غبريال-عبد-النور-2-300x200.jpg	78e8fa56ce705b27ccdc6033d58ce20cfee35e35	15311
docs/media/uploads/2021/07/غبريال-عبد-النور-2-333x227.jpg	bf39d2d30f029e28e0768f0715fa5d78ef6e1e05	18731
docs/media/uploads/2021/07/غبريال-عبد-النور-2-347x233.jpg	9b1a216fdfcecbf7919ca5a363d85080aefeb01d	19995
docs/media/uploads/2021/07/غبريال-عبد-النور-2-359x240.jpg	65cef117442c438390e593af5d7590b467fabdc5	20754
docs/media/uploads/2021/07/غبريال-عبد-النور-2-364x245.jpg	8f35923a0f211ef28ebdc8a6627aee00de3faf94	21295
docs/media/uploads/2021/07/غبريال-عبد-النور-2-367x237.jpg	5755135a8e60d52c634685f87c3507dfb9eef42e	21234
docs/media/uploads/2021/07/غبريال-عبد-النور-2-36x36.jpg	6b56566ab9a5a9aaa8ceadb9426f226bb421a882	1352
docs/media/uploads/2021/07/غبريال-عبد-النور-2-546x300.jpg	18b3ebac3aa33a6fcd47f063deb18b4aa896ce49	36480
docs/media/uploads/2021/07/غبريال-عبد-النور-2-546x365.jpg	551c08a8924bee16efc944bc32df2db67b490077	41384
docs/media/uploads/2021/07/غبريال-عبد-النور-2-576x392.jpg	3e9f857258895c44a9f4eaf8d418dc6d29c25c00	45374
docs/media/uploads/2021/07/غبريال-عبد-النور-2-702x432.jpg	7e6481f04290c427bce4b5818f5dd6a6b32e407e	57371
docs/media/uploads/2021/07/غبريال-عبد-النور-2-765x510.jpg	9dd7382623d130e98bac2cd1bdce4bb482706d13	68451
docs/media/uploads/2021/07/غبريال-عبد-النور-2-80x54.jpg	ee0d140b122f4fb6e0b326ca39f37ad3966e278d	2275
docs/media/uploads/2021/07/غبريال-عبد-النور-2-81x55.jpg	b31f230b8c1913480f5c36a1ade65e2ccfa4dff6	2397
docs/media/uploads/2021/07/غبريال-عبد-النور-2-85x57.jpg	bbea127be394e9e4ee011ea1aee71e5ba834e338	2611
docs/media/uploads/2021/07/غبريال-عبد-النور-2.jpg	2a0692f52822479161fe1438db06447e9f9656ec	93401
docs/media/uploads/2021/07/غبريال-عبد-النور-3-112x75.jpg	79a4bb884a15926b8f9256420b69515edffe7a24	4005
docs/media/uploads/2021/07/غبريال-عبد-النور-3-130x87.jpg	e0773f2c05fce061d68cecd5089bec4116a60574	5038
docs/media/uploads/2021/07/غبريال-عبد-النور-3-150x150.jpg	59a11212e42b5c5e16d8605f2e931cdf8cb8c97e	8332
docs/media/uploads/2021/07/غبريال-عبد-النور-3-165x109.jpg	87e11d164203e9961358c5a8fcac3aa4d448abec	7243
docs/media/uploads/2021/07/غبريال-عبد-النور-3-170x113.jpg	58dee7891e666fdf214f744e068b68bee4a8c6bd	7779
docs/media/uploads/2021/07/غبريال-عبد-النور-3-179x116.jpg	b470e635fdd69f92a10007131c50920b2861025d	8209
docs/media/uploads/2021/07/غبريال-عبد-النور-3-179x120.jpg	7c951502595a9d9f94c00bb688b60dc61047ab81	8205
docs/media/uploads/2021/07/غبريال-عبد-النور-3-266x179.jpg	5fff64607baac6ce1572ac19bb37c6ff093c896f	16531
docs/media/uploads/2021/07/غبريال-عبد-النور-3-274x183.jpg	fb48bcd1f4108c0dc8de1e30ed11156c606239ce	16994
docs/media/uploads/2021/07/غبريال-عبد-النور-3-300x200.jpg	6c5612ca8008669bd27f2593af065fcfdf6d43ed	19482
docs/media/uploads/2021/07/غبريال-عبد-النور-3-333x227.jpg	6830dd2a6686dcd7faaf4992b201abe91a5cccdd	24407
docs/media/uploads/2021/07/غبريال-عبد-النور-3-347x233.jpg	366af0bcfa521beb4a57454ce8ab0ae970c43854	25975
docs/media/uploads/2021/07/غبريال-عبد-النور-3-359x240.jpg	d2df7f8045d0eb41f35d2fc29a074dbd14302c40	26914
docs/media/uploads/2021/07/غبريال-عبد-النور-3-364x245.jpg	4fb85c03ee982c4c8f00a8fcae2f9a81b40cde42	28035
docs/media/uploads/2021/07/غبريال-عبد-النور-3-367x237.jpg	94d4aceb36d0ab8353d43acf37648fcc9c622e57	27328
docs/media/uploads/2021/07/غبريال-عبد-النور-3-36x36.jpg	6e8efc0b40b9c907bfcbe5d74af213b553f578ff	1277
docs/media/uploads/2021/07/غبريال-عبد-النور-3-546x300.jpg	ff97f21a41f6b90fdefd61050123f2aea230fd7e	45301
docs/media/uploads/2021/07/غبريال-عبد-النور-3-546x365.jpg	223912df22cfadcbc61735e474d416730a312e84	55174
docs/media/uploads/2021/07/غبريال-عبد-النور-3-576x392.jpg	7ac43f2b15bccd96196d4416f27857d8a3665542	60562
docs/media/uploads/2021/07/غبريال-عبد-النور-3-702x432.jpg	bd85b77f9b480cfc4db6759530de480a0e9c60e0	73704
docs/media/uploads/2021/07/غبريال-عبد-النور-3-765x510.jpg	b959d968141b2c3930fa553b5629b3011af65b01	91337
docs/media/uploads/2021/07/غبريال-عبد-النور-3-80x54.jpg	390b9aeb5066ba5acb46b863f48f638a4cd8171f	2414
docs/media/uploads/2021/07/غبريال-عبد-النور-3-81x55.jpg	8d696d3f6308d28200448ef09ca0331601f11f0b	2523
docs/media/uploads/2021/07/غبريال-عبد-النور-3-85x57.jpg	ec4a959e5374edaf27d4b4e90f04d24e612ceb13	2749
docs/media/uploads/2021/07/غبريال-عبد-النور-3.jpg	99eefac7294d9e485063bffe2163131dcf442f2f	121236
docs/media/uploads/2021/07/غبريال-عبد-النور-4-112x75.jpg	5191e0ab59b72bb76db0de2abdef763be7140ec6	4065
docs/media/uploads/2021/07/غبريال-عبد-النور-4-130x87.jpg	c87c90f5f0d587c899b9ef24522dee0f87bb1949	5091
docs/media/uploads/2021/07/غبريال-عبد-النور-4-150x150.jpg	40e22699df7b41b1840a7249f4186dc6130dfba8	8181
docs/media/uploads/2021/07/غبريال-عبد-النور-4-165x109.jpg	c5e1d07030dbd514214d8ded337d607f8f286b2b	7205
docs/media/uploads/2021/07/غبريال-عبد-النور-4-170x113.jpg	ff7ff1580f1e386b34edad8224ecaf7d5814ef10	7743
docs/media/uploads/2021/07/غبريال-عبد-النور-4-179x116.jpg	326d47f53a0263de03bbcef782b3495c4abafc8c	8228
docs/media/uploads/2021/07/غبريال-عبد-النور-4-179x120.jpg	a7c0adf41356dc0aa21db88763c7a1b70c059ae3	8266
docs/media/uploads/2021/07/غبريال-عبد-النور-4-266x179.jpg	e3af477b316d2989ed7add0e88c2221d3d579eca	16115
docs/media/uploads/2021/07/غبريال-عبد-النور-4-274x183.jpg	bf331c366d58e30721c4de4580e2babd98c320ff	16692
docs/media/uploads/2021/07/غبريال-عبد-النور-4-300x200.jpg	f87d9cb4a3e4420a6ec4b0586ffce584a7524e5b	19004
docs/media/uploads/2021/07/غبريال-عبد-النور-4-333x227.jpg	ecbc418fa9f1db8eee4aeb223ae5702eb47c2900	23332
docs/media/uploads/2021/07/غبريال-عبد-النور-4-347x233.jpg	7f0db418cd127b3fe4c392dcd26729d90b685550	24909
docs/media/uploads/2021/07/غبريال-عبد-النور-4-359x240.jpg	1036c701f2374cfe950239f614efaa0322caa9ab	25764
docs/media/uploads/2021/07/غبريال-عبد-النور-4-364x245.jpg	d408b89550d08fbbb0566e4f61069d73aef7d3e1	26738
docs/media/uploads/2021/07/غبريال-عبد-النور-4-367x237.jpg	040f8e8f35f683b17e0582676d344d1cd8fa385f	26200
docs/media/uploads/2021/07/غبريال-عبد-النور-4-36x36.jpg	d5d8953fffde6d2742a2f672809fe7f286dc9a5a	1277
docs/media/uploads/2021/07/غبريال-عبد-النور-4-546x300.jpg	3955ae4ae9c9472e3e937f90127fd394b77133c9	42910
docs/media/uploads/2021/07/غبريال-عبد-النور-4-546x365.jpg	83ffe21d2ed30e86bc6210d764cd486801672b83	50909
docs/media/uploads/2021/07/غبريال-عبد-النور-4-576x392.jpg	61fc09e3e8b37f159cec1b24b49e892cb69659a0	55420
docs/media/uploads/2021/07/غبريال-عبد-النور-4-702x432.jpg	fb891e06fa19467cf43f37868727e6351aa8f69c	67912
docs/media/uploads/2021/07/غبريال-عبد-النور-4-765x510.jpg	e36b5816f778e41fbb5d446498f2dc6b911bebde	82414
docs/media/uploads/2021/07/غبريال-عبد-النور-4-80x54.jpg	040a992d63f4efba02beb19982db27c08ec89019	2472
docs/media/uploads/2021/07/غبريال-عبد-النور-4-81x55.jpg	a6aaad189e216472b52b8d7f26363ae67705a7b7	2573
docs/media/uploads/2021/07/غبريال-عبد-النور-4-85x57.jpg	9637520880048ed25e35bea36233e91deb9eab6a	2783
docs/media/uploads/2021/07/غبريال-عبد-النور-4.jpg	414cc7cbe3853c77a0e831954dca8a8ebab71410	110060
docs/media/uploads/2021/07/غبريال-عبد-النور-5-112x75.jpg	6904f094688c710141b39b5267a6bf445322168f	2822
docs/media/uploads/2021/07/غبريال-عبد-النور-5-130x87.jpg	3e0e72938072f8f58359d68ac67da09b308be8d7	3399
docs/media/uploads/2021/07/غبريال-عبد-النور-5-150x150.jpg	cf5429ffd043de93c8a0750075a561e7d9e265ef	5582
docs/media/uploads/2021/07/غبريال-عبد-النور-5-165x109.jpg	2cb2189d5ee7ac4a2504592cbe69dbc4bcdb8fba	4745
docs/media/uploads/2021/07/غبريال-عبد-النور-5-170x113.jpg	742f17173eda608c6eff8f4a416f242e66f012a2	5035
docs/media/uploads/2021/07/غبريال-عبد-النور-5-179x116.jpg	f742f96bb166105c517661bd18507af4d9281515	5350
docs/media/uploads/2021/07/غبريال-عبد-النور-5-179x120.jpg	a1cc7e3ea6be728ec737ee5f5967121ce2d3cec2	5352
docs/media/uploads/2021/07/غبريال-عبد-النور-5-266x179.jpg	7df5bd517b0deed6c2acbb2c3c56600be9724843	10060
docs/media/uploads/2021/07/غبريال-عبد-النور-5-274x183.jpg	1de67c000600c3c5ea4f2c6f4e2d8fb1a45e9db5	10384
docs/media/uploads/2021/07/غبريال-عبد-النور-5-300x200.jpg	59d7eb95138064203897b16b060da77cf1134cf4	11877
docs/media/uploads/2021/07/غبريال-عبد-النور-5-333x227.jpg	ae2ca1d8097b89397e28107a3893ab1bf1e9dc1e	14187
docs/media/uploads/2021/07/غبريال-عبد-النور-5-347x233.jpg	03ea0396ab6f577a5a2bab29fc63d0fb6c9287a3	15262
docs/media/uploads/2021/07/غبريال-عبد-النور-5-359x240.jpg	ecf9e423a3066012989e5b4bfa2469d8b94cf22c	15851
docs/media/uploads/2021/07/غبريال-عبد-النور-5-364x245.jpg	de293629d24efa91485fa5ecf049a70f2fae7341	16218
docs/media/uploads/2021/07/غبريال-عبد-النور-5-367x237.jpg	fb54185c55745b7f25e62c9939c4a9807e5172a7	16168
docs/media/uploads/2021/07/غبريال-عبد-النور-5-36x36.jpg	ef51d32fe51f060eddd4f7ec014071732559d23b	1064
docs/media/uploads/2021/07/غبريال-عبد-النور-5-546x300.jpg	12044068df1408116809b7afab8132df0bb0042c	26664
docs/media/uploads/2021/07/غبريال-عبد-النور-5-546x365.jpg	345c7c0a4ac1ea2e915acb60e1e3f6c6e3381e47	30345
docs/media/uploads/2021/07/غبريال-عبد-النور-5-576x392.jpg	1698904089c32e9609514f577c7853ef56d60fb6	33122
docs/media/uploads/2021/07/غبريال-عبد-النور-5-702x432.jpg	7564ea88b59f223acf3a9a076f88c1084219ca95	41019
docs/media/uploads/2021/07/غبريال-عبد-النور-5-765x510.jpg	9a355d663c6dd46eb47a6180f45bbba059265f1a	49171
docs/media/uploads/2021/07/غبريال-عبد-النور-5-80x54.jpg	5728e3091db2043a8b0b02ea594dc9c9881b14c1	1797
docs/media/uploads/2021/07/غبريال-عبد-النور-5-81x55.jpg	398d9519ce914d5698c990254a82f2120a8f79c2	1867
docs/media/uploads/2021/07/غبريال-عبد-النور-5-85x57.jpg	3b14ff5d28d7c131aab15a8e4c9915a29bac3ead	2009
docs/media/uploads/2021/07/غبريال-عبد-النور-5.jpg	d8342376a974373476016ef975b53b15815ca049	75295
docs/media/uploads/2021/07/كارد-الدعوة-للحفل-1024x722.jpg	6684da755b09ab72440114bcca52bd6cb0d845f8	148510
docs/media/uploads/2021/07/كارد-الدعوة-للحفل-112x75.jpg	406321172708ae3204482b3e7b997500c30af4cf	4034
docs/media/uploads/2021/07/كارد-الدعوة-للحفل-130x87.jpg	888054876629be7148c6edac16e42791243c0338	5015
docs/media/uploads/2021/07/كارد-الدعوة-للحفل-150x150.jpg	0706927206891bad7e9bebd64eda443f16809e06	8680
docs/media/uploads/2021/07/كارد-الدعوة-للحفل-1536x1083.jpg	3b54729bf890c074ede68f9fd2af5b9de67b6568	270243
docs/media/uploads/2021/07/كارد-الدعوة-للحفل-165x109.jpg	bc4a3990b9750d74091fb4d0d7d7e707c18a4e5a	7386
docs/media/uploads/2021/07/كارد-الدعوة-للحفل-170x113.jpg	b8ec1b2dedc711a7b0286b457584fbc7b63bf51d	7862
docs/media/uploads/2021/07/كارد-الدعوة-للحفل-179x116.jpg	6f30647d9b4841606d325528f71dbfe55e2d0e09	8289
docs/media/uploads/2021/07/كارد-الدعوة-للحفل-179x120.jpg	7000eb558e540a36bd605d14ae8ebcc5d2345f3c	8508
docs/media/uploads/2021/07/كارد-الدعوة-للحفل-2048x1444.jpg	f8253991eef08a41cd973b1f0e08c7eca1d6a1bb	406876
docs/media/uploads/2021/07/كارد-الدعوة-للحفل-266x179.jpg	2968b7c6ce3214ace152e65cbea5833848facf4d	16707
docs/media/uploads/2021/07/كارد-الدعوة-للحفل-274x183.jpg	82668ccda1944a8d59769fc2a5d2fabf0e4ee850	17599
docs/media/uploads/2021/07/كارد-الدعوة-للحفل-300x211.jpg	77b470b6ce8e0fc45984df830dddc6c1be4fc10e	20863
docs/media/uploads/2021/07/كارد-الدعوة-للحفل-333x227.jpg	8e1639d93f26e9d5b7139a1a6448c00d804baa41	24699
docs/media/uploads/2021/07/كارد-الدعوة-للحفل-347x233.jpg	95bf03b23aaa398369d7d9db5be3a2391af7b315	26551
docs/media/uploads/2021/07/كارد-الدعوة-للحفل-359x240.jpg	87a74b08cfb4ee8059d0cfa9cc728d87393fdaf8	27765
docs/media/uploads/2021/07/كارد-الدعوة-للحفل-364x245.jpg	190fac1921f30c6f795d84645a246b329712947b	28820
docs/media/uploads/2021/07/كارد-الدعوة-للحفل-367x237.jpg	3990e527f67e2dd3af9f3bc052882aae63ad89a6	27805
docs/media/uploads/2021/07/كارد-الدعوة-للحفل-36x36.jpg	4e63bacdc051a1f81b457b3d48598f2d912eaa93	1187
docs/media/uploads/2021/07/كارد-الدعوة-للحفل-546x300.jpg	df7c169ca8b44f6763b087dbcfb848019008e3d2	43990
docs/media/uploads/2021/07/كارد-الدعوة-للحفل-546x365.jpg	1b7e1e8dd343ba93ad01dd69067f8ad33a65b9ca	55485
docs/media/uploads/2021/07/كارد-الدعوة-للحفل-576x392.jpg	2ad73d9aedf0ec936845f8b4f25ffd9fc499c6f2	61026
docs/media/uploads/2021/07/كارد-الدعوة-للحفل-702x432.jpg	f10f6daeb993f143850a71011f3f7e8c77bda3ba	73868
docs/media/uploads/2021/07/كارد-الدعوة-للحفل-765x510.jpg	3b922d41db200909f0c117a1c289886ef79cc557	94527
docs/media/uploads/2021/07/كارد-الدعوة-للحفل-768x541.jpg	2b41cefe6e7f6c2e52116c64a309ff0cfa92d411	96791
docs/media/uploads/2021/07/كارد-الدعوة-للحفل-80x54.jpg	571ab32041d7a71c50c20fdbe2e7549f7ceb8c94	2371
docs/media/uploads/2021/07/كارد-الدعوة-للحفل-81x55.jpg	907c6082cbe220fdaa82ae2b7e5a7d5209ed8ee2	2431
docs/media/uploads/2021/07/كارد-الدعوة-للحفل-85x57.jpg	2b4021fed9a58bebc04882641101176283443677	2700
docs/media/uploads/2021/07/كارد-الدعوة-للحفل.jpg	587c723aa6f6661ca4f8ad0895ec1bd0f3839def	78247
docs/media/uploads/2021/08/مسابقة-اسعد-1-112x75.jpg	2e430939b1b0bfc09b5f92b6b1149d2d8db7c304	4192
docs/media/uploads/2021/08/مسابقة-اسعد-1-130x87.jpg	81a8f671dcdf80af172e839da66f7852085873be	5247
docs/media/uploads/2021/08/مسابقة-اسعد-1-150x150.jpg	8622512a26dc893da8dbbf761629aa625c663a7c	8524
docs/media/uploads/2021/08/مسابقة-اسعد-1-165x109.jpg	c9e8e313608190f623bd222b008b44b6180a313d	7386
docs/media/uploads/2021/08/مسابقة-اسعد-1-170x113.jpg	b1cde289f7b30093190fe7f893546acb1cb82c45	7896
docs/media/uploads/2021/08/مسابقة-اسعد-1-179x116.jpg	ef5af5673b525a2a2a8752e013011e78c98d0982	8410
docs/media/uploads/2021/08/مسابقة-اسعد-1-179x120.jpg	a70d485e4a39cd3eedaa476a539fd242bdac0bdf	8514
docs/media/uploads/2021/08/مسابقة-اسعد-1-266x179.jpg	60b2835aa610e03c94e0c9d7c210856fbaf87f53	16183
docs/media/uploads/2021/08/مسابقة-اسعد-1-274x183.jpg	5822f487620e383598b566154f1d94a2e1472cd5	16802
docs/media/uploads/2021/08/مسابقة-اسعد-1-300x200.jpg	dab1e7873dd220e3fb15c35d13e95d86f561b574	19064
docs/media/uploads/2021/08/مسابقة-اسعد-1-333x227.jpg	32b0489df04b2efd5d3451363c2f70edaa4f7f4c	23291
docs/media/uploads/2021/08/مسابقة-اسعد-1-347x233.jpg	7475790a10346c3f5b9502aa9e6455158b5a31d2	24803
docs/media/uploads/2021/08/مسابقة-اسعد-1-359x240.jpg	b883214b47f465574251e49b90122261d903f774	25589
docs/media/uploads/2021/08/مسابقة-اسعد-1-364x245.jpg	c464a928524a680187ef110dcfc4bebf3bb24b47	26619
docs/media/uploads/2021/08/مسابقة-اسعد-1-367x237.jpg	45495f29be8f601f197fd31f4b3ec5bc85365c75	25755
docs/media/uploads/2021/08/مسابقة-اسعد-1-36x36.jpg	5d1cdb4c659bd4aba83cbbc73cdb690ee3afd91e	1337
docs/media/uploads/2021/08/مسابقة-اسعد-1-546x300.jpg	3de5717d1b4c81260f73df8a6cec0a3d64f133a0	41584
docs/media/uploads/2021/08/مسابقة-اسعد-1-546x365.jpg	522b55eda94d99210d1f9d46d46dee5f408cf9bd	49360
docs/media/uploads/2021/08/مسابقة-اسعد-1-576x392.jpg	6d0fa287741f1c941b9b3a912cb5c137d1d95878	52658
docs/media/uploads/2021/08/مسابقة-اسعد-1-702x432.jpg	7de04a1e52d371b39ed0847f0d3b4311dc1bc603	64222
docs/media/uploads/2021/08/مسابقة-اسعد-1-765x510.jpg	5d57b3a6ee37445cc08cbbbf477870237be19b05	78821
docs/media/uploads/2021/08/مسابقة-اسعد-1-80x54.jpg	835659962b386cc2f2bde6fe3d1360c7f095d7c0	2585
docs/media/uploads/2021/08/مسابقة-اسعد-1-81x55.jpg	58f8a17d93377877167cafaaa7278106f0aaab4d	2712
docs/media/uploads/2021/08/مسابقة-اسعد-1-85x57.jpg	1f52498e4d6f0056ac94cca56348fce75b3d99c6	2900
docs/media/uploads/2021/08/مسابقة-اسعد-1.jpg	9952de9b680ee246de518c2a311559b11f86e9a2	106351
docs/media/uploads/2021/08/مسابقة-اسعد-10-112x75.jpg	ecb8fd2dce7f38311604c49179b67d57718478d9	3578
docs/media/uploads/2021/08/مسابقة-اسعد-10-130x87.jpg	5057017abacecded82fbb5fb58bb451ca67f35bc	4557
docs/media/uploads/2021/08/مسابقة-اسعد-10-150x150.jpg	e0530c8c91eb273ae9f4b395be8ea3a4bc2fa869	7552
docs/media/uploads/2021/08/مسابقة-اسعد-10-165x109.jpg	42166770fa71216ff3c218fb8c90fedeef19f7a8	6623
docs/media/uploads/2021/08/مسابقة-اسعد-10-170x113.jpg	9ab57a27f08c1bae8000f2d62dec1b4b2ad5290c	7181
docs/media/uploads/2021/08/مسابقة-اسعد-10-179x116.jpg	c4613d2576e2b4f25b545a5fc7380374961db8cc	7587
docs/media/uploads/2021/08/مسابقة-اسعد-10-179x120.jpg	b9ca9bed68faea1398e458ed30dcd0e3a1b9e061	7643
docs/media/uploads/2021/08/مسابقة-اسعد-10-266x179.jpg	7cb6bb2396bb5efa3130bf203c71ea6cb6fb2b53	15837
docs/media/uploads/2021/08/مسابقة-اسعد-10-274x183.jpg	3ed8719a61503e3608aa2e6176340a4bbd22afa6	16390
docs/media/uploads/2021/08/مسابقة-اسعد-10-300x200.jpg	0801b93ce1f79472a381dc06a83a4c9f32dccdf8	18975
docs/media/uploads/2021/08/مسابقة-اسعد-10-333x227.jpg	a57bc5321a261f6cf82bf95fedb71c2f4859a584	23991
docs/media/uploads/2021/08/مسابقة-اسعد-10-347x233.jpg	417cb054f906f8883d221d8c24771ee541e0321c	25772
docs/media/uploads/2021/08/مسابقة-اسعد-10-359x240.jpg	4313c1a29d6481177e98407653050de4d933340e	26835
docs/media/uploads/2021/08/مسابقة-اسعد-10-364x245.jpg	cb62a18e21c595265b02d8533728b5b00e97faa6	28072
docs/media/uploads/2021/08/مسابقة-اسعد-10-367x237.jpg	d214dc49a30c7d6ae9a32584117a3430c8ea4ac9	27350
docs/media/uploads/2021/08/مسابقة-اسعد-10-36x36.jpg	01b211a4e5c402978db27e1aeb3b85fea3055198	1085
docs/media/uploads/2021/08/مسابقة-اسعد-10-546x300.jpg	13a181c2aed724431c66ee85a0635e621263fc44	48345
docs/media/uploads/2021/08/مسابقة-اسعد-10-546x365.jpg	1242ad095bb7b2f96951d0370909b3834d6648cf	57844
docs/media/uploads/2021/08/مسابقة-اسعد-10-576x392.jpg	9fc4476731f91d33d25ee1084ad893fb9e117402	63964
docs/media/uploads/2021/08/مسابقة-اسعد-10-702x432.jpg	c41ff4b318b2637373cfb6266751654ca49ba833	79546
docs/media/uploads/2021/08/مسابقة-اسعد-10-765x510.jpg	7d211d559fdafa001e3fcfd5f793915be7e43088	97780
docs/media/uploads/2021/08/مسابقة-اسعد-10-80x54.jpg	660633c66b7bb67551821cb2e99c8a22d03c2c4b	2172
docs/media/uploads/2021/08/مسابقة-اسعد-10-81x55.jpg	77264705b45241ee0b182acc095b2f1fc3a42391	2282
docs/media/uploads/2021/08/مسابقة-اسعد-10-85x57.jpg	d9eaf81f83d8edc3cc7f026a8b5f7df37e007426	2448
docs/media/uploads/2021/08/مسابقة-اسعد-10.jpg	ab349d7d5146ad0f3c52711662c1508e8f860960	123365
docs/media/uploads/2021/08/مسابقة-اسعد-11-112x75.jpg	9838351aa260c19c04e718cdb2fd87b3b1aaa338	4138
docs/media/uploads/2021/08/مسابقة-اسعد-11-130x87.jpg	1bf8fde62f1eeaeafc907235763ded000dc4f314	5108
docs/media/uploads/2021/08/مسابقة-اسعد-11-150x150.jpg	99dc59391f019f7223d9b961ae541557279d68c3	8553
docs/media/uploads/2021/08/مسابقة-اسعد-11-165x109.jpg	9357494df847eb05d7c4bc86e19a79571e105212	7210
docs/media/uploads/2021/08/مسابقة-اسعد-11-170x113.jpg	86729e7e3d2033b92484d80f6c510955d4858c4a	7849
docs/media/uploads/2021/08/مسابقة-اسعد-11-179x116.jpg	1ebdc9a2747ec680cd5b21a64ecd5f2bebe241af	8321
docs/media/uploads/2021/08/مسابقة-اسعد-11-179x120.jpg	52666ebc0a4bf3b7e03d7d9020365cf23aad17ae	8327
docs/media/uploads/2021/08/مسابقة-اسعد-11-266x179.jpg	711c3bf254ef3d0d43d3ba12d87071e7297a3dcf	16266
docs/media/uploads/2021/08/مسابقة-اسعد-11-274x183.jpg	f8e0fd801c549b426dd0108447f6b993ded5cfb9	16878
docs/media/uploads/2021/08/مسابقة-اسعد-11-300x200.jpg	29c7c5f89652da5b868d07e5bed611f12e6ea0b3	19350
docs/media/uploads/2021/08/مسابقة-اسعد-11-333x227.jpg	196cb2aceb93bfa918d96426e17b8105dfb40d8a	23787
docs/media/uploads/2021/08/مسابقة-اسعد-11-347x233.jpg	d8dd79a857d7c2fe4e7ccd318d14fc58b0abff2a	25343
docs/media/uploads/2021/08/مسابقة-اسعد-11-359x240.jpg	472bc7a097112c665f9f057307aab137a8f4d6f9	26366
docs/media/uploads/2021/08/مسابقة-اسعد-11-364x245.jpg	abe032dcf85ce74c837226025ed1d001ee08c39c	27302
docs/media/uploads/2021/08/مسابقة-اسعد-11-367x237.jpg	aaa6f438e9c71e38b003b3492cdf8c9899efedeb	26811
docs/media/uploads/2021/08/مسابقة-اسعد-11-36x36.jpg	ad0e4eb152ad0cb41f67715487b9ada912358133	1320
docs/media/uploads/2021/08/مسابقة-اسعد-11-546x300.jpg	477821e02b144171febfb07d7887fe90f8821767	44031
docs/media/uploads/2021/08/مسابقة-اسعد-11-546x365.jpg	d0efbd907ea202982c41b605c8c8eea399fadd90	52506
docs/media/uploads/2021/08/مسابقة-اسعد-11-576x392.jpg	c99743d4516cf3828eca2033f3391f529c2a6a75	57359
docs/media/uploads/2021/08/مسابقة-اسعد-11-702x432.jpg	b6c986a2f08e271ac5a13dca6f15ce78cfc1d325	70667
docs/media/uploads/2021/08/مسابقة-اسعد-11-765x510.jpg	ca9270c9f19c8797515fcb9fb78a8343a1230d55	86098
docs/media/uploads/2021/08/مسابقة-اسعد-11-80x54.jpg	62de336cb4709738c33f3bc3bdf3e915327be6b7	2530
docs/media/uploads/2021/08/مسابقة-اسعد-11-81x55.jpg	fc2b25900a2994ded5a8dffb256da61b18d4a2e0	2648
docs/media/uploads/2021/08/مسابقة-اسعد-11-85x57.jpg	c82ffb4070f5034135ab229deb1fd181c369dfce	2844
docs/media/uploads/2021/08/مسابقة-اسعد-11.jpg	9b4c2fd4e9672b8f7b91220ecb0a890fdaedc0f1	111545
docs/media/uploads/2021/08/مسابقة-اسعد-12-112x75.jpg	bdb1f8b90dcc5995259bd8be6efc5e94b2425df3	4074
docs/media/uploads/2021/08/مسابقة-اسعد-12-130x87.jpg	dc2a745c53cf15bd92ba7bd6053d621414f80f93	5094
docs/media/uploads/2021/08/مسابقة-اسعد-12-150x150.jpg	703062d8b1188dd12043280ddf021d3e1ea770a3	8836
docs/media/uploads/2021/08/مسابقة-اسعد-12-165x109.jpg	56cef004f7cc31a67ab4c7f6b1a5eccfc19c7bd4	7316
docs/media/uploads/2021/08/مسابقة-اسعد-12-170x113.jpg	cbaada6c002bbc5f7079cf4607ae1ed403a81a68	7923
docs/media/uploads/2021/08/مسابقة-اسعد-12-179x116.jpg	93a30e78dfdc046280ade46c0a40f8efe28d8819	8287
docs/media/uploads/2021/08/مسابقة-اسعد-12-179x120.jpg	c5b097e63f4c6d90cc35a94daa62206caa3e9230	8289
docs/media/uploads/2021/08/مسابقة-اسعد-12-266x179.jpg	c7d49138e68778b7eca6026e49af76487f752eb4	16403
docs/media/uploads/2021/08/مسابقة-اسعد-12-274x183.jpg	6eeb2d7b15c29b29563bd8315a5fc849318d95aa	16798
docs/media/uploads/2021/08/مسابقة-اسعد-12-300x200.jpg	7ccad4b601141a4bf60b7762a019c4b0c4cf34c1	19236
docs/media/uploads/2021/08/مسابقة-اسعد-12-333x227.jpg	e653a3ebdf627cad198b0c153c3c77d7cfaadd2b	23780
docs/media/uploads/2021/08/مسابقة-اسعد-12-347x233.jpg	ce4aeb155f5a33fad748763549041c165097ff0d	25262
docs/media/uploads/2021/08/مسابقة-اسعد-12-359x240.jpg	344940a4590dcc2d4ce716e43c5b08c24580f296	26083
docs/media/uploads/2021/08/مسابقة-اسعد-12-364x245.jpg	fc8156668c518e061364431d862176eb554d6847	27167
docs/media/uploads/2021/08/مسابقة-اسعد-12-367x237.jpg	c96dfbc7073b552b74e964793e3c6a8d631d13fd	26337
docs/media/uploads/2021/08/مسابقة-اسعد-12-36x36.jpg	0b314965e88fdcd64c335a20d40cae0bb06b951c	1299
docs/media/uploads/2021/08/مسابقة-اسعد-12-546x300.jpg	7569d9c93b86c89737b2e2f9213406bef9af4f40	42584
docs/media/uploads/2021/08/مسابقة-اسعد-12-546x365.jpg	e7a17006b36c3dcea65153367bd76f52d25e049f	50533
docs/media/uploads/2021/08/مسابقة-اسعد-12-576x392.jpg	2a4e3c0bf021179255bd8847d133f36bb3d20261	55033
docs/media/uploads/2021/08/مسابقة-اسعد-12-702x432.jpg	0d42661fbb6d1e820fd09b6d7389fcc367a880c6	66960
docs/media/uploads/2021/08/مسابقة-اسعد-12-765x510.jpg	1de127eeada61d71062920cbce9cb0ea95da90bd	81315
docs/media/uploads/2021/08/مسابقة-اسعد-12-80x54.jpg	5758b77abcc93bec064af774907bb1e21fbc5ac7	2467
docs/media/uploads/2021/08/مسابقة-اسعد-12-81x55.jpg	869293618b8c7c758a39fd2270f62bcd93524492	2581
docs/media/uploads/2021/08/مسابقة-اسعد-12-85x57.jpg	9ff51950bdbe820ea38d3f69900a054a1d561d80	2775
docs/media/uploads/2021/08/مسابقة-اسعد-12.jpg	4be669038bdc594626e14f95ac256f79863dbc02	108722
docs/media/uploads/2021/08/مسابقة-اسعد-13-112x75.jpg	90de099a873dc7a6a2c937af3debc0924b98e7fe	4073
docs/media/uploads/2021/08/مسابقة-اسعد-13-130x87.jpg	e84f98527f7fcffd5969976a57526207e92a13e3	5115
docs/media/uploads/2021/08/مسابقة-اسعد-13-150x150.jpg	7ce120b0de8a535fc4583c220c95125489894e89	8850
docs/media/uploads/2021/08/مسابقة-اسعد-13-165x109.jpg	7c37abe0844554177055c12b95d48814118176bf	7372
docs/media/uploads/2021/08/مسابقة-اسعد-13-170x113.jpg	060eb2747e9948bd70ec9c9a68692e712144685d	7844
docs/media/uploads/2021/08/مسابقة-اسعد-13-179x116.jpg	3cfc5e541a076c53245465690107d199bbd191dc	8369
docs/media/uploads/2021/08/مسابقة-اسعد-13-179x120.jpg	6034a4357142799a90414e1857c32727d3df6d2e	8360
docs/media/uploads/2021/08/مسابقة-اسعد-13-266x179.jpg	9907a7fcd823c6264b7425edfc494001257d0e4e	16497
docs/media/uploads/2021/08/مسابقة-اسعد-13-274x183.jpg	3761d036ec3b4cdf3732a7b4fc0048071304c6a4	17089
docs/media/uploads/2021/08/مسابقة-اسعد-13-300x200.jpg	8bc674431e5e6403c5e7aaa5744567a7c9ed1412	19362
docs/media/uploads/2021/08/مسابقة-اسعد-13-333x227.jpg	c95521015088c41e9904918230679cf619bcb48a	23845
docs/media/uploads/2021/08/مسابقة-اسعد-13-347x233.jpg	fb1d3db58ab555389a52980f4922744e4c59af97	25863
docs/media/uploads/2021/08/مسابقة-اسعد-13-359x240.jpg	0865817a5649d5450e38f682b1e7ab4726ab1e8d	26678
docs/media/uploads/2021/08/مسابقة-اسعد-13-364x245.jpg	3b0c37ac2914711cefc5fcdc3ce1e6a9ca6cda6a	27731
docs/media/uploads/2021/08/مسابقة-اسعد-13-367x237.jpg	404fc0ac3fd18a394f406ea0076f4644b008d3ba	26991
docs/media/uploads/2021/08/مسابقة-اسعد-13-36x36.jpg	ee94543e9a02c548d23e2c846e3a2fc71134aa56	1341
docs/media/uploads/2021/08/مسابقة-اسعد-13-546x300.jpg	7dcecbec41c8bcda6eb23117abeeb1ee18240711	45006
docs/media/uploads/2021/08/مسابقة-اسعد-13-546x365.jpg	2192a7cf84c3d1aa15b194bebb5d2b0d2f292fd4	53351
docs/media/uploads/2021/08/مسابقة-اسعد-13-576x392.jpg	20495be09b0894294c680d66250e25bb5323fe2b	58406
docs/media/uploads/2021/08/مسابقة-اسعد-13-702x432.jpg	3e9607df651f6d1e62eb57afc81ea1e4f1dc9541	70706
docs/media/uploads/2021/08/مسابقة-اسعد-13-765x510.jpg	729398509f3cfa6058237e91c10c67d203ecb4d4	87222
docs/media/uploads/2021/08/مسابقة-اسعد-13-80x54.jpg	282621564422bc595deea859b05df72f173cffc1	2491
docs/media/uploads/2021/08/مسابقة-اسعد-13-81x55.jpg	dd9c4251996cdc52dadb425076a2b5ddc1de48e8	2625
docs/media/uploads/2021/08/مسابقة-اسعد-13-85x57.jpg	266b00e956c89f2c79699d23f0cf5ee1f13b4799	2720
docs/media/uploads/2021/08/مسابقة-اسعد-13.jpg	11b2785d6e81aa1245fac13c4342e4f3e1687f06	112813
docs/media/uploads/2021/08/مسابقة-اسعد-14-112x75.jpg	473251550242afe10f207de1a790f278a1f2c76a	4055
docs/media/uploads/2021/08/مسابقة-اسعد-14-130x87.jpg	b5bc64fbf51a0ec593ee4faa327d363e2e14f118	5059
docs/media/uploads/2021/08/مسابقة-اسعد-14-150x150.jpg	2650bed2f4ecd775dc9df4e586f434fb19352947	8686
docs/media/uploads/2021/08/مسابقة-اسعد-14-165x109.jpg	bcdba2b327c9410828f569ef8abfccccd45025b0	7361
docs/media/uploads/2021/08/مسابقة-اسعد-14-170x113.jpg	ad99e6658ecf3dbe874fb4fd8f81c52ac1304fc0	7895
docs/media/uploads/2021/08/مسابقة-اسعد-14-179x116.jpg	e18a821e9627b85f72629960ae7d657f78468d1a	8378
docs/media/uploads/2021/08/مسابقة-اسعد-14-179x120.jpg	d0c8defbec584295ee15ae8de210778255a4a8c5	8368
docs/media/uploads/2021/08/مسابقة-اسعد-14-266x179.jpg	398dd52697ffa8cb6efad1759c7f4e87012a64fe	16304
docs/media/uploads/2021/08/مسابقة-اسعد-14-274x183.jpg	630587a2ce7ce11f1f31f1899e142cb5b711ef1e	16941
docs/media/uploads/2021/08/مسابقة-اسعد-14-300x200.jpg	6136e031246a49b8b80d2bbcc2375976f31eaf10	19315
docs/media/uploads/2021/08/مسابقة-اسعد-14-333x227.jpg	90f8e606b9ecd49c03c7e493110036852066becc	23825
docs/media/uploads/2021/08/مسابقة-اسعد-14-347x233.jpg	eba4043b7b39f715d9ba25cf53cdb0b3995cf97c	25435
docs/media/uploads/2021/08/مسابقة-اسعد-14-359x240.jpg	147ccb0b7b6d5fb38c01c9be64bdad22c16f52ed	26517
docs/media/uploads/2021/08/مسابقة-اسعد-14-364x245.jpg	ae5287f98058c84d4b59f8fb462a9eaa2b03cdb1	27480
docs/media/uploads/2021/08/مسابقة-اسعد-14-367x237.jpg	5e4f64b02686df967f8159f2297a8dfbdd413c65	26875
docs/media/uploads/2021/08/مسابقة-اسعد-14-36x36.jpg	eac03da2af9daf0a39d7e82a9c8da186d7410ece	1295
docs/media/uploads/2021/08/مسابقة-اسعد-14-546x300.jpg	64e978f62e7addae6689836b1d44d107378449ab	44466
docs/media/uploads/2021/08/مسابقة-اسعد-14-546x365.jpg	95ab192a0c76e4f90632fd2d79972a15165bf57a	52676
docs/media/uploads/2021/08/مسابقة-اسعد-14-576x392.jpg	6c58f80fb5fbb51db2537b4471ad9dde944efadb	57834
docs/media/uploads/2021/08/مسابقة-اسعد-14-702x432.jpg	f885dd0a7221ec877686244b728770daee98b1bb	69942
docs/media/uploads/2021/08/مسابقة-اسعد-14-765x510.jpg	0333a10299d45c96ad44fea8fa154a4ff4b4c475	86563
docs/media/uploads/2021/08/مسابقة-اسعد-14-80x54.jpg	227276e1a3d5d7482975001a98e97c7b282b3e8b	2480
docs/media/uploads/2021/08/مسابقة-اسعد-14-81x55.jpg	ff179c919135000d6ffc5afd9bacc4b94177fe4f	2604
docs/media/uploads/2021/08/مسابقة-اسعد-14-85x57.jpg	3dd4d9657f4e368241f9943e6a49798cb7cd0dce	2774
docs/media/uploads/2021/08/مسابقة-اسعد-14.jpg	edc23a8effab23d91a8001f661ef65701f3392e1	112180
docs/media/uploads/2021/08/مسابقة-اسعد-15-112x75.jpg	bb119514b27e24fedced6c78741cb2319a5b197a	3990
docs/media/uploads/2021/08/مسابقة-اسعد-15-130x87.jpg	d2f0a89002ef502010f62f60caeb5b18bcf75968	5023
docs/media/uploads/2021/08/مسابقة-اسعد-15-150x150.jpg	f43ab81ebb9b8a2d93ad109e4ea5e5538ef6dd45	8282
docs/media/uploads/2021/08/مسابقة-اسعد-15-165x109.jpg	31704c7bd8e65cb3398dd4483faeff46920e6c6e	7242
docs/media/uploads/2021/08/مسابقة-اسعد-15-170x113.jpg	61bfd930a97338a3c191d1d89ab941aca6cd7994	7629
docs/media/uploads/2021/08/مسابقة-اسعد-15-179x116.jpg	600951d13290bd05a0574783d2932dc9f2a9d0a1	8230
docs/media/uploads/2021/08/مسابقة-اسعد-15-179x120.jpg	5db5ae7351147ff856db54b1baa4e0d31b948614	8196
docs/media/uploads/2021/08/مسابقة-اسعد-15-266x179.jpg	74e116fbcca1c66be95a2c4054091fec50bc5d6f	16173
docs/media/uploads/2021/08/مسابقة-اسعد-15-274x183.jpg	dc908c9eebad08fbb008acfba2c83dec638c137f	16745
docs/media/uploads/2021/08/مسابقة-اسعد-15-300x200.jpg	63266c0725203e590137e050a935d1c9020db39e	19004
docs/media/uploads/2021/08/مسابقة-اسعد-15-333x227.jpg	e91fcd6922f98d2608f92201833805d98a5ff83a	23377
docs/media/uploads/2021/08/مسابقة-اسعد-15-347x233.jpg	fbe8cf0efbe5ffd1aeb8d87ce462cdf6de273cad	25013
docs/media/uploads/2021/08/مسابقة-اسعد-15-359x240.jpg	db476f08f1ebb38ef3002de45adf09e6897d823c	26053
docs/media/uploads/2021/08/مسابقة-اسعد-15-364x245.jpg	3ca4e431fe53c19abcfa4b79b8068580ebfc5dd4	27012
docs/media/uploads/2021/08/مسابقة-اسعد-15-367x237.jpg	4fd3a311b153478831d5ae38b864ff6cf123b624	25929
docs/media/uploads/2021/08/مسابقة-اسعد-15-36x36.jpg	cea4381e5f5e37d2ccde14705c67d6da05e34fdd	1309
docs/media/uploads/2021/08/مسابقة-اسعد-15-546x300.jpg	d863d3904740ff4bf4f895c867deb6c65d59bbe7	42265
docs/media/uploads/2021/08/مسابقة-اسعد-15-546x365.jpg	e2dcf35f28b4b518a800dc1d7e77e76b44ca51fb	50776
docs/media/uploads/2021/08/مسابقة-اسعد-15-576x392.jpg	e756655f166eb4f340c53d18cb842a9f1454bf66	55341
docs/media/uploads/2021/08/مسابقة-اسعد-15-702x432.jpg	4676fe0cdcd598c1f16cd60944dc624de626a7d6	66727
docs/media/uploads/2021/08/مسابقة-اسعد-15-765x510.jpg	60668e490ee281e8571bf5d9d444a08b62a1a186	82298
docs/media/uploads/2021/08/مسابقة-اسعد-15-80x54.jpg	c90f3324a6875b4f9588b85dad3a5c7bae152aa9	2476
docs/media/uploads/2021/08/مسابقة-اسعد-15-81x55.jpg	fe3d5d646ad061ed932638d6d98814b0369be958	2611
docs/media/uploads/2021/08/مسابقة-اسعد-15-85x57.jpg	8e52aa8c5034b25a0469c833cee982cdf4a5d096	2768
docs/media/uploads/2021/08/مسابقة-اسعد-15.jpg	284e5f27cd1cd5cbbb7c0a2c280483f4f9881a12	108623
docs/media/uploads/2021/08/مسابقة-اسعد-16-112x75.jpg	e15b3c78dcc88ec6d24e0fa7fb328875170c089a	4042
docs/media/uploads/2021/08/مسابقة-اسعد-16-130x87.jpg	c8950afacb2ba94f2bab3795c53ab4a75fcd93cf	5029
docs/media/uploads/2021/08/مسابقة-اسعد-16-150x150.jpg	71b360f1568e1e511070208ba8d84b2c469799e2	8686
docs/media/uploads/2021/08/مسابقة-اسعد-16-165x109.jpg	a4163381d7a184614c3cdcecebc516353f07ae75	7290
docs/media/uploads/2021/08/مسابقة-اسعد-16-170x113.jpg	1a54965a4cf520b61a8ed1256b1974b058c2e61e	7778
docs/media/uploads/2021/08/مسابقة-اسعد-16-179x116.jpg	e04db86707ea3028c690bad3fde97587e301889d	8209
docs/media/uploads/2021/08/مسابقة-اسعد-16-179x120.jpg	cb6089537c6d3af5b9bb3314335802bca90dbb4a	8239
docs/media/uploads/2021/08/مسابقة-اسعد-16-266x179.jpg	bdc38aa11abe0438628ae4be31eac1129e9d7e6f	16439
docs/media/uploads/2021/08/مسابقة-اسعد-16-274x183.jpg	e12aa3da86b985b1df429cc9a082190d59028019	16798
docs/media/uploads/2021/08/مسابقة-اسعد-16-300x200.jpg	6e45b97fadb5c9c410f457a8454f1b95bb284f43	19080
docs/media/uploads/2021/08/مسابقة-اسعد-16-333x227.jpg	7ba3acba77cbc67d5e546141e6d7ea2c210dce5d	23691
docs/media/uploads/2021/08/مسابقة-اسعد-16-347x233.jpg	310203e95199b48d0845905a5ce9860fce3cc69d	25156
docs/media/uploads/2021/08/مسابقة-اسعد-16-359x240.jpg	01db6061d6fbc6c60297d2c83ffee5b791a8a7e7	26292
docs/media/uploads/2021/08/مسابقة-اسعد-16-364x245.jpg	054a559fe8da0077562f37cf78cec6bcda090a76	27383
docs/media/uploads/2021/08/مسابقة-اسعد-16-367x237.jpg	4ecf22f6e2f209db013d8d0bb00b208a8d5434ef	26696
docs/media/uploads/2021/08/مسابقة-اسعد-16-36x36.jpg	6e0524c963b4eaea7fecb37f46ae0146bdab6636	1321
docs/media/uploads/2021/08/مسابقة-اسعد-16-546x300.jpg	3f00e7959c160413866a474188c0c9b6f42c5475	44500
docs/media/uploads/2021/08/مسابقة-اسعد-16-546x365.jpg	5732f3ea4aa58a1f022b4739b0955961aa574aaf	52689
docs/media/uploads/2021/08/مسابقة-اسعد-16-576x392.jpg	ebf73648ff6039748fb51dd444e89f179f6d7038	57840
docs/media/uploads/2021/08/مسابقة-اسعد-16-702x432.jpg	47ff2b64c30b4aa584d6062e42d38cf0e237ec3c	70365
docs/media/uploads/2021/08/مسابقة-اسعد-16-765x510.jpg	a8654444230c11c7a09c6a4bf916b410ae366d1f	86485
docs/media/uploads/2021/08/مسابقة-اسعد-16-80x54.jpg	80b3300060e59d4996aba893581178a447546439	2529
docs/media/uploads/2021/08/مسابقة-اسعد-16-81x55.jpg	449cca8755f0e860714496e49bbdedaa2c8ea216	2630
docs/media/uploads/2021/08/مسابقة-اسعد-16-85x57.jpg	bdbff79d2fb2923f809f0c583c2fc376c4dccca1	2775
docs/media/uploads/2021/08/مسابقة-اسعد-16.jpg	cc1ffd1722f2e50c877eb88cb853f137c4358327	111742
docs/media/uploads/2021/08/مسابقة-اسعد-17-112x75.jpg	08ef7acbd5d531f07a50c7a7620b44ec530f309b	4084
docs/media/uploads/2021/08/مسابقة-اسعد-17-130x87.jpg	feedea576ed1546c0eaecf547771a0a6aa8db544	5133
docs/media/uploads/2021/08/مسابقة-اسعد-17-150x150.jpg	bf9fc58349c627581f976d72d91f1500666b29cb	8515
docs/media/uploads/2021/08/مسابقة-اسعد-17-165x109.jpg	453b60dad24fe81be22550dc232bf67f60ebb985	7130
docs/media/uploads/2021/08/مسابقة-اسعد-17-170x113.jpg	e64cd253166ea151d3665cbf746cbff3c517f858	7816
docs/media/uploads/2021/08/مسابقة-اسعد-17-179x116.jpg	20d8e8f2af31072c4d9178e72373b282936e7c2b	8262
docs/media/uploads/2021/08/مسابقة-اسعد-17-179x120.jpg	3227479c51761a9a3fe7cc3bc32c4bf875af67be	8316
docs/media/uploads/2021/08/مسابقة-اسعد-17-266x179.jpg	e18e2886621e7a0edbbe225eb4cd690e74c8f436	16393
docs/media/uploads/2021/08/مسابقة-اسعد-17-274x183.jpg	a3ba155a0c0d4a400b65d0c65ec467c16609f62c	16900
docs/media/uploads/2021/08/مسابقة-اسعد-17-300x200.jpg	2c389d378d5a4ef6b97ee588ab107589284f0e0a	19289
docs/media/uploads/2021/08/مسابقة-اسعد-17-333x227.jpg	9d42fc06a3fe59382332f34af20f3e9faa209ae6	23886
docs/media/uploads/2021/08/مسابقة-اسعد-17-347x233.jpg	0f941365e1bc96fb5cf98440775a48af61239781	25499
docs/media/uploads/2021/08/مسابقة-اسعد-17-359x240.jpg	902af0d60868c01baaf07cffc9dc9b9012e79ddf	26428
docs/media/uploads/2021/08/مسابقة-اسعد-17-364x245.jpg	768f19fa8423f9802b0090199153aff22df1af94	27375
docs/media/uploads/2021/08/مسابقة-اسعد-17-367x237.jpg	7282d949faa6e05e712ca6f37b046533513b342e	26600
docs/media/uploads/2021/08/مسابقة-اسعد-17-36x36.jpg	320c58ede26d53c5fbc73d79ca051e1fe30e8e31	1299
docs/media/uploads/2021/08/مسابقة-اسعد-17-546x300.jpg	93199be8f1b4c63f23f298f69c87e9140967382d	44288
docs/media/uploads/2021/08/مسابقة-اسعد-17-546x365.jpg	c97601b0d064cb6e17049dbefbaf4bcbbe444866	52177
docs/media/uploads/2021/08/مسابقة-اسعد-17-576x392.jpg	14dc0734c0a4b6859c49068e64a8852eca60be29	57511
docs/media/uploads/2021/08/مسابقة-اسعد-17-702x432.jpg	ec2ee28c5b1f9a7c760de3393158e7439541421a	70114
docs/media/uploads/2021/08/مسابقة-اسعد-17-765x510.jpg	3f3f84cc8871283bf7e432ab34c8b7311ddf6d61	85688
docs/media/uploads/2021/08/مسابقة-اسعد-17-80x54.jpg	cc428e646592c0fc7fc854fc49bcd186d5694797	2514
docs/media/uploads/2021/08/مسابقة-اسعد-17-81x55.jpg	e92028979c20b39dbdd0d1913b38de8bae7c9584	2636
docs/media/uploads/2021/08/مسابقة-اسعد-17-85x57.jpg	3dee8556446395504691a5e90479590458198bc6	2818
docs/media/uploads/2021/08/مسابقة-اسعد-17.jpg	0f30af2afb18ce325847f94eb56d83405022cf44	111323
docs/media/uploads/2021/08/مسابقة-اسعد-18-112x75.jpg	414d83a91c4790f386204dfd36e60fd219467791	3719
docs/media/uploads/2021/08/مسابقة-اسعد-18-130x87.jpg	38973b8f14b5637cb394afe242256030443c3f5b	4521
docs/media/uploads/2021/08/مسابقة-اسعد-18-150x150.jpg	eddcbf220767a98109a1ef7ee865065e136ce03c	7600
docs/media/uploads/2021/08/مسابقة-اسعد-18-165x109.jpg	445f526102d29083530ba770dfb7f83ae548eca5	6526
docs/media/uploads/2021/08/مسابقة-اسعد-18-170x113.jpg	3c0120d39d9c1aa26b4a13c2f4efafdecf3d3ebe	6929
docs/media/uploads/2021/08/مسابقة-اسعد-18-179x116.jpg	351fe4ea3358c6a2e13b16c4da1bbb9f4f2a4ae3	7439
docs/media/uploads/2021/08/مسابقة-اسعد-18-179x120.jpg	fffc0256d00812870e9d867d28e55dfe33f13856	7406
docs/media/uploads/2021/08/مسابقة-اسعد-18-266x179.jpg	922ba46cd1446d1f6cdcb8e4165082e69b79fac1	14338
docs/media/uploads/2021/08/مسابقة-اسعد-18-274x183.jpg	429b76b8107cc43e321e3ee013807b2fa1e80c70	14684
docs/media/uploads/2021/08/مسابقة-اسعد-18-300x200.jpg	ed69b67232f252ad5c6b51f5d43270f0bf08c0d9	16943
docs/media/uploads/2021/08/مسابقة-اسعد-18-333x227.jpg	29cc307a850a58faa418cf16cdf3841f0053e626	20280
docs/media/uploads/2021/08/مسابقة-اسعد-18-347x233.jpg	debcfa52cf45233742075f850b628f79ad5a8f13	21940
docs/media/uploads/2021/08/مسابقة-اسعد-18-359x240.jpg	3b1f8245507170554060c4be8fea029cb15cd31d	22565
docs/media/uploads/2021/08/مسابقة-اسعد-18-364x245.jpg	50d4fc6d5d65fd94b99f8ec3d3a990ffff0cd1d6	23346
docs/media/uploads/2021/08/مسابقة-اسعد-18-367x237.jpg	2481ace7370378b5e7e064e3f03dd8e669216283	23057
docs/media/uploads/2021/08/مسابقة-اسعد-18-36x36.jpg	bd5517c3a5be30b783525839074de8a40d522937	1223
docs/media/uploads/2021/08/مسابقة-اسعد-18-546x300.jpg	e7f56b88ce27f6358a6517746221e522399a2e31	36585
docs/media/uploads/2021/08/مسابقة-اسعد-18-546x365.jpg	16c81f531125f6f6a3c03b72e1bd30f1552a1fee	42882
docs/media/uploads/2021/08/مسابقة-اسعد-18-576x392.jpg	07e7eb61777423f8b3cf460606749b75fee4a589	46841
docs/media/uploads/2021/08/مسابقة-اسعد-18-702x432.jpg	7cc3c6ad63f266cb895fec18c02f1b4ee731181c	57140
docs/media/uploads/2021/08/مسابقة-اسعد-18-765x510.jpg	70f9461f71f4af05e76abc020786f34b5deea069	68978
docs/media/uploads/2021/08/مسابقة-اسعد-18-80x54.jpg	31429edc623f01a0dd553db786126cd7a0df806f	2307
docs/media/uploads/2021/08/مسابقة-اسعد-18-81x55.jpg	e48c6ff486a9824090f0a9e4d1930079ef149967	2410
docs/media/uploads/2021/08/مسابقة-اسعد-18-85x57.jpg	788bb37f27d6550fbe1bd191e834b52e5c6e8a51	2520
docs/media/uploads/2021/08/مسابقة-اسعد-18.jpg	d51b5da52157bb3b9a2e9f05b6e3c3975650be40	96524
docs/media/uploads/2021/08/مسابقة-اسعد-19-112x75.jpg	30214fdd5e5ac773bb97a5189e2120a32142a228	3586
docs/media/uploads/2021/08/مسابقة-اسعد-19-130x87.jpg	270b9fbd1d9581c47967e6bd1a45c9e269d0a231	4360
docs/media/uploads/2021/08/مسابقة-اسعد-19-150x150.jpg	3afab1559d05883c8d7fa2a65b038fcfd7d2bb0f	7088
docs/media/uploads/2021/08/مسابقة-اسعد-19-165x109.jpg	cab5676436bec00f9ae4b41b2fbb4677faf8b4ff	6019
docs/media/uploads/2021/08/مسابقة-اسعد-19-170x113.jpg	55585260228921420fcc05f1ccc888550678347a	6496
docs/media/uploads/2021/08/مسابقة-اسعد-19-179x116.jpg	e63d171c1a04524b0dfea3175eeb158b1225b422	6826
docs/media/uploads/2021/08/مسابقة-اسعد-19-179x120.jpg	d387e6d3c365080edce94295d8a9a5542f29513c	6771
docs/media/uploads/2021/08/مسابقة-اسعد-19-266x179.jpg	698a4cbda54d05cda03f6b013a52c2f2d6413a9a	12771
docs/media/uploads/2021/08/مسابقة-اسعد-19-274x183.jpg	c4deb254f3c3f2c9f0c4504859f039232482f9a3	13118
docs/media/uploads/2021/08/مسابقة-اسعد-19-300x200.jpg	0233944f7973e3945488bdff36a07e7e606a8b1e	14889
docs/media/uploads/2021/08/مسابقة-اسعد-19-333x227.jpg	46176c697fab05663c25df5ba06d9d9fcaf6eabb	17585
docs/media/uploads/2021/08/مسابقة-اسعد-19-347x233.jpg	5da9c01978e2886ba4339985d105d2374b447866	18828
docs/media/uploads/2021/08/مسابقة-اسعد-19-359x240.jpg	538202abc8151dd5ce6622dbc10d7cb5bed7b252	19322
docs/media/uploads/2021/08/مسابقة-اسعد-19-364x245.jpg	8bf1264d69bc7e1da6f9dcb20b0cee4cd7bc4088	20161
docs/media/uploads/2021/08/مسابقة-اسعد-19-367x237.jpg	17e6b8ba1223f6c58cf385ea31bf767b803ab5ae	19805
docs/media/uploads/2021/08/مسابقة-اسعد-19-36x36.jpg	b46f13c1ee8a83322c1f3773a5b2abac7daeaa25	1265
docs/media/uploads/2021/08/مسابقة-اسعد-19-546x300.jpg	e1bc7393c9447de3ba2f12c04cdc864e129b82ea	31021
docs/media/uploads/2021/08/مسابقة-اسعد-19-546x365.jpg	601c1f7ff125cf53ac05495b33a7c8a0b9334545	36003
docs/media/uploads/2021/08/مسابقة-اسعد-19-576x392.jpg	89e5ee0f578ab083784e0612734f3885ba547ced	38760
docs/media/uploads/2021/08/مسابقة-اسعد-19-702x432.jpg	a7d074bcd121b3e96fe6559903c94df38f1fc3b5	47548
docs/media/uploads/2021/08/مسابقة-اسعد-19-765x510.jpg	47f111ef7b98afcddf1720937169a10f53f4b176	57210
docs/media/uploads/2021/08/مسابقة-اسعد-19-80x54.jpg	4815b38ca1c9768967ea1e1b469357981f773eb5	2313
docs/media/uploads/2021/08/مسابقة-اسعد-19-81x55.jpg	c469f3a2c22176e9d6b3ca93d0d5cd85c08125a7	2391
docs/media/uploads/2021/08/مسابقة-اسعد-19-85x57.jpg	5abdd5e0f82139c77cc237994c2fada2a32633ab	2476
docs/media/uploads/2021/08/مسابقة-اسعد-19.jpg	31192c782fec7311aaa63c385a63394b09269487	82123
docs/media/uploads/2021/08/مسابقة-اسعد-2-112x75.jpg	2cda68600398bbc856ff7451c4707768a37e390b	4196
docs/media/uploads/2021/08/مسابقة-اسعد-2-130x87.jpg	eda9345f9fc3dc45d2cc169e34e80f72a27df183	5350
docs/media/uploads/2021/08/مسابقة-اسعد-2-150x150.jpg	af4cf047e6cea8c5b120d27f40255896b133a073	9013
docs/media/uploads/2021/08/مسابقة-اسعد-2-165x109.jpg	0c0358ded6688ce7e3e090a2585c1e811ee958b6	7834
docs/media/uploads/2021/08/مسابقة-اسعد-2-170x113.jpg	fcd76ef73469a38292975f83cc5d52e485f0200d	8373
docs/media/uploads/2021/08/مسابقة-اسعد-2-179x116.jpg	79483db7d5303c20d1bb70665b1202b3f8af9c6f	8778
docs/media/uploads/2021/08/مسابقة-اسعد-2-179x120.jpg	8b5c206c010c8c6c977566b6bde6b4f923f864c1	8802
docs/media/uploads/2021/08/مسابقة-اسعد-2-266x179.jpg	e671745fb12f1a9374cd943b11ac42f5ffd30d5e	17274
docs/media/uploads/2021/08/مسابقة-اسعد-2-274x183.jpg	7ab88726b6886f0434d42d08a982012f0873d3ee	17812
docs/media/uploads/2021/08/مسابقة-اسعد-2-300x200.jpg	3f648612032a84eeca9113c8f4ab505348b027db	20156
docs/media/uploads/2021/08/مسابقة-اسعد-2-333x227.jpg	bd572fb7a2bebc113e5fa30b5ae3a68168da516a	25249
docs/media/uploads/2021/08/مسابقة-اسعد-2-347x233.jpg	ea87f1d528aaf103eeff754b6f96b8823b5333e8	26828
docs/media/uploads/2021/08/مسابقة-اسعد-2-359x240.jpg	c665b40e86c20eb04fa9bb492846c1750c03ae8d	27652
docs/media/uploads/2021/08/مسابقة-اسعد-2-364x245.jpg	d3a3b865af9041b49bbbf4e0786cd3eebabc67bb	28751
docs/media/uploads/2021/08/مسابقة-اسعد-2-367x237.jpg	eeae4835d520f531e1dac837afab016c95e095df	28197
docs/media/uploads/2021/08/مسابقة-اسعد-2-36x36.jpg	b647e98ca4bbd8ee4e4dccb6d05df6c5247e3187	1349
docs/media/uploads/2021/08/مسابقة-اسعد-2-546x300.jpg	a4decd6946b82c659f89bbad3d193eff862a9253	46506
docs/media/uploads/2021/08/مسابقة-اسعد-2-546x365.jpg	90fe4f4d8c6862437d569aafc6756edae21b6b1d	54866
docs/media/uploads/2021/08/مسابقة-اسعد-2-576x392.jpg	c1084d3f03e3cbdfa13ceb5203d9ce50d9ba7b48	60055
docs/media/uploads/2021/08/مسابقة-اسعد-2-702x432.jpg	260864860852580a2f4e45e7790c56e3da43c691	72846
docs/media/uploads/2021/08/مسابقة-اسعد-2-765x510.jpg	b8dcee8237e63f46244f501d2dc7dc26c0ed947b	89321
docs/media/uploads/2021/08/مسابقة-اسعد-2-80x54.jpg	41b7bfaedd9ff8ef669592ded33fd4b489764de7	2630
docs/media/uploads/2021/08/مسابقة-اسعد-2-81x55.jpg	065ba9a1f9ca4e54cf98abf112d4a9747bbdba38	2762
docs/media/uploads/2021/08/مسابقة-اسعد-2-85x57.jpg	3e65e3975ebd6fc3ca58b0b71f0ac7386c94d111	2885
docs/media/uploads/2021/08/مسابقة-اسعد-2.jpg	575c342f6ac3ae7e904454a029002d90e497ecae	115626
docs/media/uploads/2021/08/مسابقة-اسعد-20-112x75.jpg	014d8eff7faea59c06954ede0c9d70621026d853	3833
docs/media/uploads/2021/08/مسابقة-اسعد-20-130x87.jpg	0e0f53f0b52ce8ceb3631a330f8fc08c98859adb	4907
docs/media/uploads/2021/08/مسابقة-اسعد-20-150x150.jpg	d4f8578d11f278509c48eeeeb7388eb2dd1aafcc	8299
docs/media/uploads/2021/08/مسابقة-اسعد-20-165x109.jpg	d0efcd3b036a74f7215968beb974783236378d53	7184
docs/media/uploads/2021/08/مسابقة-اسعد-20-170x113.jpg	c2e70867ae1289b9fdd92e83b5f6661468d53169	7816
docs/media/uploads/2021/08/مسابقة-اسعد-20-179x116.jpg	17bbabe5da768330b0ae18922dc664d7f4bce2b1	8336
docs/media/uploads/2021/08/مسابقة-اسعد-20-179x120.jpg	880f979b2879c042ca1e8c71b5aea57e21467b18	8288
docs/media/uploads/2021/08/مسابقة-اسعد-20-266x179.jpg	1221f316cf87f838e6866275eba6621e21119276	17110
docs/media/uploads/2021/08/مسابقة-اسعد-20-274x183.jpg	0739f47cd26fd343468b1027c5649fed72a2d0e6	17825
docs/media/uploads/2021/08/مسابقة-اسعد-20-300x200.jpg	72fe0bd35d2accd190e4f3c35169695efafa79ed	20427
docs/media/uploads/2021/08/مسابقة-اسعد-20-333x227.jpg	8f151d30bdda1ca0d1d95653edf8fefe4171a3db	25601
docs/media/uploads/2021/08/مسابقة-اسعد-20-347x233.jpg	f214422a40b3472fcff7e58d7394e19947d4ea57	27438
docs/media/uploads/2021/08/مسابقة-اسعد-20-359x240.jpg	68b10e69bc169453ccbb1baf7c2a7c37d25226fa	28580
docs/media/uploads/2021/08/مسابقة-اسعد-20-364x245.jpg	9eef80052a01dd8ec2c851fdd8955f6ddaa9923c	29680
docs/media/uploads/2021/08/مسابقة-اسعد-20-367x237.jpg	cc6ce9eee498d2022a6509cf320103733a8057a3	29230
docs/media/uploads/2021/08/مسابقة-اسعد-20-36x36.jpg	ae35d7e22266149e34618078a656d0610902ef54	1180
docs/media/uploads/2021/08/مسابقة-اسعد-20-546x300.jpg	df5ac2ae338b2b60a7342ddb03d454a353a75d3e	51331
docs/media/uploads/2021/08/مسابقة-اسعد-20-546x365.jpg	bc7b564171d3ce92aab2b0657bc6853a09905da6	59872
docs/media/uploads/2021/08/مسابقة-اسعد-20-576x392.jpg	c4238667633e4c9afdc75d9cc166f235339939ae	65671
docs/media/uploads/2021/08/مسابقة-اسعد-20-702x432.jpg	f9a502d9c672392233ac8fa0db684a123b14a0c6	82696
docs/media/uploads/2021/08/مسابقة-اسعد-20-765x510.jpg	0540798fa8c010337851fbfaa26c0e8f0c253479	99877
docs/media/uploads/2021/08/مسابقة-اسعد-20-80x54.jpg	40c8499250e8d743b3df6f70b2afb83685dab181	2311
docs/media/uploads/2021/08/مسابقة-اسعد-20-81x55.jpg	53d9ea6296ebb9e5c6ff8040f800a78fd0f34af3	2443
docs/media/uploads/2021/08/مسابقة-اسعد-20-85x57.jpg	18307e8ca42175991045b0e5b432fb4a22482df5	2635
docs/media/uploads/2021/08/مسابقة-اسعد-20.jpg	cf8641bd7d6501951f1c6e18129223d7916e185a	127858
docs/media/uploads/2021/08/مسابقة-اسعد-21-112x75.jpg	ccdfda2431b3d2d73b0520cd49030d9e20de2a2a	4141
docs/media/uploads/2021/08/مسابقة-اسعد-21-130x87.jpg	877f01ce3ada032861e6838a54ef232e97b86984	5148
docs/media/uploads/2021/08/مسابقة-اسعد-21-150x150.jpg	42d4e104e82b86180429a01898d7d04b7544a86f	8431
docs/media/uploads/2021/08/مسابقة-اسعد-21-165x109.jpg	8c7a1e757da4bf50e76d3a0456a1ce21bb4085af	7454
docs/media/uploads/2021/08/مسابقة-اسعد-21-170x113.jpg	a63fb03bed45f5748e7bff5ecabb07b7193df073	7931
docs/media/uploads/2021/08/مسابقة-اسعد-21-179x116.jpg	64afe128681bd7de53f32b97bb0974003378db6f	8358
docs/media/uploads/2021/08/مسابقة-اسعد-21-179x120.jpg	37fbf89ffcb9bd60f856f901a61289a3e8ba4fff	8415
docs/media/uploads/2021/08/مسابقة-اسعد-21-266x179.jpg	11a78af101a395742ba3e415e000c6c811068a4c	16471
docs/media/uploads/2021/08/مسابقة-اسعد-21-274x183.jpg	089996011e70e347b92e7fbe1afa5b631620da67	16952
docs/media/uploads/2021/08/مسابقة-اسعد-21-300x200.jpg	436f442302b4cd0d4a76e67a1e0edb065e06a06b	19474
docs/media/uploads/2021/08/مسابقة-اسعد-21-333x227.jpg	ed00b34dd0eadafadffc5353f27ac825981ca27d	24010
docs/media/uploads/2021/08/مسابقة-اسعد-21-347x233.jpg	87343fedd9473dfcfbd65a890d3aefdf0af4d074	25507
docs/media/uploads/2021/08/مسابقة-اسعد-21-359x240.jpg	bdeaa36b88772dacbdfaf3f1ec5440df61460aac	26355
docs/media/uploads/2021/08/مسابقة-اسعد-21-364x245.jpg	6e0f52caae1e5763aed671b1394405811dec2f5b	27383
docs/media/uploads/2021/08/مسابقة-اسعد-21-367x237.jpg	863ed8d1f26307f2f81924f71afb2ff9d3fde776	26706
docs/media/uploads/2021/08/مسابقة-اسعد-21-36x36.jpg	d977dda0700ec9b8753addf0561e67e516601af8	1341
docs/media/uploads/2021/08/مسابقة-اسعد-21-546x300.jpg	c9390813593da96fd190391813cd7a39bafb0ab0	43353
docs/media/uploads/2021/08/مسابقة-اسعد-21-546x365.jpg	5333a09c0522d99d71c8dc7f26adae63dda67aca	51648
docs/media/uploads/2021/08/مسابقة-اسعد-21-576x392.jpg	bc6478437fb524ca63f5f52eb97d91ec25f4cc4b	56859
docs/media/uploads/2021/08/مسابقة-اسعد-21-702x432.jpg	1b023dda9ca8e43b7b256dc121742f37f7f987df	68964
docs/media/uploads/2021/08/مسابقة-اسعد-21-765x510.jpg	465ff3bd6ac399459c55b8cf060c4bdcffa6b221	84188
docs/media/uploads/2021/08/مسابقة-اسعد-21-80x54.jpg	63e04177c1f07dff0f1facf54ea87748b88954e9	2516
docs/media/uploads/2021/08/مسابقة-اسعد-21-81x55.jpg	cd5f73d315d1b7df042392a4c59dbfcdf3f30625	2641
docs/media/uploads/2021/08/مسابقة-اسعد-21-85x57.jpg	68e65a81078593e9ad194f87d5ba82395c7e96c8	2857
docs/media/uploads/2021/08/مسابقة-اسعد-21.jpg	fe46cf247eff6188d750a9e50b238ec7c9ec5512	109726
docs/media/uploads/2021/08/مسابقة-اسعد-22-112x75.jpg	4ffc0bc458b1a0306ed85b7652a034b679fc0c75	3408
docs/media/uploads/2021/08/مسابقة-اسعد-22-130x87.jpg	cfd5a7327e97d813eaf6f805396ff5ac126af29f	4348
docs/media/uploads/2021/08/مسابقة-اسعد-22-150x150.jpg	8f8f79aa7c5a861d020116fff189e685f322fdaa	7408
docs/media/uploads/2021/08/مسابقة-اسعد-22-165x109.jpg	eb4fd0d2abba0c6a80a0c9f684535c36882c7cd9	6349
docs/media/uploads/2021/08/مسابقة-اسعد-22-170x113.jpg	185e4090be0706e02e289daa8f9535d6d2708282	6710
docs/media/uploads/2021/08/مسابقة-اسعد-22-179x116.jpg	8ad6138927a9f8c5b2d7d809c420ad5e713ca60d	7185
docs/media/uploads/2021/08/مسابقة-اسعد-22-179x120.jpg	0eb033d0ae83d505205f7324ef09e4919ce241f4	7261
docs/media/uploads/2021/08/مسابقة-اسعد-22-266x179.jpg	f097e845751bcd5dfa6a31db8c45134c9805bc0a	14642
docs/media/uploads/2021/08/مسابقة-اسعد-22-274x183.jpg	3c19db28c19df4fb1d8f5eaed290d1c01dfd46b9	15257
docs/media/uploads/2021/08/مسابقة-اسعد-22-300x200.jpg	1a074383f275bf6cb5896f706c4765e77d81b9ef	17662
docs/media/uploads/2021/08/مسابقة-اسعد-22-333x227.jpg	a1cb8566b31d68677850db12068fc58ab373b07d	21945
docs/media/uploads/2021/08/مسابقة-اسعد-22-347x233.jpg	ae20554ecb7a5c3c69b19b23e40e03843e7470f0	23726
docs/media/uploads/2021/08/مسابقة-اسعد-22-359x240.jpg	1a26b8edc3d3c74480909736ed49d96ea6253a2d	24580
docs/media/uploads/2021/08/مسابقة-اسعد-22-364x245.jpg	51b341055e0fc9c22d3ff9e00c56991c6bdcca82	25650
docs/media/uploads/2021/08/مسابقة-اسعد-22-367x237.jpg	7659b9a50f571a5ac7a97293d528c5f1fb0ea7d1	24930
docs/media/uploads/2021/08/مسابقة-اسعد-22-36x36.jpg	dd1d1082940b616911e742514645b76b328875b9	1114
docs/media/uploads/2021/08/مسابقة-اسعد-22-546x300.jpg	be4b058638e92c295f013f7f307f6fc2f824461d	42858
docs/media/uploads/2021/08/مسابقة-اسعد-22-546x365.jpg	4aa14d1a5539b0fc94dd76e45ab681a8a9fa6b13	51788
docs/media/uploads/2021/08/مسابقة-اسعد-22-576x392.jpg	3f344c334132d57bac766727b373b57c3ff4a99e	57354
docs/media/uploads/2021/08/مسابقة-اسعد-22-702x432.jpg	83998cb06179a077b0637b83445b27db9a8e5821	70540
docs/media/uploads/2021/08/مسابقة-اسعد-22-765x510.jpg	1fe16f89bb6a5e9503e70e927390cee51d3de0bb	87269
docs/media/uploads/2021/08/مسابقة-اسعد-22-80x54.jpg	aa6ade7697e5d4337b76766d7fd62393c805b6ea	2108
docs/media/uploads/2021/08/مسابقة-اسعد-22-81x55.jpg	104ec98696cf60956b9fdf73972392ef5d02471b	2206
docs/media/uploads/2021/08/مسابقة-اسعد-22-85x57.jpg	2e55eef6e2f2d24152529eafa1714f0c01f01a18	2317
docs/media/uploads/2021/08/مسابقة-اسعد-22.jpg	69273524102c67c60f4be90c7e5dd7947519d197	112428
docs/media/uploads/2021/08/مسابقة-اسعد-23-112x75.jpg	ba8573ca0a43367fc6be36f306bcfa89c21a4e4a	4082
docs/media/uploads/2021/08/مسابقة-اسعد-23-130x87.jpg	b96507b42f47f2b5e932bd4f55e41f2eaf8db0df	4939
docs/media/uploads/2021/08/مسابقة-اسعد-23-150x150.jpg	1ecea9add2808a66fd4a2dbe75dd164da88599ab	8075
docs/media/uploads/2021/08/مسابقة-اسعد-23-165x109.jpg	25dcc53ae6bf4be30280db23674f5fdd1f9841d7	7044
docs/media/uploads/2021/08/مسابقة-اسعد-23-170x113.jpg	4701c19f0577f20174b8826c701b03baa09897f8	7542
docs/media/uploads/2021/08/مسابقة-اسعد-23-179x116.jpg	37d2766689af4878cbbab32a95d10d0f4e70c6c7	7976
docs/media/uploads/2021/08/مسابقة-اسعد-23-179x120.jpg	e110b872accd96c00546330691f543c6529d3857	8039
docs/media/uploads/2021/08/مسابقة-اسعد-23-266x179.jpg	12a7cb1810b51bbd372f2b75b341d9ec09fc02fa	15798
docs/media/uploads/2021/08/مسابقة-اسعد-23-274x183.jpg	55172fafb5a19f51028e15b64d89d1e70a70727f	16377
docs/media/uploads/2021/08/مسابقة-اسعد-23-300x200.jpg	623c599cf6f0aa6a5e092cd63f06000fa94718e9	18330
docs/media/uploads/2021/08/مسابقة-اسعد-23-333x227.jpg	7c0feb9a9d24b498212aba166dc0f1e97d4e76b8	22450
docs/media/uploads/2021/08/مسابقة-اسعد-23-347x233.jpg	13676cf70f40b35c6ac163d3f72b3f9f367eb655	24048
docs/media/uploads/2021/08/مسابقة-اسعد-23-359x240.jpg	6ed9193c526873adf278307037a81214aa1a97f8	24831
docs/media/uploads/2021/08/مسابقة-اسعد-23-364x245.jpg	5ae645aef838806132503013be4c56e8af8843cc	25863
docs/media/uploads/2021/08/مسابقة-اسعد-23-367x237.jpg	b875bfdba3168b4f600ab73b79b6fbf8efe14aa0	25118
docs/media/uploads/2021/08/مسابقة-اسعد-23-36x36.jpg	9f8852b309e9fa1ca215f8fa66638ecf0bd47402	1295
docs/media/uploads/2021/08/مسابقة-اسعد-23-546x300.jpg	f19e61a6e84ec0c72df56b0113f76fd344b48fa2	40445
docs/media/uploads/2021/08/مسابقة-اسعد-23-546x365.jpg	b891ee4af5b07fe722469fb880fd409fd4a61683	48621
docs/media/uploads/2021/08/مسابقة-اسعد-23-576x392.jpg	6504ccda9a1f46784211946041f4364ad414619e	52378
docs/media/uploads/2021/08/مسابقة-اسعد-23-702x432.jpg	dae417581d2787f7cd648e88866b71c4bb0b8e20	64391
docs/media/uploads/2021/08/مسابقة-اسعد-23-765x510.jpg	25aded9caa3c3309e6450d38d4a2dc017b9aa9d5	78191
docs/media/uploads/2021/08/مسابقة-اسعد-23-80x54.jpg	7dd2a4270057ee509b605011d29b78d16d5cf335	2481
docs/media/uploads/2021/08/مسابقة-اسعد-23-81x55.jpg	f859ade7d3905674f71b5d6f0cfb13587f8bbbea	2559
docs/media/uploads/2021/08/مسابقة-اسعد-23-85x57.jpg	389ca9a4fca2b6ae0b4750944ac4c06e8e873642	2826
docs/media/uploads/2021/08/مسابقة-اسعد-23.jpg	a3a6ce90556e12539babf61c31b709fa428493e2	104950
docs/media/uploads/2021/08/مسابقة-اسعد-24-112x75.jpg	5454620e587a145e0e4574c1e09e869e228aa3a7	4007
docs/media/uploads/2021/08/مسابقة-اسعد-24-130x87.jpg	be830c580bcbc252b3dee9c9961d20bdd553a8da	4905
docs/media/uploads/2021/08/مسابقة-اسعد-24-150x150.jpg	1200926e9e93e454f344668f24fec811acc82bb5	8187
docs/media/uploads/2021/08/مسابقة-اسعد-24-165x109.jpg	f71e5da067739030ab05a0be04d70767ebdbd44b	6882
docs/media/uploads/2021/08/مسابقة-اسعد-24-170x113.jpg	702a1072865022c4619258c9143fb45f0b1f4ddb	7415
docs/media/uploads/2021/08/مسابقة-اسعد-24-179x116.jpg	42d7af8bd07c6eefd0561e0d5c4322dda9f8cb75	7903
docs/media/uploads/2021/08/مسابقة-اسعد-24-179x120.jpg	b117f6688628454424dc100bc9b91445095b7879	7981
docs/media/uploads/2021/08/مسابقة-اسعد-24-266x179.jpg	8fe78184c8cb6f1e84cffb0192b4710a35c454f9	15571
docs/media/uploads/2021/08/مسابقة-اسعد-24-274x183.jpg	1c07ef75335ff89323fe2a7e21bdffd34b3a099c	16179
docs/media/uploads/2021/08/مسابقة-اسعد-24-300x200.jpg	a747437792374e0511451b5e45e747fac2bdc028	18339
docs/media/uploads/2021/08/مسابقة-اسعد-24-333x227.jpg	5760783e1ace7c0af3107d4ff6dfa404a8a859e4	22590
docs/media/uploads/2021/08/مسابقة-اسعد-24-347x233.jpg	51ffae0d8d315a40839206f2347b4b21e5bcfd0e	24210
docs/media/uploads/2021/08/مسابقة-اسعد-24-359x240.jpg	86bbcda1b608d03170ab379c8d603093263abfff	24883
docs/media/uploads/2021/08/مسابقة-اسعد-24-364x245.jpg	a07a4f2ce8cacd1b6e1a9e98b9b203b86d57c85b	25822
docs/media/uploads/2021/08/مسابقة-اسعد-24-367x237.jpg	1d858a7be6586bf0716cd9ec4ca74778d8c0d415	25572
docs/media/uploads/2021/08/مسابقة-اسعد-24-36x36.jpg	d6fc7067cf6300e69ed4f0c9c0c39824372a8c83	1270
docs/media/uploads/2021/08/مسابقة-اسعد-24-546x300.jpg	61bc1e1920d73d386e2d1ea65568ea0eaa2829e3	42015
docs/media/uploads/2021/08/مسابقة-اسعد-24-546x365.jpg	44250beb649b058143e2baefdaf6a8fce6876f53	49697
docs/media/uploads/2021/08/مسابقة-اسعد-24-576x392.jpg	136f5ebf7d02b6613dd3f9075ffb9d6b237cd4cf	54592
docs/media/uploads/2021/08/مسابقة-اسعد-24-702x432.jpg	90e1d4a4d680b4c66bb6d90df762128f70eb152b	66671
docs/media/uploads/2021/08/مسابقة-اسعد-24-765x510.jpg	ae4e8bff5666e40e9050d149c63f5c3a5aac489f	81411
docs/media/uploads/2021/08/مسابقة-اسعد-24-80x54.jpg	933128210d3291bf8fa8cf8589fa329be092d4ce	2456
docs/media/uploads/2021/08/مسابقة-اسعد-24-81x55.jpg	de54965cb08abcf259dce8d7be9f9c81703ab8f8	2543
docs/media/uploads/2021/08/مسابقة-اسعد-24-85x57.jpg	0efc04f18085b0b3a6625713ddcd7e75a67acb3b	2684
docs/media/uploads/2021/08/مسابقة-اسعد-24.jpg	0c4b242da5ca853e465e5b984316a4a2fe791a24	107496
docs/media/uploads/2021/08/مسابقة-اسعد-3-112x75.jpg	243c4a25524d328b9fcc61305bd257062d533a57	4286
docs/media/uploads/2021/08/مسابقة-اسعد-3-130x87.jpg	9b4eb31ae5cc17dc77465102cebf5cd89879a356	5375
docs/media/uploads/2021/08/مسابقة-اسعد-3-150x150.jpg	d6579bdff0d0efa6947cb0bd78bc8e4bbbead6da	9262
docs/media/uploads/2021/08/مسابقة-اسعد-3-165x109.jpg	4d170981221836917398740bfa7e6098f087eadb	7799
docs/media/uploads/2021/08/مسابقة-اسعد-3-170x113.jpg	9a522888f59bf484c26e828707ae6807907d08e8	8107
docs/media/uploads/2021/08/مسابقة-اسعد-3-179x116.jpg	8a582f937f8253c0b6e529abfeb829e2a7daddc1	8679
docs/media/uploads/2021/08/مسابقة-اسعد-3-179x120.jpg	1f97563f502b29aa5b575ef7912c09052792525b	8871
docs/media/uploads/2021/08/مسابقة-اسعد-3-266x179.jpg	c050673f366f856f789e7fa19794af85206bca8b	17155
docs/media/uploads/2021/08/مسابقة-اسعد-3-274x183.jpg	b46e07d2b03ff9cfca96a1d2410ae3f506693350	17546
docs/media/uploads/2021/08/مسابقة-اسعد-3-300x200.jpg	811c945ce809132901431c386f2b0beb7596ef0e	20147
docs/media/uploads/2021/08/مسابقة-اسعد-3-333x227.jpg	0b17ef3782dc2914fb9575d320196a669f2f65f1	24363
docs/media/uploads/2021/08/مسابقة-اسعد-3-347x233.jpg	3de2ea6e12b885fa6444e53b99fc01e4e7e51f0b	26413
docs/media/uploads/2021/08/مسابقة-اسعد-3-359x240.jpg	0cc734c29646bcd1c864e16b6aff5976f0d0b0a4	27571
docs/media/uploads/2021/08/مسابقة-اسعد-3-364x245.jpg	2a8200152b709081dc208a4d7e068a95a93ee053	28715
docs/media/uploads/2021/08/مسابقة-اسعد-3-367x237.jpg	9ca9354847cc02de727ff5d39f7ea5589320f148	27696
docs/media/uploads/2021/08/مسابقة-اسعد-3-36x36.jpg	0ac89c857ce04e689fe412886ca53f7ef32030d6	1358
docs/media/uploads/2021/08/مسابقة-اسعد-3-546x300.jpg	14acf7c829325d6ebbe9ec5e0b60d21518b183c7	44512
docs/media/uploads/2021/08/مسابقة-اسعد-3-546x365.jpg	0fc32ec292c25a1d0dd9e8019265bd04c3b239d6	53415
docs/media/uploads/2021/08/مسابقة-اسعد-3-576x392.jpg	0cc558204f7dd484c7bb617dc4646106ec4bdeeb	58605
docs/media/uploads/2021/08/مسابقة-اسعد-3-702x432.jpg	93144bc621bf9aef1bec02e64231f01d9f2a9890	69872
docs/media/uploads/2021/08/مسابقة-اسعد-3-765x510.jpg	3c816398a7b1b0930fb674b1f05913d23f07de64	87221
docs/media/uploads/2021/08/مسابقة-اسعد-3-80x54.jpg	a0796982db30ddc12d7f4792dc1d70f36754feee	2604
docs/media/uploads/2021/08/مسابقة-اسعد-3-81x55.jpg	595dfc78de75923952a8c95e338e68cb7409c91c	2694
docs/media/uploads/2021/08/مسابقة-اسعد-3-85x57.jpg	0ea8edca8b4d853540434ec260fb8ebeab680e6d	2949
docs/media/uploads/2021/08/مسابقة-اسعد-3.jpg	46d63928b1071fce3b317e2bd1ed1e6507b090ed	113703
docs/media/uploads/2021/08/مسابقة-اسعد-4-112x75.jpg	857639da4cf5f97be34371653cd0ae64f461ea1c	4156
docs/media/uploads/2021/08/مسابقة-اسعد-4-130x87.jpg	094ecb85c1dfcc3f3af5eeb5d1d3ac996d511139	5140
docs/media/uploads/2021/08/مسابقة-اسعد-4-150x150.jpg	704f7ceb15c2cc0f1c276d056072616fb3378b35	9022
docs/media/uploads/2021/08/مسابقة-اسعد-4-165x109.jpg	311abfa10e81874e20893b5694a30921ea7b2a0d	7392
docs/media/uploads/2021/08/مسابقة-اسعد-4-170x113.jpg	ecb74a591365e8d92e6688179bf2332db03e17c3	7890
docs/media/uploads/2021/08/مسابقة-اسعد-4-179x116.jpg	577cf53e05d7bcde42c58d1d682d63ea71382006	8377
docs/media/uploads/2021/08/مسابقة-اسعد-4-179x120.jpg	59b8c72f82457ce0271599b5915bbe6a28c6ec67	8375
docs/media/uploads/2021/08/مسابقة-اسعد-4-266x179.jpg	8ba8f907f5f4db9f4688adf8567ea7a00c0db0ed	16881
docs/media/uploads/2021/08/مسابقة-اسعد-4-274x183.jpg	0f116a4acdbd62243678670d501972ccf03f0d3f	17305
docs/media/uploads/2021/08/مسابقة-اسعد-4-300x200.jpg	90e8506a37ca90d4a9dbe0cd99f60e839e120e36	20063
docs/media/uploads/2021/08/مسابقة-اسعد-4-333x227.jpg	08cb9b40c928e443668d8e1b3ab012c13e20c37c	24487
docs/media/uploads/2021/08/مسابقة-اسعد-4-347x233.jpg	363196be8bf7f1601a24b8a127a7ff3c564de531	26448
docs/media/uploads/2021/08/مسابقة-اسعد-4-359x240.jpg	2a357b349f52f0b34ee538598b0242b0f747bce1	27327
docs/media/uploads/2021/08/مسابقة-اسعد-4-364x245.jpg	a635f720196c0ad2cd59009800643c1978a74f83	28419
docs/media/uploads/2021/08/مسابقة-اسعد-4-367x237.jpg	e10e3e689daf98ded8f8f1000003c003de24b508	27622
docs/media/uploads/2021/08/مسابقة-اسعد-4-36x36.jpg	c3ae88dd9ed10cf8ca55eaca8d6334c42dce98c2	1347
docs/media/uploads/2021/08/مسابقة-اسعد-4-546x300.jpg	f923216721a66335c0f711a48c023d9788110fa6	46176
docs/media/uploads/2021/08/مسابقة-اسعد-4-546x365.jpg	823de8e6b869735326222cbf1760cc27dd7d9670	55066
docs/media/uploads/2021/08/مسابقة-اسعد-4-576x392.jpg	a1596e61d00ec9095509cece3fc01162253d9529	60701
docs/media/uploads/2021/08/مسابقة-اسعد-4-702x432.jpg	e4492bc8c9a1513b3f7873c08da40cad10445cc3	73412
docs/media/uploads/2021/08/مسابقة-اسعد-4-765x510.jpg	27fb6a06cd16efdd98eb79408bff21d8a9625486	90605
